id,unit_id,type,role,related_main_id,prompt,options,correct_index,image,audio,explanation
1001,1,true_false,preview,1002,Officials review your application before approving citizenship.,,true,,,
1002,1,multi_select,main,,What do officials check when you apply?,Status|Not prohibited|Requirements met|Your salary,0|1|2,,,"Officials check your status, that you're not prohibited from applying, and that you meet the requirements."
1003,1,true_false,exercise,1002,Officials check if you're prohibited from applying.,,true,,,
1004,1,true_false,exercise,1002,Applying skips every eligibility check.,,false,,,
1005,1,select_blank,exercise,1002,Officials verify you meet all ___.,requirements|holidays|hobbies|debts,0,,,
1006,1,multiple_choice,exercise,1002,What might block your application?,Being prohibited|Shoe size|Your horoscope|Pet's name,0,,,
1007,1,true_false,exercise,1002,Applying for citizenship involves zero checks.,,false,,,
1008,1,true_false,preview,1009,Your citizenship application can take months.,,true,,,
1009,1,select_blank,main,,Your application may take several ___.,months|days|hours|minutes,0,,,Processing an application can take several months from start to finish.
1010,1,true_false,exercise,1009,Applications are usually processed within one day.,,false,,,
1011,1,multiple_choice,exercise,1009,About how long can processing take?,Several months|One week|One day|Ten years,0,,,
1012,1,select_blank,exercise,1009,Processing can take several ___.,months|seconds|minutes|hours,0,,,
1013,1,true_false,exercise,1009,Processing time is always instant.,,false,,,
1014,1,true_false,preview,1015,You must give the Call Centre your address.,,true,,,
1015,1,select_blank,main,,Keep the Call Centre updated with your ___.,address|passport|photo|salary,0,,,"While your application is processed, the Call Centre must always have your correct address."
1016,1,true_false,exercise,1015,Address updates matter while your application processes.,,true,,,
1017,1,multiple_choice,exercise,1015,Who should have your current address?,Call Centre|Your employer|Your landlord|Your school,0,,,
1018,1,true_false,exercise,1015,You can ignore address changes during processing.,,false,,,
1019,1,select_blank,exercise,1015,Call Centre phone numbers are listed on ___.,page 54|page 6|page 100|page 1,0,,,Telephone numbers for the Call Centre are printed on page 54 of the guide.
1020,1,true_false,preview,1021,Studying this guide helps you prepare.,,true,,,
1021,1,multi_select,main,,Which are recommended ways to prepare?,Study guide|With family|Local classes|Language classes|Skip studying,0|1|2|3,,,"The guide recommends studying it, practicing with a friend or family member, contacting local citizenship classes, and taking free government language classes."
1022,1,true_false,exercise,1021,A friend can help you practice questions.,,true,,,
1023,1,multiple_choice,exercise,1021,Where can you ask about citizenship classes?,Community centre|Grocery store|Movie theater|Gas station,0,,,
1024,1,true_false,exercise,1021,The government offers free language classes.,,true,,,
1025,1,select_blank,exercise,1021,You should ___ this guide to prepare.,study|ignore|sell|hide,0,,,
1026,1,true_false,exercise,1021,Local schools can share citizenship class info.,,true,,,
1027,1,multiple_choice,exercise,1021,Which languages get free government classes?,English/French|Spanish/German|Mandarin/Hindi|Arabic/Farsi,0,,,
1028,1,true_false,preview,1029,The citizenship test is usually written.,,true,,,
1029,1,multiple_choice,main,,What form can the citizenship test take?,Written/interview|Only written|Oral exam|Group discussion,0,,,The test is usually written but could instead be given as an interview.
1030,1,true_false,exercise,1029,The test could be an interview instead.,,true,,,
1031,1,true_false,exercise,1029,The test is always a group discussion.,,false,,,
1032,1,multiple_choice,exercise,1029,Which is the test usually given as?,Written test|Video call|Group project|Home visit,0,,,
1033,1,true_false,exercise,1029,An interview format is possible for the test.,,true,,,
1034,1,true_false,preview,1035,The test checks your knowledge of Canada.,,true,,,
1035,1,multi_select,main,,What two things does the test assess?,Canada knowledge|Language ability|Your income|Job skills,0|1,,,"The test checks two things: your knowledge of Canada's rights and responsibilities, and your knowledge of English or French."
1036,1,true_false,exercise,1035,The test checks your language ability too.,,true,,,
1037,1,multiple_choice,exercise,1035,"Besides Canada knowledge, what else is tested?",Language ability|Cooking skill|Driving skill|Sports ability,0,,,
1038,1,true_false,exercise,1035,The test assesses rights and responsibilities knowledge.,,true,,,
1039,1,select_blank,exercise,1035,The test checks Canada knowledge and ___.,language ability|your salary|your car|your pet,0,,,
1040,1,true_false,preview,1041,Some older applicants skip the written test.,,true,,,
1041,1,select_blank,main,,Applicants ___ and older skip the test.,55|18|65|100,0,,,Adult applicants 55 years of age and over do not need to write the citizenship test.
1042,1,true_false,exercise,1041,Adults 55 and up must still write the test.,,false,,,
1043,1,multiple_choice,exercise,1041,What age exempts you from the test?,55+|Under 18|Exactly 30|Exactly 40,0,,,
1044,1,true_false,exercise,1041,The age exemption applies to applicants under 55.,,false,,,
1045,1,select_blank,exercise,1041,Adults 55 or older ___ write the test.,needn't|must|can never|always,0,,,
1046,1,true_false,exercise,1041,The test age exemption starts at 55.,,true,,,
1047,1,true_false,preview,1048,Test questions follow the Citizenship Regulations.,,true,,,
1048,1,select_blank,main,,Test questions come from the Citizenship ___.,Regulations|Newspaper|Constitution only|Internet,0,,,All citizenship test questions are based on the subject areas noted in the Citizenship Regulations.
1049,1,true_false,exercise,1048,All required test info appears in this guide.,,true,,,
1050,1,multiple_choice,exercise,1048,Where is all required test info found?,Study guide|News site|A blog|A textbook,0,,,
1051,1,true_false,exercise,1048,Test questions can include random outside topics.,,false,,,
1052,1,true_false,exercise,1048,Knowledge-of-Canada details appear on page 64.,,true,,,Information about how the knowledge-of-Canada requirement is determined appears on page 64 of the guide.
1053,1,true_false,preview,1054,Passing the test gets you a notice.,,true,,,
1054,1,multiple_choice,main,,What do you get after passing?,Notice-to-Appear|Cash reward|New passport|Free flight,0,,,"If you pass the test and meet all other requirements, you receive a Notice to Appear to Take the Oath of Citizenship."
1055,1,true_false,exercise,1054,The notice lists your ceremony date and place.,,true,,,
1056,1,select_blank,exercise,1054,The notice invites you to take the ___.,Citizenship Oath|driving test|language exam|medical exam,0,,,
1057,1,true_false,exercise,1054,The notice also states the ceremony time.,,true,,,
1058,1,multiple_choice,exercise,1054,What does the Notice to Appear announce?,Ceremony details|Tax bill|Job offer|School enrollment,0,,,
1059,1,true_false,preview,1060,"At the ceremony, you take the oath.",,true,p06-oath-woman.jpeg,,
1060,1,order,main,,Order the steps at your ceremony.,Take the Oath|Sign the oath form|Receive your Certificate,,p06-judge-mountie.jpeg,,"At the ceremony you take the Oath of Citizenship, sign the oath form, and receive your Canadian Citizenship Certificate."
1061,1,true_false,exercise,1060,You sign the oath form at the ceremony.,,true,p06-oath-group.jpeg,,
1062,1,true_false,exercise,1060,You receive a Citizenship Certificate at the ceremony.,,true,,,
1063,1,multiple_choice,exercise,1060,What do you sign at the ceremony?,Oath form|Rental lease|Loan form|Job contract,0,,,
1064,1,true_false,exercise,1060,You skip signing anything at the ceremony.,,false,,,
1065,1,multiple_choice,exercise,1060,What do you receive at the ceremony?,Citizenship Certificate|Passport photo|Driver's license|Health card,0,p06-oath-boy.jpeg,,
1066,1,true_false,preview,1067,Not passing still gets you a notification.,,true,,,
1067,1,multiple_choice,main,,What happens if you fail?,Next steps|Deportation|Nothing|Re-test,0,,,"If you do not pass the test, you receive a notification indicating the next steps."
1068,1,multiple_choice,exercise,1067,What happens if you don't pass?,Next-step notice|Instant deportation|Nothing happens|Automatic re-test,0,,,
1069,1,true_false,exercise,1067,Failing the test ends the process immediately.,,false,,,
1070,1,true_false,exercise,1067,You receive guidance on what to do next.,,true,,,
1071,1,true_false,preview,1072,Family and friends can join your ceremony.,,true,,,
1072,1,multiple_choice,main,,Who can you bring to your ceremony?,Family/friends|No one|Strangers only|Inspectors only,0,p06-family-ceremony.jpeg,,You are encouraged to bring your family and friends to celebrate your citizenship ceremony.
1073,1,true_false,exercise,1072,The ceremony is meant to be celebrated together.,,true,,,
1074,1,multiple_choice,exercise,1072,Who can you invite to the ceremony?,Family/friends|Only strangers|No one|Government inspectors,0,p06-boy-flags.jpeg,,
1075,1,true_false,exercise,1072,Friends are not allowed at the ceremony.,,false,,,
2001,2,true_false,preview,2002,Magna Carta was signed in England in 1215.,,true,,,
2002,2,multiple_choice,main,,"Magna Carta, signed in 1215, is also called the:",Great Charter|English Bill|Criminal Code,0,,,"Also known as the Great Charter of Freedoms, signed in England in 1215."
2003,2,true_false,exercise,2002,Magna Carta was signed in France.,,false,,,"It was signed in England, in 1215."
2004,2,select_blank,exercise,2002,Magna Carta dates back to ___.,1215|1867|1982,0,,,
2005,2,multiple_choice,exercise,2002,Magna Carta secures Canada's tradition of:,Ordered liberty|Free trade|Bilingualism,0,,,
2006,2,true_false,exercise,2002,Magna Carta is also called the Great Charter of Freedoms.,,true,,,
2007,2,multiple_choice,exercise,2002,Where was Magna Carta signed?,England|France|Canada,0,,,
2008,2,true_false,preview,2009,Habeas corpus lets you challenge unlawful detention.,,true,,,
2009,2,multiple_choice,main,,Habeas corpus is the right to:,Challenge detention|Election voting|Own property,0,,,It comes from English common law and lets someone challenge unlawful detention by the state.
2010,2,select_blank,exercise,2009,Habeas corpus comes from English ___ law.,common|criminal|civil,0,,,
2011,2,true_false,exercise,2009,Habeas corpus comes from the Civil Code of France.,,false,,,"It comes from English common law, not the Civil Code of France."
2012,2,multiple_choice,exercise,2009,Habeas corpus protects against:,Unlawful detention|Unfair taxes|Job loss,0,,,
2013,2,true_false,exercise,2009,Habeas corpus is one of the Charter's four freedoms.,,false,,,"It comes from English common law, separate from the Charter's four fundamental freedoms."
2014,2,true_false,preview,2015,The Charter of Rights and Freedoms became law in 1982.,,true,,,
2015,2,multiple_choice,main,,The Canadian Charter of Rights and Freedoms began in:,1982|1867|1215,0,p08-7.jpeg,,The Constitution of Canada was amended in 1982 to entrench the Charter.
2016,2,select_blank,exercise,2015,The Charter was added to the ___ of Canada.,Constitution|Criminal Code|Passport Act,0,,,
2017,2,true_false,exercise,2015,The Charter both summarizes freedoms and sets out rights.,,true,,,
2018,2,multiple_choice,exercise,2015,The Charter's home document is the:,Canada's Constitution|Immigration Act|Criminal Code,0,,,
2019,2,true_false,exercise,2015,Queen Elizabeth II proclaimed the amended Constitution in 1982.,,true,,,This historic 1982 signing entrenched the Charter of Rights and Freedoms.
2020,2,order,exercise,2015,Order these rights milestones from earliest to latest.,Magna Carta signed|Habeas corpus adopted|Charter of Rights entrenched,,,,
2021,2,select_blank,preview,2022,Charter's opening line: founded on the supremacy of ___.,God|Parliament|Money,0,,,
2022,2,multiple_choice,main,,Charter's opening phrase highlights supremacy of God and the:,Rule-of-law|Free market|Monarchy,0,,,"The Charter begins: ""Whereas Canada is founded upon principles that recognize the supremacy of God and the rule of law."""
2023,2,true_false,exercise,2022,The Charter's opening words mention the rule of law.,,true,,,
2024,2,true_false,exercise,2022,The opening phrase highlights religious traditions' importance to Canada.,,true,,,
2025,2,multiple_choice,exercise,2022,The Charter's opening phrase underlines the dignity of:,Human person|The Parliament|The provinces,0,,,
2026,2,select_blank,exercise,2022,No person or group is above the ___.,law|Parliament|King,0,,,
2027,2,true_false,preview,2028,Freedom of conscience and religion is a fundamental freedom.,,true,,,
2028,2,multiple_choice,main,,Which fundamental freedom protects religious belief?,Religious freedom|Association freedom|Mobility rights,0,,,
2029,2,true_false,exercise,2028,Freedom of conscience and religion is centuries old.,,true,,,
2030,2,multiple_choice,exercise,2028,Freedom of conscience and religion is a:,Fundamental freedom|Mobility right|Language right,0,,,
2031,2,select_blank,exercise,2028,Canadians have freedom of conscience and ___.,religion|taxation|residence,0,,,
2032,2,true_false,exercise,2028,Freedom of religion was invented by the 1982 Charter.,,false,,,"It is part of an 800-year tradition the Charter summarizes, not a 1982 invention."
2033,2,true_false,preview,2034,Freedom of expression includes freedom of speech and press.,,true,,,
2034,2,multiple_choice,main,,"Freedom of thought, belief, opinion and expression includes:",Speech/press|Voting only|Jury duty,0,,,
2035,2,multi_select,exercise,2034,Which are covered by freedom of expression?,Speech|Press|Opinion|Jury duty,0|1|2,,,
2036,2,true_false,exercise,2034,Freedom of the press is part of freedom of expression.,,true,,,
2037,2,select_blank,exercise,2034,Freedom of ___ includes speech and the press.,expression|association|mobility,0,,,
2038,2,true_false,exercise,2034,Freedom of thought and belief is a fundamental freedom.,,true,,,
2039,2,true_false,preview,2040,Freedom of peaceful assembly lets Canadians gather peacefully.,,true,,,
2040,2,multiple_choice,main,,Freedom of peaceful assembly protects the right to:,Gather peacefully|Vote abroad|Jury service,0,,,
2041,2,true_false,exercise,2040,Freedom of peaceful assembly is a fundamental freedom.,,true,,,
2042,2,multiple_choice,exercise,2040,Peaceful assembly means Canadians can:,Meet/gather|Skip jury|Avoid taxes,0,,,
2043,2,select_blank,exercise,2040,Freedom of peaceful ___ is a fundamental freedom.,assembly|taxation|migration,0,,,
2044,2,true_false,preview,2045,Freedom of association lets Canadians join groups freely.,,true,,,
2045,2,multiple_choice,main,,Freedom of association protects the right to:,Join groups|Vote twice|Skip trials,0,,,
2046,2,true_false,exercise,2045,Freedom of association is a fundamental freedom.,,true,,,
2047,2,select_blank,exercise,2045,Freedom of ___ lets people form and join groups.,association|expression|mobility,0,,,
2048,2,multiple_choice,exercise,2045,Which is one of Canada's four fundamental freedoms?,Association|Free tuition|Free housing,0,,,
2049,2,true_false,preview,2050,Canada has four fundamental freedoms in its rights tradition.,,true,,,
2050,2,multi_select,main,,Which are among Canada's four fundamental freedoms?,Conscience/religion|Thought/expression|Peaceful assembly|Passport rights,0|1|2,,,
2051,2,match_pairs,exercise,2050,Match each fundamental freedom to what it protects.,Conscience and religion↔Personal belief and worship|Thought and expression↔Speech and the press|Peaceful assembly↔Gathering in groups|Association↔Joining organizations,,,,
2052,2,categorize,exercise,2050,Sort each item into its correct category.,Freedom of association↔Fundamental Freedom|Freedom of religion↔Fundamental Freedom|Mobility rights↔Charter Right|Official language rights↔Charter Right,,,,
2053,2,true_false,exercise,2050,Freedom of association is one of the four fundamental freedoms.,,true,,,
2054,2,true_false,preview,2055,Mobility rights let Canadians live anywhere in Canada.,,true,,,
2055,2,multi_select,main,,Which are part of Mobility Rights?,Live anywhere|Leave freely|Get passport|Vote anywhere,0|1|2,,,
2056,2,true_false,exercise,2055,Mobility rights include applying for a passport.,,true,,,
2057,2,select_blank,exercise,2055,Canadians can live and work ___ in Canada.,anywhere|nowhere|Ottawa only,0,,,
2058,2,true_false,exercise,2055,Mobility rights let Canadians enter and leave the country freely.,,true,,,
2059,2,multiple_choice,exercise,2055,Mobility Rights are found in the:,The Charter|Criminal Code|Immigration Act,0,,,
2060,2,true_false,exercise,2055,Mobility rights restrict Canadians to one province.,,false,,,
2061,2,image_choice,exercise,2055,Which icon best represents Mobility Rights?,Passport:document-outline|Handcuffs:lock-closed-outline|Ballot box:checkbox-outline,0,,,
2062,2,true_false,preview,2063,The Charter protects Aboriginal peoples' treaty rights.,,true,,,
2063,2,multiple_choice,main,,The Charter's guarantee for Aboriginal Peoples' Rights means it:,Keeps rights|Removes rights|Replaces treaties,0,,,
2064,2,true_false,exercise,2063,Aboriginal Peoples' Rights are named in the Charter.,,true,,,
2065,2,select_blank,exercise,2063,The Charter won't reduce Aboriginal treaty or other ___.,rights|taxes|borders,0,,,
2066,2,true_false,exercise,2063,The Charter cancels all Aboriginal treaty rights.,,false,,,
2067,2,multiple_choice,exercise,2063,Aboriginal Peoples' Rights protect:,Treaty rights|Passport rules|Jury duty,0,,,
2068,2,true_false,preview,2069,French and English have equal status in Parliament.,,true,,,
2069,2,multiple_choice,main,,Official Language Rights give equal status to:,French/English|French only|English only,0,,,
2070,2,true_false,exercise,2069,Official Language Rights apply throughout the Canadian government.,,true,,,
2071,2,select_blank,exercise,2069,Canada's two official languages are French and ___.,English|Spanish|Mandarin,0,,,
2072,2,multiple_choice,exercise,2069,Minority Language Educational Rights concern:,Minority schooling|Passport fees|Jury selection,0,,,
2073,2,true_false,exercise,2069,English and French have equal status only in Quebec.,,false,,,
2074,2,true_false,preview,2075,Multiculturalism is a fundamental part of Canadian identity.,,true,,,
2075,2,multiple_choice,main,,Multiculturalism in Canada means Canadians:,Celebrate diversity|Must assimilate|Ignore cultures,0,p08-5.jpeg,,
2076,2,true_false,exercise,2075,Canadians work hard to respect pluralism and live in harmony.,,true,,,
2077,2,select_blank,exercise,2075,Multiculturalism is a characteristic of Canadian heritage and ___.,identity|law|geography,0,,,
2078,2,multiple_choice,exercise,2075,The Charter lists multiculturalism as a:,Key right|Minor detail|Foreign concept,0,,,
2079,2,true_false,preview,2080,Canada has no compulsory military service.,,true,,,
2080,2,multi_select,main,,How can Canadians serve in Canada's defence?,Regular Forces|Reserves/militia|Cadets program|Mandatory draft,0|1|2,p09-1.jpeg,,
2081,2,true_false,exercise,2080,"Canadians can join the navy, army, or air force.",,true,,,
2082,2,select_blank,exercise,2080,Young people learn discipline and skills through ___.,cadets|customs|jury duty,0,,,
2083,2,multiple_choice,exercise,2080,"Besides the military, Canadians can serve their community as:",Police/firefighters|Foreign soldiers|Nothing else,0,,,
2084,2,true_false,exercise,2080,Canada requires all citizens to complete military service.,,false,,,
2085,2,true_false,exercise,2080,Members of the Canadian Forces greet each other in service.,,true,p09-2.jpeg,,
2086,2,media_card,exercise,2080,This uniform belongs to the Canadian:,Air Force|Coast Guard|Police,0,p09-3.jpeg,,
2087,2,true_false,preview,2088,Men and women are equal under Canadian law.,,true,,,
2088,2,multiple_choice,main,,Canadian law treats men and women as:,Fully equal|Unequal|Separate classes,0,,,
2089,2,true_false,exercise,2088,Canada's criminal laws punish spousal abuse severely.,,true,,,
2090,2,multi_select,exercise,2088,Which practices does Canadian law punish severely?,Forced marriage|Honour killings|Voting|Genital mutilation,0|1|3,,,
2091,2,select_blank,exercise,2088,Canada's openness does not extend to ___ cultural practices.,barbaric|diverse|modern,0,,,
2092,2,true_false,exercise,2088,Gender-based violence is tolerated under Canadian law.,,false,,,
2093,2,true_false,preview,2094,Obeying the law is a citizenship responsibility.,,true,,,
2094,2,multiple_choice,main,,Obeying the law means no person or group is:,Above law|Vote-exempt|Must serve,0,,,
2095,2,true_false,exercise,2094,"Individuals and governments are regulated by laws, not arbitrary actions.",,true,,,
2096,2,select_blank,exercise,2094,Obeying the law is a citizenship ___.,responsibility|hobby|privilege only,0,,,
2097,2,multiple_choice,exercise,2094,The rule of law is a founding principle of:,Canada|One province|No government,0,,,
2098,2,true_false,preview,2099,Taking care of your family is a citizenship responsibility.,,true,,,
2099,2,multiple_choice,main,,Taking responsibility for oneself and family includes:,Finding work|Avoiding work|Others' support,0,,,
2100,2,true_false,exercise,2099,Work contributes to personal dignity and self-respect.,,true,,,
2101,2,select_blank,exercise,2099,Working hard contributes to Canada's ___.,prosperity|isolation|debt,0,,,
2102,2,multiple_choice,exercise,2099,Self-reliance in Canada reflects important:,Canadian values|Foreign customs|Legal loopholes,0,,,
2103,2,true_false,preview,2104,Citizens must serve on a jury when called.,,true,,,
2104,2,multiple_choice,main,,Serving on a jury when called is:,Legally required|Optional|Lawyers only,0,,,
2105,2,true_false,exercise,2104,Impartial juries made up of citizens make justice work.,,true,,,
2106,2,select_blank,exercise,2104,Jury service is a ___ that supports justice.,privilege|punishment|business,0,,,
2107,2,multiple_choice,exercise,2104,Jury duty depends on citizens being:,Impartial|Wealthy|Lawyers,0,,,
2108,2,true_false,preview,2109,The right to vote comes with a responsibility.,,true,,,
2109,2,multiple_choice,main,,Citizens are responsible for voting in:,All levels|Federal only|No elections,0,,,
2110,2,true_false,exercise,2109,"Voting is a citizenship responsibility, not just a right.",,true,,,
2111,2,select_blank,exercise,2109,"Voting applies to federal, provincial, and ___ elections.",local|foreign|no,0,,,
2112,2,multiple_choice,exercise,2109,Which elections does the voting responsibility cover?,All levels|School only|Party only,0,,,
2113,2,true_false,preview,2114,Millions of Canadians volunteer to help others.,,true,,,
2114,2,multiple_choice,main,,Helping others in the community can include:,Food banks|Refusing help|Ignoring neighbours,0,p09-4.jpeg,,
2115,2,true_false,exercise,2114,Volunteering helps newcomers integrate into Canada.,,true,,,
2116,2,select_blank,exercise,2114,Volunteering helps you gain skills and develop ___.,friends/contacts|debt|paperwork,0,,,
2117,2,multiple_choice,exercise,2114,Assisting at your child's school is an example of:,Helping others|Jury duty|Mobility rights,0,,,
2118,2,true_false,preview,2119,Every citizen helps protect Canada's environment.,,true,,,
2119,2,multiple_choice,main,,Protecting heritage and environment means avoiding:,Waste/pollution|Voting|Jury duty,0,p09-6.jpeg,,
2120,2,true_false,exercise,2119,"Canadians should protect natural, cultural, and architectural heritage.",,true,,,
2121,2,select_blank,exercise,2119,Protecting heritage benefits ___ generations.,future|no|only past,0,,,
2122,2,multiple_choice,exercise,2119,This responsibility protects Canada's:,Natural heritage|Its borders|Its economy,0,,,
3001,3,select_blank,preview,3002,"Canada's founding peoples are Aboriginal, French, and ___.",British|Spanish|Dutch|Russian,0,,,
3002,3,multi_select,main,,Which are Canada's three founding peoples?,Aboriginal|French|British|Spanish,0|1|2,,,"Canada's identity rests on three founding peoples: Aboriginal, French, and British."
3003,3,true_false,exercise,3002,French people are one of Canada's founding peoples.,,true,,,
3004,3,true_false,exercise,3002,Spanish settlers are one of Canada's founding peoples.,,false,,,Spanish settlers are not one of Canada's three founding peoples.
3005,3,multiple_choice,exercise,3002,Which is NOT a founding people of Canada?,Aboriginal|French|British|Dutch,3,,,
3006,3,select_blank,exercise,3002,British is a founding people alongside Aboriginal and ___.,French|Dutch|Spanish|Russian,0,,,
3007,3,true_false,exercise,3002,Aboriginal peoples are one of Canada's founding peoples.,,true,,,
3016,3,select_blank,preview,3017,Canada is the ___ constitutional monarchy in North America.,only|second|newest|largest,0,,,
3017,3,multiple_choice,main,,What kind of monarchy is Canada in North America?,Only one|Several kinds|Newest one|Smallest one,0,,,Canada holds the oldest continuous constitutional tradition in the world and is the only constitutional monarchy in North America.
3018,3,select_blank,exercise,3017,"Canada's ___ document holds ""Peace, Order and Good Government.""",1867 constitutional|1980s trade|2008 apology|1763 treaty,0,,,"The phrase comes from the British North America Act of 1867, Canada's original constitutional document."
3019,3,true_false,exercise,3017,The British North America Act was signed in 1867.,,true,,,
3020,3,select_blank,exercise,3017,"Poets and songwriters called Canada the ""Great ___.""",Dominion|Republic|Empire|Kingdom,0,,,
3021,3,true_false,exercise,3017,Canada has the newest constitutional tradition in the world.,,false,,,Canada actually has the oldest continuous constitutional tradition in the world.
3022,3,select_blank,exercise,3017,Canadians built prosperity through hard work and fair ___.,play|luck|force|chance,0,,,
3031,3,true_false,preview,3032,Aboriginal peoples' ancestors migrated from Asia long ago.,,true,,,
3032,3,multiple_choice,main,,Where did Aboriginal peoples' ancestors migrate from?,Asia|Europe|Africa|Australia,0,p10-cree-dancer.jpeg,,"Their ancestors are believed to have migrated from Asia thousands of years ago, well before European explorers arrived."
3033,3,multiple_choice,exercise,3032,When did Aboriginal peoples arrive relative to Europeans?,Before Europeans|After Europeans|Same time|Unknown,0,,,They were well established here long before explorers from Europe first arrived.
3034,3,select_blank,exercise,3032,First Nations cultures were rooted in beliefs about ___.,Creator|stock market|railway|monarchy,0,,,
3035,3,select_blank,exercise,3032,First Nations beliefs centred on the ___ and nature.,Creator|government|economy|military,0,p10-bill-reid-totem-pole.jpeg,,
3036,3,true_false,exercise,3032,Diverse First Nations cultures existed before Europeans arrived.,,true,,,
3046,3,true_false,preview,3047,King George III issued the Royal Proclamation of 1763.,,true,,,
3047,3,multiple_choice,main,,Who issued the Royal Proclamation of 1763?,George III|Charles III|Queen Victoria|George V,0,,,The Royal Proclamation of 1763 first guaranteed Aboriginal territorial rights and became the basis for negotiating treaties with newcomers.
3048,3,select_blank,exercise,3047,The Royal Proclamation of 1763 guaranteed Aboriginal ___ rights.,territorial|voting|trading|banking,0,,,
3049,3,true_false,exercise,3047,Treaties negotiated after 1763 were always fully respected.,,false,,,The book notes these treaties were not always fully respected.
3050,3,true_false,exercise,3047,Aboriginal and treaty rights are in the Canadian Constitution.,,true,,,
3051,3,multiple_choice,exercise,3047,What did the Royal Proclamation establish the basis for?,Negotiating treaties|Building railways|Founding cities|Printing money,0,,,
3061,3,select_blank,preview,3062,Aboriginal children were once sent to residential ___.,schools|farms|factories|ships,0,,,
3062,3,multiple_choice,main,,From when to when did residential schools operate?,1800s-1980s|1600s-1700s|1900s-1920s|1950s-1960s,0,,,"The federal government placed many Aboriginal children in poorly funded residential schools meant to assimilate them, and formally apologized in 2008."
3063,3,select_blank,exercise,3062,"In residential schools, Aboriginal languages were mostly ___.",prohibited|taught|celebrated|recorded,0,,,
3064,3,true_false,exercise,3062,Ottawa formally apologized to residential school students in 2008.,,true,,,
3065,3,multiple_choice,exercise,3062,What was the goal of residential schools?,Assimilation|Trade skills|Farming|Exploration,0,,,
3066,3,true_false,exercise,3062,Residential schools were well funded and gentle.,,false,,,"They were poorly funded and inflicted hardship, including physical abuse."
3076,3,true_false,preview,3077,Aboriginal peoples today have made achievements in the arts.,,true,,,
3077,3,multi_select,main,,In what areas have Aboriginal peoples made achievements today?,Agriculture|The arts|Business|Space travel,0|1|2,p10-bill-reid-totem-pole.jpeg,,"Today's Aboriginal peoples enjoy renewed pride and confidence, with achievements in agriculture, the environment, business, and the arts."
3078,3,select_blank,exercise,3077,Aboriginal peoples today enjoy renewed pride and ___.,confidence|debt|conflict|silence,0,,,
3079,3,select_blank,exercise,3077,Aboriginal achievements today include the environment and ___.,business|space travel|mining laws|shipping,0,,,
3080,3,true_false,exercise,3077,Aboriginal peoples have made no modern achievements.,,false,,,"They have made significant achievements in agriculture, environment, business, and the arts."
3091,3,true_false,preview,3092,"""Aboriginal peoples"" refers to three distinct groups.",,true,,,
3092,3,match_pairs,main,,Match each Aboriginal group to its population share.,First Nations:About 65%|Métis:About 30%|Inuit:About 4%,,,,"The term Aboriginal peoples covers First Nations (about 65%), Métis (about 30%), and Inuit (about 4%)."
3093,3,true_false,exercise,3092,Inuit make up the largest share of Aboriginal peoples.,,false,,,"First Nations make up the largest share, at about 65%."
3094,3,multiple_choice,exercise,3092,Which group is about 30% of Aboriginal peoples?,Métis|Inuit|First Nations|Acadian,0,,,
3095,3,select_blank,exercise,3092,About 65% of Aboriginal people are ___ ___.,First Nations|Métis people|Inuit citizens|Quebec settlers,0,,,
3096,3,true_false,exercise,3092,"The three Aboriginal groups are First Nations, Inuit, and Métis.",,true,,,
3106,3,true_false,preview,3107,"The term ""First Nations"" began being used in the 1970s.",,true,,,
3107,3,multiple_choice,main,,"What does ""Indian"" exclude in this term?","Inuit, Métis|French settlers|British settlers|Nothing",0,,,Indian refers to all Aboriginal people who are not Inuit or Métis; the term First Nations came into use in the 1970s.
3108,3,select_blank,exercise,3107,About half of First Nations people live on ___.,reserve|rented|foreign|company,0,,,
3109,3,multiple_choice,exercise,3107,About how many First Nations reserve communities exist?,"About 600|About 60|About 6,000|About 6",0,,,
3110,3,multiple_choice,exercise,3107,Where do off-reserve First Nations people mainly live?,Urban centres|Farmland|Islands|Mountains,0,,,
3111,3,true_false,exercise,3107,All First Nations people live on reserve land.,,false,,,"About half live on reserve land, while the other half live off-reserve."
3121,3,true_false,preview,3122,"""Inuit"" means ""the people"" in Inuktitut.",,true,,,
3122,3,multiple_choice,main,,"What does the word ""Inuit"" mean?",The people|The hunters|The northerners|The elders,0,p10-inuit-children-iqaluit.jpeg,,"Inuit means ""the people"" in the Inuktitut language, and Inuit live in small scattered communities across the Arctic."
3123,3,select_blank,exercise,3122,Inuit live in small communities across the ___.,Arctic|Prairies|Maritimes|Rockies,0,,,
3124,3,true_false,exercise,3122,Inuit knowledge of land and sea aided Arctic survival.,,true,p10-inuit-children-iqaluit.jpeg,,
3125,3,multiple_choice,exercise,3122,"What language does the word ""Inuit"" come from?",Inuktitut|Michif|Gaelic|Cree,0,,,
3126,3,true_false,exercise,3122,Inuit communities are large and centrally located.,,false,,,"Inuit live in small, scattered communities across the Arctic."
3136,3,true_false,preview,3137,The Métis have mixed Aboriginal and European ancestry.,,true,,,
3137,3,multiple_choice,main,,What describes the Métis people?,Aboriginal-European ancestry|French ancestry|British ancestry|Inuit ancestry,0,p10-metis-alberta.jpeg,,"The Métis are a distinct people of mixed Aboriginal and European ancestry who speak their own dialect, Michif."
3138,3,select_blank,exercise,3137,Most Métis people live in the ___ provinces.,Prairie|Atlantic|Northern|Pacific,0,,,
3139,3,select_blank,exercise,3137,Métis people speak their own dialect called ___.,Michif|Inuktitut|Gaelic|Cree,0,,,
3140,3,multiple_choice,exercise,3137,Métis come from which speaking backgrounds?,"French, English|Spanish, Dutch|German, Italian|Chinese, Ukrainian",0,,,
3141,3,true_false,exercise,3137,Métis people have no distinct dialect of their own.,,false,,,"Métis people speak their own dialect, Michif."
3151,3,select_blank,preview,3152,English and French are Canada's ___ languages.,official|only|banned|foreign,0,,,
3152,3,multiple_choice,main,,What are Canada's two official languages?,"English, French|English, Spanish|French, German|English, Chinese",0,,,"English and French are Canada's official languages, and the federal government must provide services in both throughout the country."
3153,3,select_blank,exercise,3152,The federal government provides services in English and ___.,French|Spanish|Italian|Mandarin,0,,,
3154,3,multiple_choice,exercise,3152,Canadian society stems largely from which civilizations?,"English, French|Spanish, Dutch|German, Italian|Chinese, Japanese",0,,,
3155,3,multiple_choice,exercise,3152,Who is required to serve Canadians in both languages?,Federal government|Local shops|Foreign embassies|Private clubs,0,,,
3156,3,true_false,exercise,3152,The federal government only offers services in English.,,false,,,By law it must offer services throughout Canada in both English and French.
3166,3,true_false,preview,3167,Canada has more Anglophones than Francophones.,,true,,,
3167,3,multiple_choice,main,,About how many Anglophones live in Canada today?,18 million|7 million|3 million|25 million,0,,,"Canada has about 18 million Anglophones and seven million Francophones, with most Francophones living in Quebec."
3168,3,select_blank,exercise,3167,Seven million Canadians speak ___ as a first language.,French|English|Spanish|Mandarin,0,,,
3169,3,select_blank,exercise,3167,Most Francophones live in the province of ___.,Quebec|Ontario|Alberta|Yukon,0,,,
3170,3,multi_select,exercise,3167,Which provinces have many Francophones outside Quebec?,Ontario|New Brunswick|Manitoba|Alberta,0|1|2,,,
3171,3,true_false,exercise,3167,About one million Francophones live outside Quebec.,,true,,,
3181,3,true_false,preview,3182,New Brunswick is Canada's only officially bilingual province.,,true,,,
3182,3,multiple_choice,main,,Which province is officially bilingual?,New Brunswick|Ontario|Quebec|Manitoba,0,,,New Brunswick is the only officially bilingual province in Canada.
3183,3,select_blank,exercise,3182,New Brunswick is the only officially ___ province.,bilingual|coastal|northern|prairie,0,,,
3184,3,true_false,exercise,3182,Quebec is Canada's only officially bilingual province.,,false,,,"New Brunswick, not Quebec, is the only officially bilingual province."
3185,3,true_false,exercise,3182,No Canadian province is officially bilingual.,,false,,,New Brunswick is officially bilingual.
3196,3,select_blank,preview,3197,Acadians began settling the Maritimes in ___.,1604|1755|1867|1930,0,,,
3197,3,multiple_choice,main,,When did Acadian settlement of the Maritimes begin?,1604|1755|1867|1930,0,p11-acadian-fiddler.jpeg,,Acadians are descendants of French colonists who began settling the Maritime provinces in 1604.
3198,3,select_blank,exercise,3197,"Between 1755 and 1763, Acadians were ___.",deported|welcomed|promoted|elected,0,p11-acadian-fiddler.jpeg,,
3199,3,true_false,exercise,3197,"The forced removal of Acadians is called the ""Great Upheaval.""",,true,,,
3200,3,order,exercise,3197,Order these Acadian history events.,French colonists settle the Maritimes in 1604|More than two-thirds are deported (1755-1763)|Acadian culture flourishes today,,,,
3201,3,true_false,exercise,3197,Acadian culture disappeared after the Great Upheaval.,,false,,,"Acadians survived, maintained their identity, and Acadian culture flourishes today."
3202,3,multiple_choice,exercise,3197,More than what fraction of Acadians were deported?,Two-thirds|One-tenth|Half|One-quarter,0,,,
3211,3,select_blank,preview,3212,Most Quebecers are ___-speaking.,French|English|Spanish|German,0,,,
3212,3,multiple_choice,main,,Who are most Quebecers descended from?,French settlers|British Loyalists|Acadian refugees|Ukrainian pioneers,0,p11-fete-nationale-gatineau.jpeg,,"Most Quebecers descend from 8,500 French settlers of the 1600s and 1700s and maintain a unique identity, culture, and language."
3213,3,select_blank,exercise,3212,"In 2006, the Commons called Quebecois a ___.",nation-within-Canada|separate country|foreign state|new province,0,,,
3214,3,select_blank,exercise,3212,The Commons recognized Quebecois nationhood in ___.,2006|1867|1763|1990,0,,,
3215,3,true_false,exercise,3212,Quebecers descend mainly from English settlers.,,false,,,"Most Quebecers descend from 8,500 French settlers of the 1600s and 1700s."
3216,3,multiple_choice,exercise,3212,What does Quebec's National Day celebrate?,Fête Nationale|Canada Day|Thanksgiving|Victoria Day,0,p11-fete-nationale-gatineau.jpeg,,
3226,3,true_false,preview,3227,Anglo-Quebecers have a heritage of 250 years in Quebec.,,true,,,
3227,3,multiple_choice,main,,About how many Anglo-Quebecers live in Quebec?,One million|Ten thousand|Five million|100 thousand,0,,,"About one million Anglo-Quebecers, with a 250-year heritage, form a vibrant part of the Quebec fabric."
3228,3,select_blank,exercise,3227,Anglo-Quebecers form a vibrant part of the Quebec ___.,fabric|border|army|court,0,,,
3229,3,true_false,exercise,3227,Anglo-Quebecers have no long-standing history in Quebec.,,false,,,They have a heritage of 250 years in the province.
3230,3,true_false,exercise,3227,Anglo-Quebecers are part of Quebec's English-speaking population.,,true,,,
3241,3,true_false,preview,3242,John Buchan was a Governor General of Canada.,,true,,,
3242,3,multiple_choice,main,,Who was Governor General of Canada 1935-1940?,John Buchan|George III|Bill Reid|Marjorie Turner-Bailey,0,p11-tweedsmuir-portrait.jpeg,,"John Buchan, the 1st Baron Tweedsmuir, was Governor General from 1935-40 and championed unity in diversity among immigrant groups."
3243,3,select_blank,exercise,3242,Tweedsmuir said immigrant groups should retain their ___.,individuality|silence|isolation|old passports,0,,,
3244,3,true_false,exercise,3242,Tweedsmuir was Canada's 15th Governor General.,,true,p11-tweedsmuir-portrait.jpeg,,
3245,3,media_card,exercise,3242,What does this photo show?,Tweedsmuir in Blood headdress|A hockey game|A courtroom scene|A harvest festival,0,p11-tweedsmuir-portrait.jpeg,,The 15th Governor General is shown in Blood (Kainai First Nation) headdress.
3246,3,true_false,exercise,3242,Tweedsmuir believed immigrants should erase their old traditions entirely.,,false,,,He said groups should keep their own loyalties while also embracing a shared new one.
3256,3,true_false,preview,3257,"English, Welsh, Scottish, and Irish settlers built English Canada.",,true,,,
3257,3,multi_select,main,,Which groups built English Canada's way of life?,English|Scottish|Irish|Aboriginal,0|1|2,p11-highland-dancer-glengarry.jpeg,,"Hundreds of thousands of English, Welsh, Scottish, and Irish settlers, soldiers, and migrants built English-speaking Canada from the 1600s to the 20th century."
3258,3,select_blank,exercise,3257,Anglophones are generally referred to as ___ Canadians.,English|French|Metis|Acadian,0,,,
3259,3,true_false,exercise,3257,These settlers arrived only in the 1600s and nowhere after.,,false,,,They kept arriving from the 1600s all the way through the 20th century.
3260,3,multiple_choice,exercise,3257,Who laid the foundations of English-speaking Canada?,British-origin pioneers|Only Acadians|Only Quebecers|Only Inuit,0,p11-highland-dancer-glengarry.jpeg,,
3271,3,select_blank,preview,3272,Newcomers must embrace Canada's rule of ___.,law|thumb|force|hand,0,,,
3272,3,multiple_choice,main,,What principle must newcomers embrace when becoming Canadian?,Rule-of-law|Old grudges|Extreme views|Hidden past,0,,,"In becoming Canadian, newcomers are expected to embrace democratic principles such as the rule of law, regardless of past experiences with conflict."
3273,3,true_false,exercise,3272,Past experiences of warfare justify bringing hateful prejudices to Canada.,,false,,,The book states such experiences do not justify bringing violent or hateful prejudices.
3274,3,select_blank,exercise,3272,Newcomers are expected to embrace ___ principles.,democratic|military|corporate|monarchic,0,,,
3275,3,true_false,exercise,3272,Some Canadians immigrate from places with warfare or conflict.,,true,,,
3276,3,multiple_choice,exercise,3272,What must newcomers leave behind when becoming Canadian?,Violent prejudices|Their language|Their religion|Their family,0,,,
3286,3,true_false,preview,3287,Most Canadians were born in Canada.,,true,,,
3287,3,multiple_choice,main,,Since when has the majority of Canadians been born?,The 1800s|The 1600s|The 1990s|The 1500s,0,p12-celebration-cultures-edmonton.jpeg,,"The majority of Canadians were born in this country, true since the 1800s, though Canada is still often called a land of immigrants."
3288,3,select_blank,exercise,3287,Newcomers helped build and ___ Canada.,defend|forget|abandon|isolate,0,p13-chinese-canadian-war-veterans.jpeg,,
3289,3,true_false,exercise,3287,"Canada is often called a ""land of immigrants.""",,true,p12-caribbean-festival-toronto.jpeg,,
3290,3,true_false,exercise,3287,No newcomers arrived in Canada in 200 years.,,false,,,Millions of newcomers have arrived over the past 200 years.
3301,3,select_blank,preview,3302,Chinese is among Canada's largest ethnic ___.,groups|colors|flags|coins,0,,,
3302,3,multi_select,main,,Which are among Canada's largest ethnic groups?,Chinese|Ukrainian|Italian|Russian,0|1|2,p12-ukrainian-pysanka-festival.jpeg,,"The largest groups include English, French, Scottish, Irish, German, Italian, Chinese, Aboriginal, Ukrainian, Dutch, South Asian, and Scandinavian."
3303,3,select_blank,exercise,3302,"Since the 1970s, most immigrants come from ___ countries.",Asian|European|African|South American,0,,,
3304,3,multiple_choice,exercise,3302,Which is among Canada's largest ethnic groups?,South Asian|Antarctic|Martian|Amazonian,0,,,
3305,3,multiple_choice,exercise,3302,"Since the 1970s, immigration has shifted toward which continent?",Asia|Europe|Africa|Antarctica,0,,,
3306,3,true_false,exercise,3302,Irish is one of Canada's largest ethnic groups.,,true,p11-st-patricks-day-montreal.jpeg,,
3307,3,true_false,exercise,3302,"Polish dancers in Oliver, BC reflect Canada's ethnic diversity.",,true,p12-polish-dancers-oliver-bc.jpeg,,
3316,3,true_false,preview,3317,Chinese languages are widely spoken at home in Vancouver.,,true,,,
3317,3,multiple_choice,main,,What share of Vancouver speaks Chinese languages at home?,13%|50%|2%|30%,0,,,"In Vancouver, 13% of the population speak Chinese languages at home; in Toronto, the figure is 7%."
3318,3,select_blank,exercise,3317,Chinese languages are the ___ most-spoken after English.,second|third|fourth|fifth,0,,,
3319,3,true_false,exercise,3317,7% of Toronto speaks Chinese at home.,,true,,,
3320,3,true_false,exercise,3317,Non-official languages are never spoken in Canadian homes.,,false,,,Non-official languages are widely spoken in Canadian homes.
3321,3,multiple_choice,exercise,3317,Which city has more Chinese speakers at home?,Vancouver|Toronto|Ottawa|Calgary,0,p13-chinese-new-year-vancouver.jpeg,,
3331,3,select_blank,preview,3332,The great majority of Canadians identify as ___.,Christians|atheists|agnostics|pagans,0,,,
3332,3,multiple_choice,main,,Which religious affiliation is Canada's largest?,Catholic|Muslim|Hindu|Sikh,0,p13-notre-dame-des-victoires.jpeg,,"The largest religious affiliation is Catholic, followed by various Protestant churches, with growing numbers of other faiths."
3333,3,multi_select,exercise,3332,Which faith communities are growing in Canada?,Muslims|Jews|Hindus|Not growing,0|1|2,p12-ismaili-muslims-calgary-stampede.jpeg,,
3334,3,select_blank,exercise,3332,The state partners with faith groups to ___ refugees.,resettle|deport|ignore|tax,0,,,
3335,3,select_blank,exercise,3332,The state upholds religious freedom and freedom of ___.,conscience|taxation|silence|nothing,0,,,
3336,3,true_false,exercise,3332,Catholic is the largest religious affiliation in Canada.,,true,,,
3337,3,true_false,exercise,3332,"No Canadians identify as having ""no religion.""",,false,,,"The numbers of people who state ""no religion"" are also growing."
3346,3,true_false,preview,3347,Gay and lesbian Canadians have access to civil marriage.,,true,,,
3347,3,multiple_choice,main,,What legal right do gay and lesbian Canadians have?,Marriage rights|No protection|Restricted voting|Separate courts,0,,,"Gay and lesbian Canadians enjoy full protection and equal treatment under the law, including access to civil marriage."
3348,3,select_blank,exercise,3347,Gay and lesbian Canadians receive equal ___ under law.,treatment|silence|exclusion|delay,0,,,
3349,3,true_false,exercise,3347,Gay and lesbian Canadians are part of Canada's diversity.,,true,,,
3350,3,true_false,exercise,3347,Gay and lesbian Canadians are denied civil marriage rights.,,false,,,They have full access to civil marriage under the law.
3361,3,true_false,preview,3362,Marjorie Turner-Bailey is a descendant of Black Loyalists.,,true,,,
3362,3,multiple_choice,main,,Who were the Black Loyalists that fled to Canada?,African settlers|French colonists|British soldiers|Chinese immigrants,0,p13-marjorie-turner-bailey.jpeg,,"Black Loyalists were escaped slaves and freed African-origin people who fled to Canada from America in the 1780s, where slavery stayed legal until 1863."
3363,3,select_blank,exercise,3362,Black Loyalists fled to Canada from America in ___.,1780s|1600s|1900s|1950s,0,,,
3364,3,true_false,exercise,3362,Slavery remained legal in America until 1863.,,true,,,
3365,3,true_false,exercise,3362,Marjorie Turner-Bailey was an Olympian from Nova Scotia.,,true,p13-marjorie-turner-bailey.jpeg,,
3366,3,multiple_choice,exercise,3362,Which province is Marjorie Turner-Bailey from?,Nova Scotia|Ontario|Quebec|Alberta,0,,,
3371,3,true_false,preview,3372,Canada's diverse groups share a common Canadian identity.,,true,,,
3372,3,multiple_choice,main,,What do diverse groups sharing a common identity form?,Multicultural society|Single ethnicity|Closed border|One-language state,0,p12-pipes-and-drums-ottawa.jpeg,,"Together, Canada's diverse groups sharing a common Canadian identity make up today's multicultural society."
3373,3,select_blank,exercise,3372,Diverse groups sharing an identity form today's ___ society.,multicultural|isolated|divided|foreign,0,,,
3374,3,true_false,exercise,3372,Canadians celebrating diverse traditions still share one identity.,,true,,,
3375,3,true_false,exercise,3372,Canada's many communities share no common identity at all.,,false,,,They do share a common Canadian identity despite their diversity.
4001,4,true_false,preview,4002,Europeans called Native peoples ‘Indians’ by mistake.,,true,,,
4002,4,multiple_choice,main,,Why did Europeans call natives ‘Indians’?,Indies mix-up|India myth|Random guess|Own choice,0,p14-indian-encampment.jpeg,,"European explorers mistakenly believed they had reached the East Indies, so they called native peoples Indians."
4003,4,true_false,exercise,4002,Explorers thought they'd reached the East Indies.,,true,,,
4004,4,true_false,exercise,4002,Native peoples originally called themselves ‘Indians.’,,false,,,Europeans applied this name; it was not Aboriginal peoples' own name.
4005,4,select_blank,exercise,4002,Europeans thought they'd reached the ___.,East Indies|West Coast|Arctic|Prairies,0,,,
4006,4,multiple_choice,exercise,4002,What mistake caused the name ‘Indians’?,Wrong guess|Correct guess|No mistake|Translation error,0,,,
4007,4,true_false,preview,4008,The Huron-Wendat farmed near the Great Lakes.,,true,,,
4008,4,multiple_choice,main,,How did the Huron-Wendat live?,"Farmers, hunters|Only nomads|Only fishers|Arctic hunters",0,,,"The Huron-Wendat of the Great Lakes region, like the Iroquois, were farmers and hunters."
4009,4,true_false,exercise,4008,The Iroquois were also farmers and hunters.,,true,,,
4010,4,select_blank,exercise,4008,Huron-Wendat and Iroquois lived near the ___.,Great Lakes|Arctic Ocean|Rockies|Atlantic coast,0,,,
4011,4,multiple_choice,exercise,4008,Which peoples farmed near the Great Lakes?,Huron-Wendat|Inuit|Sioux|Dene,0,,,
4012,4,true_false,exercise,4008,The Iroquois were nomadic bison hunters.,,false,,,"The Sioux, not the Iroquois, were the nomadic bison hunters."
4013,4,true_false,preview,4014,The Cree and Dene lived in the Northwest.,,true,,,
4014,4,multiple_choice,main,,How did the Cree and Dene live?,Hunter-gatherers|Farmers|Bison nomads|Arctic fishers,0,,,The Cree and Dene of the Northwest were hunter-gatherers.
4015,4,select_blank,exercise,4014,The Cree and Dene lived in the ___.,Northwest|Southeast|West Coast|Arctic isles,0,,,
4016,4,true_false,exercise,4014,The Cree and Dene grew crops for food.,,false,,,"They were hunter-gatherers, not farmers."
4017,4,multiple_choice,exercise,4014,Which peoples were Northwest hunter-gatherers?,"Cree, Dene|Huron, Iroquois|Sioux|Inuit",0,,,
4018,4,true_false,exercise,4014,The Dene were hunter-gatherers.,,true,,,
4019,4,true_false,preview,4020,The Sioux followed bison herds.,,true,,,
4020,4,multiple_choice,main,,How did the Sioux live?,Followed bison|Farmed land|Fished Arctic|Traded furs,0,,,"The Sioux were nomadic, following the bison (buffalo) herd."
4021,4,select_blank,exercise,4020,"The Sioux were nomadic, following the ___.",bison|salmon|seal|caribou,0,,,
4022,4,true_false,exercise,4020,Bison are also called buffalo.,,true,,,
4023,4,multiple_choice,exercise,4020,Which group followed the bison herd?,Sioux|Inuit|Huron-Wendat|Dene,0,,,
4024,4,true_false,exercise,4020,The Sioux stayed in one farming village.,,false,,,"The Sioux were nomadic, following the bison herd rather than farming one place."
4025,4,true_false,preview,4026,The Inuit lived off Arctic wildlife.,,true,,,
4026,4,multiple_choice,main,,How did the Inuit survive?,Arctic wildlife|Farming crops|Bison hunting|Tropical fishing,0,,,The Inuit lived off Arctic wildlife.
4027,4,select_blank,exercise,4026,The Inuit lived off ___ wildlife.,Arctic|desert|tropical|prairie,0,,,
4028,4,true_false,exercise,4026,The Inuit were bison-hunting nomads.,,false,,,Bison-following nomads were the Sioux; the Inuit lived off Arctic wildlife.
4029,4,multiple_choice,exercise,4026,Which peoples lived off Arctic wildlife?,Inuit|Sioux|Huron-Wendat|Iroquois,0,,,
4030,4,true_false,exercise,4026,The Inuit lived in Arctic regions.,,true,,,
4031,4,true_false,preview,4032,West Coast natives preserved fish by drying.,,true,,,
4032,4,multiple_choice,main,,How did West Coast natives preserve fish?,"Dry, smoke|Freeze it|Salt only|Bury it",0,,,West Coast natives preserved fish by drying and smoking.
4033,4,select_blank,exercise,4032,West Coast natives dried and ___ fish.,smoked|boiled|fried|canned,0,,,
4034,4,true_false,exercise,4032,West Coast natives smoked fish to preserve it.,,true,,,
4035,4,multiple_choice,exercise,4032,Which group dried and smoked fish?,"West Coast|Inuit|Sioux|Cree, Dene",0,,,
4036,4,true_false,exercise,4032,West Coast natives ate only bison meat.,,false,,,West Coast natives preserved fish; bison-hunting was the Sioux's way of life.
4037,4,true_false,preview,4038,Warfare was common among Aboriginal groups.,,true,,,
4038,4,multiple_choice,main,,Why did Aboriginal groups often fight?,"Land, prestige|Religion only|Farming only|European trade",0,,,"Warfare was common among Aboriginal groups as they competed for land, resources and prestige."
4039,4,select_blank,exercise,4038,"Groups competed for land, resources and ___.",prestige|weather|farmland|clothing,0,,,
4040,4,true_false,exercise,4038,Aboriginal groups never went to war.,,false,,,"Warfare was actually common as groups competed for land, resources, and prestige."
4041,4,multiple_choice,exercise,4038,What did warring groups compete for?,"Land, resources|Religion|Trade goods|Nothing",0,,,
4042,4,true_false,exercise,4038,Prestige was one reason groups fought.,,true,,,
4043,4,true_false,preview,4044,Many Aboriginals died of European diseases.,,true,,,
4044,4,multiple_choice,main,,Why did many Aboriginals die after contact?,No immunity|No food|Lost land|Stopped hunting,0,,,Large numbers of Aboriginals died of European diseases to which they lacked immunity.
4045,4,select_blank,exercise,4044,Aboriginals lacked ___ to European diseases.,immunity|weapons|money|allies,0,,,
4046,4,true_false,exercise,4044,Aboriginals had full immunity to European diseases.,,false,,,"Aboriginals lacked immunity, so European diseases killed large numbers of them."
4047,4,multiple_choice,exercise,4044,What arrived with European traders and colonists?,New diseases|More bison|Warm weather|More farmland,0,,,
4048,4,true_false,exercise,4044,Disease was a major cause of Aboriginal deaths.,,true,,,
4049,4,true_false,preview,4050,Aboriginals and Europeans formed strong early bonds.,,true,,,
4050,4,multiple_choice,main,,What did early Aboriginal-European bonds build?,Canada's foundations|One nation|Arctic empire|Nothing lasting,0,,,"Aboriginals and Europeans formed strong economic, religious and military bonds that laid the foundations of Canada."
4051,4,select_blank,exercise,4050,Bonds formed in the first ___ years of contact.,200|20|2000|2,0,,,
4052,4,true_false,exercise,4050,"These bonds were economic, religious and military.",,true,,,
4053,4,multiple_choice,exercise,4050,What kind of bonds did they form?,"Economic, military|Economic only|Religious only|None",0,,,
4054,4,true_false,exercise,4050,European contact instantly destroyed all cooperation.,,false,,,"In the first 200 years, Aboriginals and Europeans built strong economic, religious, and military bonds."
4055,4,true_false,preview,4056,Vikings reached Labrador and Newfoundland.,,true,,,
4056,4,multiple_choice,main,,Where did the Vikings sail from first?,Iceland|Spain|France|England,0,,,"The Vikings from Iceland who colonized Greenland 1,000 years ago also reached Labrador and the island of Newfoundland."
4057,4,select_blank,exercise,4056,Vikings colonized Greenland about ___ years ago.,1000|100|10000|500,0,,,
4058,4,true_false,exercise,4056,The Vikings reached Canada 1000 years ago.,,true,,,
4059,4,multiple_choice,exercise,4056,Which island did Vikings reach besides Labrador?,Newfoundland|Vancouver Isle|Baffin Isle|PEI,0,,,
4060,4,true_false,exercise,4056,Vikings sailed directly from Iceland to Ontario.,,false,,,"Vikings from Iceland colonized Greenland first, then reached Labrador and Newfoundland."
4061,4,true_false,preview,4062,L'Anse aux Meadows is a World Heritage site.,,true,,,
4062,4,multiple_choice,main,,What is L'Anse aux Meadows?,Viking site|French fort|Loyalist town|Inuit village,0,,,"The remains of the Vikings' settlement, l'Anse aux Meadows, are a World Heritage site."
4063,4,select_blank,exercise,4062,L'Anse aux Meadows holds remains of a ___ settlement.,Viking|French|British|Spanish,0,,,
4064,4,true_false,exercise,4062,L'Anse aux Meadows is located in Newfoundland.,,true,,,
4065,4,multiple_choice,exercise,4062,Why is L'Anse aux Meadows significant?,Oldest Viking|Cabot's landing|Cartier's fort|Loyalist capital,0,,,
4066,4,true_false,exercise,4062,L'Anse aux Meadows was built by French settlers.,,false,,,"L'Anse aux Meadows holds the remains of a Viking settlement, not a French one."
4067,4,true_false,preview,4068,John Cabot mapped Canada's East Coast in 1497.,,true,,,
4068,4,multiple_choice,main,,What did John Cabot accomplish in 1497?,Mapped coast|Founded Quebec|Named Canada|Led Loyalists,0,p14-john-cabot-painting.jpeg,,John Cabot's 1497 expedition made him the first to draw a map of Canada's East Coast.
4069,4,true_false,exercise,4068,Cabot was an Italian immigrant to England.,,true,,,
4070,4,select_blank,exercise,4068,Cabot claimed the new land for ___.,England|France|Spain|Portugal,0,,,
4071,4,true_false,exercise,4068,English settlement began right away in 1497.,,false,,,"Cabot landed in 1497, but English settlement did not begin until 1610."
4072,4,multiple_choice,exercise,4068,When did English settlement actually begin?,1610|1497|1534|1759,0,,,
4073,4,true_false,exercise,4068,Cabot landed on Newfoundland or Cape Breton Island.,,true,,,
4074,4,true_false,preview,4075,Jacques Cartier made three voyages to Canada.,,true,,,
4075,4,multiple_choice,main,,What did Jacques Cartier do from 1534 to 1542?,Three voyages|Founded Quebec|Led Loyalists|Built fort,0,p14-jacques-cartier-portrait.jpeg,,"Between 1534 and 1542, Jacques Cartier made three voyages across the Atlantic, claiming the land for King Francis I of France."
4076,4,true_false,exercise,4075,Cartier claimed the land for King Francis I.,,true,,,
4077,4,select_blank,exercise,4075,Cartier was first to explore the ___ River.,St. Lawrence|Fraser|Mackenzie|Ottawa,0,,,
4078,4,true_false,exercise,4075,Cartier was first to see Quebec City's site.,,true,,,
4079,4,multiple_choice,exercise,4075,Which river did Cartier explore first?,St. Lawrence|Fraser|Mackenzie|Red River,0,,,
4080,4,true_false,exercise,4075,Cartier also saw the future site of Montreal.,,true,,,
4081,4,select_blank,preview,4082,The name Canada comes from the word ___.,kanata|Quebec|Acadia|Ontario,0,,,
4082,4,multiple_choice,main,,What does the Iroquoian word ‘kanata’ mean?,Village|River|Mountain|Ocean,0,,,"Cartier heard two captured guides speak the Iroquoian word kanata, meaning ‘village.’"
4083,4,true_false,exercise,4082,Cartier heard ‘kanata’ from captured guides.,,true,,,
4084,4,select_blank,exercise,4082,"By the 1550s, ___ appeared on maps.",Canada|Acadia|Quebec|Ontario,0,,,
4085,4,multiple_choice,exercise,4082,Where does the name ‘Canada’ come from?,Iroquoian word|French king|Viking word|English word,0,,,
4086,4,true_false,exercise,4082,‘Kanata’ is a French word for river.,,false,,,"Kanata is an Iroquoian word meaning ‘village,’ not a French word."
4087,4,true_false,preview,4088,The first settlement north of Florida was in 1604.,,true,,,
4088,4,multiple_choice,main,,Who founded the 1604 settlement north of Florida?,"Monts, Champlain|Cabot, Cartier|Wolfe, Montcalm|Talon, Laval",0,,,"In 1604, the first European settlement north of Florida was established by Pierre de Monts and Samuel de Champlain."
4089,4,select_blank,exercise,4088,The settlers first landed on ___ Island.,St. Croix|Baffin|Vancouver|Anticosti,0,,,
4090,4,true_false,exercise,4088,The colony later moved to Port-Royal in Acadia.,,true,,,
4091,4,multiple_choice,exercise,4088,Where is St. Croix Island located today?,Maine|Ontario|Quebec|Nova Scotia,0,,,
4092,4,true_false,exercise,4088,Port-Royal was located in present-day Nova Scotia.,,true,,,
4093,4,true_false,preview,4094,Champlain built a fortress at Quebec City in 1608.,,true,,,
4094,4,multiple_choice,main,,What did Champlain build in 1608?,Quebec fortress|Montreal fort|Ontario colony|Bay post,0,,,In 1608 Champlain built a fortress at what is now Quebec City.
4095,4,select_blank,exercise,4094,Champlain built his fortress in ___.,1608|1604|1701|1759,0,,,
4096,4,true_false,exercise,4094,The colonists faced a harsh climate.,,true,,,
4097,4,multiple_choice,exercise,4094,What challenge did the colonists face?,Harsh climate|Much gold|Overcrowding|Mild winters,0,,,
4098,4,true_false,exercise,4094,Champlain's fortress became present-day Toronto.,,false,,,"Champlain's 1608 fortress became present-day Quebec City, not Toronto."
4099,4,true_false,preview,4100,Champlain allied with the Algonquin and Huron.,,true,,,
4100,4,multiple_choice,main,,Whom did Champlain ally the colony with?,"Algonquin, Huron|Iroquois alone|Sioux alone|Inuit alone",0,,,"Champlain allied the colony with the Algonquin, Montagnais and Huron, historic enemies of the Iroquois."
4101,4,select_blank,exercise,4100,These allies were historic enemies of the ___.,Iroquois|French|British|Vikings,0,,,
4102,4,true_false,exercise,4100,The Iroquois were enemies of Champlain's allies.,,true,,,
4103,4,multiple_choice,exercise,4100,Who were historic enemies of the Iroquois?,"Algonquin, Huron|English colonists|Loyalists|Vikings",0,,,
4104,4,true_false,exercise,4100,Champlain allied his colony with the Iroquois.,,false,,,"Champlain allied with the Algonquin, Montagnais, and Huron — historic enemies of the Iroquois."
4105,4,true_false,preview,4106,The French and Iroquois made peace in 1701.,,true,,,
4106,4,multiple_choice,main,,How many nations formed the Iroquois Confederacy?,"Five, six|Three, four|Ten, twelve|Two, three",0,,,The Iroquois were a confederation of five (later six) First Nations who battled the French settlements for a century.
4107,4,select_blank,exercise,4106,The French and Iroquois fought for about a ___.,century|decade|week|year,0,,,
4108,4,true_false,exercise,4106,The Iroquois Confederacy later grew to six nations.,,true,,,
4109,4,multiple_choice,exercise,4106,When did the French and Iroquois make peace?,1701|1608|1759|1774,0,,,
4110,4,true_false,exercise,4106,The Iroquois and French were allies from the start.,,false,,,They battled for about a century before finally making peace in 1701.
4111,4,true_false,preview,4112,The fur trade grew from beaver pelt demand.,,true,,,
4112,4,multiple_choice,main,,What drove New France's fur-trade economy?,Beaver pelts|Gold mining|Wheat exports|Fish exports,0,,,"The French and Aboriginal people collaborated in the vast fur-trade economy, driven by the demand for beaver pelts in Europe."
4113,4,select_blank,exercise,4112,French and Aboriginal people collaborated in the ___ trade.,fur|gold|wheat|tea,0,,,
4114,4,true_false,exercise,4112,Beaver pelts were in high demand in Europe.,,true,,,
4115,4,multiple_choice,exercise,4112,Who collaborated in the fur-trade economy?,"French, Aboriginal|British only|Spanish only|Dutch only",0,,,
4116,4,true_false,exercise,4112,The fur trade relied on demand for fish.,,false,,,"It was demand for beaver pelts in Europe, not fish, that drove the fur trade."
4117,4,true_false,preview,4118,"Jean Talon, Bishop Laval, and Frontenac led New France.",,true,,,
4118,4,multiple_choice,main,,Who were outstanding leaders of New France?,"Talon, Laval|Wolfe, Cabot|Brant, Cartier|Monts alone",0,,,"Outstanding leaders like Jean Talon, Bishop Laval, and Count Frontenac built a French Empire in North America."
4119,4,select_blank,exercise,4118,These leaders built a French Empire in North ___.,America|Europe|Asia|Africa,0,,,
4120,4,true_false,exercise,4118,Jean Talon was a leader of New France.,,true,,,
4121,4,multiple_choice,exercise,4118,Which bishop helped lead New France?,Bishop Laval|Bishop Carleton|Bishop Wolfe|Bishop Brant,0,,,
4122,4,true_false,exercise,4118,Frontenac helped build New France's empire.,,true,,,
4123,4,true_false,preview,4124,New France reached Hudson Bay to the Gulf of Mexico.,,true,,,
4124,4,multiple_choice,main,,How far did New France's empire reach?,Bay-to-Gulf|Quebec only|Atlantic only|Arctic only,0,,,New France's leaders built a French Empire in North America that reached from Hudson Bay to the Gulf of Mexico.
4125,4,select_blank,exercise,4124,New France stretched south to the Gulf of ___.,Mexico|Maine|St. Lawrence|Labrador,0,,,
4126,4,true_false,exercise,4124,New France's empire reached south into the Gulf of Mexico.,,true,,,
4127,4,multiple_choice,exercise,4124,Where did New France's empire begin in the north?,Hudson Bay|Bay Company|Labrador Sea|Arctic isles,0,,,
4128,4,true_false,exercise,4124,New France was confined only to Quebec City.,,false,,,New France's empire actually stretched from Hudson Bay to the Gulf of Mexico.
4129,4,true_false,preview,4130,The Hudson's Bay Company was chartered in 1670.,,true,,,
4130,4,multiple_choice,main,,Who granted the Hudson's Bay Company its charter?,Charles II|Francis I|Charles III|Queen Anne,0,,,"In 1670, King Charles II of England granted the Hudson's Bay Company exclusive trading rights over the Hudson Bay watershed."
4131,4,select_blank,exercise,4130,The charter gave rights over the Hudson Bay ___.,watershed|desert|prairie|coastline,0,,,
4132,4,true_false,exercise,4130,The company competed with Montreal traders for 100 years.,,true,,,
4133,4,multiple_choice,exercise,4130,In what year was the company chartered?,1670|1608|1701|1759,0,,,
4134,4,true_false,exercise,4130,The Hudson's Bay Company had no rival traders.,,false,,,"For a century, the Hudson's Bay Company competed with Montreal-based traders."
4135,4,true_false,preview,4136,Voyageurs travelled fur-trade routes by canoe.,,true,,,
4136,4,multiple_choice,main,,Who were the voyageurs and coureurs des bois?,Canoe traders|British soldiers|Loyalist farmers|Quebec judges,0,,,The skilled and courageous men who travelled by canoe were called voyageurs and coureurs des bois.
4137,4,select_blank,exercise,4136,Voyageurs formed strong alliances with ___ Nations.,First|European|Loyalist|Spanish,0,,,
4138,4,true_false,exercise,4136,Voyageurs and coureurs des bois travelled by canoe.,,true,,,
4139,4,multiple_choice,exercise,4136,What trait did voyageurs need for their work?,"Skill, courage|Farming skill|Legal training|Naval rank",0,,,
4140,4,true_false,exercise,4136,Coureurs des bois avoided all contact with First Nations.,,false,,,Voyageurs and coureurs des bois actually formed strong alliances with First Nations.
4141,4,true_false,preview,4142,English colonies grew richer than New France.,,true,,,
4142,4,multiple_choice,main,,How did English colonies compare to New France?,"Richer, bigger|Poorer, smaller|Exactly equal|Founded later",0,,,English colonies along the Atlantic seaboard eventually became richer and more populous than New France.
4143,4,select_blank,exercise,4142,English colonies dated from the early ___.,1600s|1500s|1700s|1800s,0,,,
4144,4,true_false,exercise,4142,English colonies lined the Atlantic seaboard.,,true,,,
4145,4,multiple_choice,exercise,4142,Where were the English colonies located?,Atlantic coast|Pacific coast|Hudson Bay|the Gulf,0,,,
4146,4,true_false,exercise,4142,New France was more populous than the English colonies.,,false,,,English colonies actually became richer and more populous than New France.
4147,4,true_false,preview,4148,Britain defeated France at Quebec City in 1759.,,true,,,
4148,4,multiple_choice,main,,What happened at the Plains of Abraham in 1759?,Britain won|France won|Loyalists arrived|Cartier landed,0,,,"In 1759, the British defeated the French in the Battle of the Plains of Abraham at Quebec City."
4149,4,select_blank,exercise,4148,The battle marked the end of France's American ___.,empire|navy|language|religion,0,,,
4150,4,true_false,exercise,4148,The battle was fought at Quebec City.,,true,,,
4151,4,multiple_choice,exercise,4148,In what year was the Plains of Abraham battle?,1759|1701|1608|1774,0,,,
4152,4,true_false,exercise,4148,The battle strengthened France's hold on North America.,,false,,,The battle actually ended France's empire in North America.
4153,4,true_false,preview,4154,Both commanders were killed at the Plains of Abraham.,,true,,,
4154,4,multiple_choice,main,,Who commanded the British and French armies?,"Wolfe, Montcalm|Cabot, Cartier|Talon, Laval|Brant, Carleton",0,,,"The commanders of both armies, Brigadier James Wolfe and the Marquis de Montcalm, were killed leading their troops."
4155,4,select_blank,exercise,4154,Brigadier James Wolfe commanded the ___ army.,British|French|Loyalist|Spanish,0,,,
4156,4,true_false,exercise,4154,The Marquis de Montcalm commanded the French army.,,true,,,
4157,4,multiple_choice,exercise,4154,What happened to both commanders in the battle?,Both killed|Both survived|Both fled|Both surrendered,0,,,
4158,4,true_false,exercise,4154,Wolfe commanded the French forces.,,false,,,James Wolfe commanded the British army; Montcalm commanded the French army.
4159,4,true_false,preview,4160,Britain renamed the colony the Province of Quebec.,,true,,,
4160,4,multiple_choice,main,,What did Britain call the colony after 1759?,Prov. Quebec|New France|Acadia|Upper Canada,0,,,"Following the war, Great Britain renamed the colony the ‘Province of Quebec.’"
4161,4,select_blank,exercise,4160,French-speaking Catholics were known as ___ or Canadiens.,habitants|Loyalists|voyageurs|Huguenots,0,,,
4162,4,true_false,exercise,4160,Habitants tried to preserve their way of life.,,true,,,
4163,4,multiple_choice,exercise,4160,What faith were most Canadiens?,Catholic|Protestant|Jewish|Anglican,0,,,
4164,4,true_false,exercise,4160,The British Empire at the time was Protestant-ruled.,,true,,,
4165,4,true_false,preview,4166,The Quebec Act of 1774 allowed Catholics religious freedom.,,true,,,
4166,4,multiple_choice,main,,What did the Quebec Act of 1774 allow Catholics?,"Freedom, office|Farming only|Trading only|Voting only",0,,,The Quebec Act of 1774 allowed religious freedom for Catholics and permitted them to hold public office.
4167,4,select_blank,exercise,4166,The Quebec Act was passed by the British ___.,Parliament|Governor|Church|Army,0,,,
4168,4,true_false,exercise,4166,Catholics could not hold public office in Britain then.,,true,,,
4169,4,multiple_choice,exercise,4166,What kind of majority did the Act address?,French Catholic|English Protestant|Spanish Catholic|Loyalist Protestant,0,,,
4170,4,true_false,exercise,4166,The Quebec Act banned Catholic public office in Quebec.,,false,,,The Quebec Act actually permitted Catholics to hold public office in Quebec.
4171,4,true_false,preview,4172,The Quebec Act restored French civil law.,,true,,,
4172,4,multiple_choice,main,,What legal mix did the Quebec Act create?,French civil|French criminal|All French|All British,0,,,The Quebec Act restored French civil law while maintaining British criminal law.
4173,4,select_blank,exercise,4172,The Quebec Act kept British ___ law in place.,criminal|civil|religious|trade,0,,,
4174,4,true_false,exercise,4172,The Quebec Act is a constitutional foundation of Canada.,,true,,,
4175,4,multiple_choice,exercise,4172,Which law system did the Act restore?,French civil|British civil|Spanish civil|Roman law,0,,,
4176,4,true_false,exercise,4172,The Quebec Act dropped British criminal law entirely.,,false,,,The Act restored French civil law but kept British criminal law in place.
4177,4,true_false,preview,4178,The 13 colonies declared independence in 1776.,,true,,,
4178,4,multiple_choice,main,,What did the 13 colonies form in 1776?,United States|New France|Upper Canada|Prov. Quebec,0,,,"In 1776, the 13 British colonies to the south of Quebec declared independence and formed the United States."
4179,4,select_blank,exercise,4178,The 13 colonies were located south of ___.,Quebec|Hudson Bay|Newfoundland|Acadia,0,,,
4180,4,true_false,exercise,4178,North America was divided again by this war.,,true,,,
4181,4,multiple_choice,exercise,4178,What event divided North America again?,Am. Revolution|Plains battle|Quebec Act|Vikings' arrival,0,,,
4182,4,true_false,exercise,4178,The 13 colonies stayed loyal to the Crown.,,false,,,In 1776 the colonies actually declared independence from the Crown.
4183,4,true_false,preview,4184,"More than 40,000 Loyalists fled to Canada.",,true,,,
4184,4,multiple_choice,main,,Where did Loyalists settle after fleeing?,"N.S., Quebec|Ontario only|Manitoba only|B.C. only",0,,,"More than 40,000 people loyal to the Crown fled the American Revolution to settle in Nova Scotia and Quebec."
4185,4,select_blank,exercise,4184,Loyalists fled the oppression of the American ___.,Revolution|Navy|Church|Economy,0,,,
4186,4,true_false,exercise,4184,"Over 40,000 Loyalists fled north.",,true,,,
4187,4,multiple_choice,exercise,4184,About how many Loyalists fled north?,"40,000+|4,000|400,000|4 million",0,,,
4188,4,true_false,exercise,4184,Loyalists were people loyal to the British Crown.,,true,,,
4189,4,true_false,preview,4190,Joseph Brant led Loyalist Mohawks to Canada.,,true,,,
4190,4,multiple_choice,main,,Who led thousands of Loyalist Mohawks north?,Joseph Brant|Guy Carleton|James Wolfe|Le Moyne,0,,,Joseph Brant led thousands of Loyalist Mohawk Indians into Canada.
4191,4,select_blank,exercise,4190,Joseph Brant led Loyalist ___ into Canada.,Mohawks|Cree|Sioux|Inuit,0,,,
4192,4,true_false,exercise,4190,Brant's followers were Loyalist Mohawk Indians.,,true,,,
4193,4,multiple_choice,exercise,4190,What group did Joseph Brant lead north?,Loyalist Mohawks|French habitants|British soldiers|Acadian farmers,0,,,
4194,4,true_false,exercise,4190,Joseph Brant opposed the Loyalist cause.,,false,,,Joseph Brant actually led thousands of Loyalist Mohawk Indians into Canada.
4195,4,true_false,preview,4196,Loyalists came from many ethnic backgrounds.,,true,,,
4196,4,multiple_choice,main,,What backgrounds did Loyalists come from?,"Dutch, German|British only|French only|Spanish only",0,,,"The Loyalists came from Dutch, German, British, Scandinavian, Aboriginal and other origins."
4197,4,select_blank,exercise,4196,"Loyalists included Presbyterian, Anglican and ___ believers.",Jewish|no religion|Hindu|Buddhist,0,,,
4198,4,true_false,exercise,4196,Loyalists included Quaker and Catholic believers.,,true,,,
4199,4,multiple_choice,exercise,4196,Which faiths were among the Loyalists?,"Baptist, Methodist|Anglican only|Catholic only|Jewish only",0,,,
4200,4,true_false,exercise,4196,All Loyalists shared one single ethnic origin.,,false,,,"Loyalists actually came from Dutch, German, British, Scandinavian, Aboriginal, and other origins."
4201,4,true_false,preview,4202,"About 3,000 black Loyalists came north.",,true,,,
4202,4,multiple_choice,main,,What did some black Nova Scotians do in 1792?,Founded Freetown|Founded Quebec|Joined Iroquois|Returned home,0,,,"In 1792, some black Nova Scotians, given poor land, moved on to establish Freetown, Sierra Leone."
4203,4,select_blank,exercise,4202,Freetown was a new British colony in ___.,Sierra Leone|Nova Scotia|Ontario|Acadia,0,,,
4204,4,true_false,exercise,4202,Black Nova Scotians were given poor land.,,true,,,
4205,4,multiple_choice,exercise,4202,About how many black Loyalists came north?,"3,000|300|30,000|30",0,,,
4206,4,true_false,exercise,4202,Freetown was founded for freed slaves.,,true,,,
4207,4,true_false,preview,4208,Pierre Le Moyne was a hero of New France.,,true,,,
4208,4,multiple_choice,main,,"What was Pierre Le Moyne, Sieur d'Iberville, known for?",War victories|Founding Quebec|Leading Loyalists|Quebec Act,0,p15-pierre-le-moyne.jpeg,,"Pierre Le Moyne, Sieur d'Iberville, was a great hero of New France, winning many victories over the English."
4209,4,select_blank,exercise,4208,Le Moyne's victories reached the ___.,Caribbean|Pacific|Arctic|Atlantic,0,,,
4210,4,true_false,exercise,4208,Le Moyne fought against the English.,,true,,,
4211,4,multiple_choice,exercise,4208,In which era did Le Moyne win his victories?,1600s-1700s|1500s|1800s|1900s,0,,,
4212,4,true_false,exercise,4208,Le Moyne's victories only happened near Quebec City.,,false,,,Le Moyne's victories ranged from James Bay in the north to Nevis in the Caribbean.
4213,4,true_false,preview,4214,Sir Guy Carleton governed the Province of Quebec.,,true,,,
4214,4,multiple_choice,main,,What did Governor Guy Carleton do in 1775?,Beat invaders|Founded colony|Signed Act|Led Mohawks,0,p15-guy-carleton.jpeg,,"Sir Guy Carleton, as Governor of Quebec, defeated an American military invasion of Quebec in 1775."
4215,4,select_blank,exercise,4214,Carleton is also known as Lord ___.,Dorchester|Frontenac|Wolfe|Montcalm,0,,,
4216,4,true_false,exercise,4214,Carleton defended the rights of the Canadiens.,,true,,,
4217,4,multiple_choice,exercise,4214,What did Carleton supervise in 1782–83?,Loyalist move|Fur trade|Plains battle|Act vote,0,,,
4218,4,true_false,exercise,4214,Carleton oversaw Loyalist settlement in Nova Scotia and Quebec.,,true,,,
4219,4,true_false,preview,4220,Frontenac refused to surrender Quebec in 1690.,,true,,,
4220,4,multiple_choice,main,,What did Frontenac say when asked to surrender?,My cannons|Surrender now|Talk peace|Will flee,0,p15-frontenac-defiance.jpeg,,"Count Frontenac refused to surrender Quebec to the English in 1690, saying his only reply would be from the mouths of his cannons."
4221,4,select_blank,exercise,4220,Frontenac refused to surrender Quebec to the ___.,English|French|Spanish|Dutch,0,,,
4222,4,true_false,exercise,4220,Frontenac's famous reply mentioned his cannons.,,true,,,
4223,4,multiple_choice,exercise,4220,In what year did Frontenac refuse to surrender?,1690|1608|1701|1759,0,,,
4224,4,true_false,exercise,4220,Frontenac surrendered Quebec without resistance.,,false,,,"Frontenac actually refused to surrender, saying his reply would come from his cannons."
5001,5,true_false,preview,5002,Halifax held Canada's first elected assembly.,,true,,,
5002,5,multiple_choice,main,,Where was Canada's first elected assembly?,Halifax|Quebec City|Toronto|Montreal,0,,,"The first representative assembly was elected in Halifax, Nova Scotia, in 1758."
5003,5,true_false,exercise,5002,Nova Scotia's first assembly met in 1758.,,true,,,
5004,5,select_blank,exercise,5002,Halifax's first elected assembly met in ___.,1758|1773|1785|1791,0,,,
5005,5,multiple_choice,exercise,5002,Which province had Canada's first assembly?,Nova Scotia|New Brunswick|PEI|Quebec,0,,,
5006,5,true_false,exercise,5002,Prince Edward Island had the first assembly.,,false,,,
5007,5,select_blank,preview,5008,PEI got an elected assembly in ___.,1773|1758|1785|1791,0,,,
5008,5,multiple_choice,main,,When did New Brunswick get its assembly?,1785|1758|1773|1791,0,,,"PEI's assembly followed in 1773, and New Brunswick's in 1785."
5009,5,true_false,exercise,5008,New Brunswick's assembly came after PEI's.,,true,,,
5010,5,select_blank,exercise,5008,PEI's assembly followed Halifax's by ___ years.,15|5|30|50,0,,,
5011,5,multiple_choice,exercise,5008,"Which assembly came first, PEI or NB?",PEI|New Brunswick|Same year|Neither,0,,,
5012,5,true_false,exercise,5008,New Brunswick's assembly started in 1785.,,true,,,
5013,5,true_false,preview,5014,The Constitutional Act of 1791 split Quebec.,,true,,,
5014,5,multiple_choice,main,,What did the Constitutional Act of 1791 do?,Divided Quebec|Merged Canadas|Ended slavery|Created RCMP,0,,,The Constitutional Act of 1791 divided the Province of Quebec into Upper Canada and Lower Canada.
5015,5,select_blank,exercise,5014,The Constitutional Act was passed in ___.,1791|1758|1867|1840,0,,,
5016,5,true_false,exercise,5014,The Act created Upper and Lower Canada.,,true,,,
5017,5,multiple_choice,exercise,5014,What did Upper Canada later become?,Ontario|Quebec|Manitoba|Nova Scotia,0,,,
5018,5,multiple_choice,exercise,5014,What did Lower Canada later become?,Quebec|Ontario|Manitoba|Nova Scotia,0,,,
5019,5,true_false,preview,5020,Lower Canada was mainly French-speaking and Catholic.,,true,,,
5020,5,multiple_choice,main,,Which best described Upper Canada in 1791?,Loyalist English|Catholic French|Bilingual Métis|Acadian Catholic,0,p16-first-assembly-lower-canada.jpeg,,"Upper Canada was mainly Loyalist, Protestant and English-speaking; Lower Canada was heavily Catholic and French-speaking."
5021,5,multiple_choice,exercise,5020,Which best described Lower Canada in 1791?,Catholic French|Loyalist English|Protestant English|Acadian Dutch,0,,,
5022,5,true_false,exercise,5020,Upper Canada was mostly Protestant and Loyalist.,,true,,,
5023,5,select_blank,exercise,5020,Lower Canada's assembly debated using French and ___.,English|Spanish|Gaelic|Dutch,0,p16-first-assembly-lower-canada.jpeg,,
5024,5,true_false,exercise,5020,Lower Canada's first assembly met in Quebec City.,,true,,,
5025,5,true_false,preview,5026,The Atlantic colonies and Canadas were called British North America.,,true,,,
5026,5,multiple_choice,main,,What became official under the 1791 Act?,Name Canada|Maple Leaf|Bilingualism law|Confederation,0,,,The name Canada became official at this time and has been used ever since.
5027,5,true_false,exercise,5026,The name 'Canada' became official in 1791.,,true,,,
5028,5,select_blank,exercise,5026,The Canadas and Atlantic colonies were British ___ America.,North|South|Upper|Central,0,,,
5029,5,multiple_choice,exercise,5026,What term covered these colonies together?,BNA|New France|Dominion Canada|Confederation,0,,,
5030,5,true_false,preview,5031,Upper Canada moved toward ending slavery first in the Empire.,,true,,,
5031,5,multiple_choice,main,,Who led Upper Canada toward abolishing slavery?,Simcoe|Macdonald|Robert Baldwin|Louis Riel,0,p16-simcoe-portrait.jpeg,,"In 1793, Lieutenant Governor John Graves Simcoe led Upper Canada to become the first province in the Empire to move toward abolition."
5032,5,select_blank,exercise,5031,Upper Canada moved toward abolition in ___.,1793|1807|1833|1867,0,,,
5033,5,true_false,exercise,5031,Simcoe was Upper Canada's first Lieutenant Governor.,,true,p16-simcoe-portrait.jpeg,,
5034,5,multiple_choice,exercise,5031,Simcoe also founded which city?,York (Toronto)|Halifax|Montreal|Kingston,0,,,
5035,5,true_false,exercise,5031,Simcoe was a Loyalist military officer.,,true,,,
5036,5,select_blank,preview,5037,Britain abolished slavery empire-wide in ___.,1833|1807|1793|1867,0,,,
5037,5,multiple_choice,main,,When did Britain abolish slavery empire-wide?,1833|1807|1793|1867,0,,,"In 1807, the British Parliament prohibited the buying and selling of slaves, and in 1833 abolished slavery throughout the Empire."
5038,5,select_blank,exercise,5037,Britain banned buying and selling of slaves in ___.,1807|1833|1793|1758,0,,,
5039,5,true_false,exercise,5037,The slave-trade ban came before full abolition.,,true,,,
5040,5,multiple_choice,exercise,5037,What happened across the British Empire in 1833?,Slavery abolished|Slave trade|Confederation formed|War 1812,0,,,
5041,5,true_false,preview,5042,The Underground Railroad helped enslaved people reach Canada.,,true,,,
5042,5,multiple_choice,main,,What was the Underground Railroad?,Anti-slavery network|Rail company|Political party|Trade route,0,,,"Thousands of slaves escaped the United States via the Underground Railroad, a Christian anti-slavery network, following ""the North Star"" to Canada."
5043,5,select_blank,exercise,5042,Escaping slaves followed ___ to reach Canada.,North Star|a map|a guidebook|a river,0,,,
5044,5,true_false,exercise,5042,The Underground Railroad was a Christian network.,,true,,,
5045,5,multiple_choice,exercise,5042,Where did Underground Railroad escapees settle?,Canada|Mexico|France|The Caribbean,0,,,
5046,5,true_false,preview,5047,Mary Ann Shadd Cary was Canada's first woman publisher.,,true,,,
5047,5,multiple_choice,main,,What did Mary Ann Shadd Cary found in 1853?,Provincial Freeman|The RCMP|Stock exchange|Political party,0,p16-mary-ann-shadd-cary.jpeg,,"In 1853 Mary Ann Shadd Cary became the first woman publisher in Canada, helping found The Provincial Freeman newspaper."
5048,5,select_blank,exercise,5047,Shadd Cary became Canada's first woman ___.,publisher|premier|judge|mayor,0,,,
5049,5,true_false,exercise,5047,The Provincial Freeman supported anti-slavery causes.,,true,,,
5050,5,multiple_choice,exercise,5047,In what year did Shadd Cary found her newspaper?,1853|1793|1807|1867,0,p16-mary-ann-shadd-cary.jpeg,,
5051,5,true_false,exercise,5047,Shadd Cary was an activist against slavery.,,true,,,
5052,5,true_false,preview,5053,The Hudson's Bay Company dominated the northwest fur trade.,,true,,,
5053,5,multiple_choice,main,,Which company dominated Canada's early fur trade?,HBC|Montreal Exchange|East India|RCMP,0,,,"The Hudson's Bay Company, with French, British and Aboriginal employees, came to dominate the fur trade from Fort Garry to Fort Victoria."
5054,5,select_blank,exercise,5053,Fort Garry later became the city of ___.,Winnipeg|Vancouver|Regina|Calgary,0,,,
5055,5,true_false,exercise,5053,"The Hudson's Bay Company employed French, British and Aboriginal workers.",,true,,,
5056,5,select_blank,exercise,5053,Many early fur-trade forts later became Canadian ___.,cities|provinces|territories|colonies,0,,,
5057,5,select_blank,preview,5058,The Montreal Stock Exchange opened in ___.,1832|1758|1867|1905,0,,,
5058,5,multiple_choice,main,,What opened in Montreal in 1832?,Stock exchange|A parliament|A university|A railway,0,,,The Montreal Stock Exchange opened in 1832; for centuries Canada's economy was based mainly on farming and exporting natural resources.
5059,5,true_false,exercise,5058,Canada's early economy relied on farming and resources.,,true,,,
5060,5,multiple_choice,exercise,5058,Which was an early Canadian export?,Fur|Automobiles|Computers|Airplanes,0,,,
5061,5,true_false,exercise,5058,The Montreal Stock Exchange opened in the 19th century.,,true,,,
5062,5,true_false,preview,5063,The United States invaded Canada in June 1812.,,true,,,
5063,5,multiple_choice,main,,Why did the U.S.A. invade Canada in 1812?,British interference|Border dispute|Fur trade|Religious conflict,0,p17-hms-shannon-uss-chesapeake.jpeg,,"American resentment at British interference with shipping, after Britain fought Napoleon, led the U.S.A. to invade Canada in June 1812."
5064,5,select_blank,exercise,5063,The U.S.A. invaded Canada in ___.,June 1812|July 1812|1814|1805,0,,,
5065,5,true_false,exercise,5063,The Royal Navy ruled the seas after Trafalgar.,,true,,,
5066,5,multiple_choice,exercise,5063,Which battle defeated Napoleon's fleet in 1805?,Trafalgar|Waterloo|Chateauguay|Beaver Dams,0,,,
5067,5,true_false,exercise,5063,The Americans believed conquering Canada would be easy.,,true,p17-hms-shannon-uss-chesapeake.jpeg,,
5068,5,true_false,preview,5069,Isaac Brock died defending Queenston Heights.,,true,,,
5069,5,multiple_choice,main,,Which First Nations leader allied with Brock?,Chief Tecumseh|Louis Riel|Robert Baldwin|Gabriel Dumont,0,p17-brock-and-tecumseh.jpeg,,"Major-General Sir Isaac Brock captured Detroit with Shawnee Chief Tecumseh's support, but was killed defending Queenston Heights in 1812."
5070,5,select_blank,exercise,5069,Brock captured the city of ___ in July 1812.,Detroit|Toronto|Montreal|Halifax,0,,,
5071,5,true_false,exercise,5069,Tecumseh led Shawnee warriors who helped defend Canada.,,true,p17-brock-and-tecumseh.jpeg,,
5072,5,multiple_choice,exercise,5069,Where was Isaac Brock killed in battle?,Queenston Heights|Chateauguay|Beaver Dams|York,0,,,
5073,5,true_false,exercise,5069,The Americans won the Battle of Queenston Heights.,,false,,,
5074,5,true_false,preview,5075,"460 soldiers turned back 4,000 Americans at Chateauguay.",,true,,,
5075,5,multiple_choice,main,,Who led Canadians at the Battle of Chateauguay?,de Salaberry|Isaac Brock|Robert Ross|Sam Steele,0,p17-french-canadian-militiaman.jpeg,,"In 1813, Lieutenant-Colonel Charles de Salaberry and 460 soldiers, mostly French Canadiens, turned back 4,000 American invaders at Chateauguay."
5076,5,select_blank,exercise,5075,Chateauguay is located south of ___.,Montreal|Toronto|Halifax|Quebec City,0,,,
5077,5,true_false,exercise,5075,Most of de Salaberry's soldiers were French Canadiens.,,true,p17-french-canadian-militiaman.jpeg,,
5078,5,multiple_choice,exercise,5075,About how many soldiers defended Chateauguay?,"460|4,000|12,000|100",0,,,
5079,5,true_false,preview,5080,Americans burned York's Parliament Buildings in 1813.,,true,,,
5080,5,multiple_choice,main,,Who burned the White House in 1814?,Robert Ross|Isaac Brock|de Salaberry|Sam Steele,0,,,"In retaliation for the burning of York in 1813, Major-General Robert Ross burned the White House and other Washington buildings in 1814."
5081,5,select_blank,exercise,5080,The Americans burned York's Parliament Buildings in ___.,1813|1812|1814|1815,0,,,
5082,5,true_false,exercise,5080,Robert Ross was buried in Halifax with military honours.,,true,,,
5083,5,multiple_choice,exercise,5080,What is York known as today?,Toronto|Ottawa|Montreal|Kingston,0,,,
5084,5,true_false,preview,5085,Laura Secord walked 30 km to warn of an attack.,,true,,,
5085,5,multiple_choice,main,,What did Laura Secord do in 1813?,Gave warning|Led army|Founded newspaper|Signed BNA,0,p17-laura-secord-stamp.jpeg,,"In 1813, Laura Secord made a dangerous 30-km journey to warn Lieutenant FitzGibbon of a planned American attack, aiding victory at Beaver Dams."
5086,5,select_blank,exercise,5085,Secord's warning helped win the Battle of ___.,Beaver Dams|Chateauguay|Queenston Heights|Trafalgar,0,,,
5087,5,true_false,exercise,5085,Laura Secord warned Lieutenant James FitzGibbon.,,true,p17-laura-secord-stamp.jpeg,,
5088,5,multiple_choice,exercise,5085,About how far did Laura Secord travel on foot?,30 km|5 km|100 km|60 km,0,,,
5089,5,true_false,preview,5090,The Duke of Wellington chose Bytown for the Rideau Canal.,,true,,,
5090,5,multiple_choice,main,,Which city grew from Wellington's canal endpoint?,Ottawa|Toronto|Montreal|Kingston,0,p17-duke-of-wellington.jpeg,,"Wellington chose Bytown (Ottawa) as the endpoint of the Rideau Canal, part of a defence network; Bytown became the national capital."
5091,5,select_blank,exercise,5090,Wellington defeated Napoleon in ___.,1815|1812|1814|1793,0,,,
5092,5,true_false,exercise,5090,The Rideau Canal helped defend against U.S. invasion.,,true,,,
5093,5,multiple_choice,exercise,5090,Bytown is known today as which city?,Ottawa|Toronto|Kingston|Halifax,0,p17-duke-of-wellington.jpeg,,
5094,5,true_false,preview,5095,By 1814 the American attempt to conquer Canada had failed.,,true,,,
5095,5,multiple_choice,main,,What did the War of 1812 ensure for Canada?,Stayed independent|Union U.S.A.|Return France|End slavery,0,,,"By 1814 the American attempt to conquer Canada had failed, and the war ensured Canada would remain independent of the United States."
5096,5,select_blank,exercise,5095,War of 1812 defence Fort Henry is at ___.,Kingston|Halifax|Quebec City|Ottawa,0,,,
5097,5,true_false,exercise,5095,Today's Canada-U.S.A. border partly resulted from the War of 1812.,,true,,,
5098,5,multiple_choice,exercise,5095,Which city built a naval drydock for defence?,Halifax|Toronto|Winnipeg|Regina,0,,,
5099,5,true_false,preview,5100,Armed rebellions occurred in 1837-38 near Montreal and Toronto.,,true,,,
5100,5,multiple_choice,main,,Where did the 1837-38 rebellions occur?,Montreal Toronto|Halifax Regina|Quebec Kingston|Winnipeg Victoria,0,,,"Armed rebellions occurred in 1837-38 in the area outside Montreal and in Toronto, but the rebels lacked enough public support to succeed."
5101,5,select_blank,exercise,5100,The rebels wanted faster progress toward full ___.,democracy|monarchy|war|slavery,0,,,
5102,5,true_false,exercise,5100,British troops and Canadian volunteers defeated the rebels.,,true,,,
5103,5,multiple_choice,exercise,5100,What happened to some rebellion leaders?,Hanged/exiled|Became premier|Were knighted|Were promoted,0,,,
5104,5,true_false,preview,5105,Lord Durham recommended merging Upper and Lower Canada.,,true,,,
5105,5,multiple_choice,main,,What did Lord Durham recommend for the Canadas?,Merge self-govern|Split colonies|Full independence|Return France,0,,,"Lord Durham recommended that Upper and Lower Canada be merged and given responsible government, where ministers need majority support to govern."
5106,5,select_blank,exercise,5105,Durham controversially urged Canadiens to ___ into English culture.,assimilate|separate|emigrate|unite,0,,,
5107,5,true_false,exercise,5105,Durham's assimilation idea misunderstood French Canadians.,,true,,,
5108,5,multiple_choice,exercise,5105,Responsible government requires support from whom?,Elected majority|Queen only|The army|No one,0,,,
5109,5,true_false,preview,5110,Sir Leonard Tilley suggested the term Dominion of Canada.,,true,,,
5110,5,multiple_choice,main,,Who suggested the name 'Dominion of Canada'?,Leonard Tilley|John Macdonald|George-Étienne Cartier|Louis Riel,0,,,"Sir Leonard Tilley, a Father of Confederation from New Brunswick, suggested the term Dominion of Canada in 1864, inspired by Psalm 72."
5111,5,select_blank,exercise,5110,Tilley suggested 'Dominion' in ___.,1864|1867|1791|1905,0,,,
5112,5,true_false,exercise,5110,The term 'Dominion' came from Psalm 72.,,true,,,
5113,5,multiple_choice,exercise,5110,Tilley was a Father of Confederation from which province?,New Brunswick|Nova Scotia|Ontario|Quebec,0,,,
5114,5,true_false,preview,5115,Upper and Lower Canada united in 1840.,,true,,,
5115,5,multiple_choice,main,,What formed in 1840 from the two Canadas?,Province Canada|Dominion Canada|New France|British Columbia,0,,,"In 1840, Upper and Lower Canada were united as the Province of Canada."
5116,5,select_blank,exercise,5115,The Province of Canada formed in ___.,1840|1791|1867|1849,0,,,
5117,5,true_false,exercise,5115,The Province of Canada replaced Upper and Lower Canada.,,true,,,
5118,5,multiple_choice,exercise,5115,Which system requires the government to keep majority support?,Responsible government|Absolute monarchy|Confederation|Martial law,0,,,
5119,5,multiple_choice,exercise,5115,What is meant by the term 'responsible government'?,Majority support|Queen rules|Provinces independent|Judges govern,0,,,Responsible government means the ministers of the Crown must have the support of a majority of elected representatives to govern.
5120,5,true_false,preview,5121,La Fontaine and Baldwin worked toward responsible government.,,true,,,
5121,5,multiple_choice,main,,Who championed French language rights as a reformer?,La Fontaine|Robert Baldwin|Joseph Howe|John Macdonald,0,p18-lafontaine-portrait.png,,"La Fontaine, alongside Robert Baldwin and Joseph Howe in Nova Scotia, worked with British governors toward responsible government."
5122,5,select_blank,exercise,5121,Robert Baldwin worked alongside ___ for responsible government.,La Fontaine|Riel|Cartier|Tilley,0,,,
5123,5,true_false,exercise,5121,Joseph Howe led reform efforts in Nova Scotia.,,true,,,
5124,5,multiple_choice,exercise,5121,La Fontaine became the first leader of what?,Responsible government|The RCMP|The Senate|The army,0,p18-lafontaine-portrait.png,,
5125,5,multiple_choice,exercise,5121,Who was Sir Louis-Hippolyte La Fontaine?,Led government|First PM|Duke Wellington|Shawnee chief,0,p18-lafontaine-portrait.png,,"La Fontaine, a champion of democracy and French language rights, became the first leader of a responsible government in the Canadas, in 1849."
5126,5,true_false,preview,5127,Nova Scotia was first to gain responsible government.,,true,,,
5127,5,multiple_choice,main,,Which colony first gained full responsible government?,Nova Scotia|Province Canada|New Brunswick|PEI,0,,,Nova Scotia attained full responsible government in 1847-48; Lord Elgin introduced it in the Province of Canada in 1848-49.
5128,5,select_blank,exercise,5127,Nova Scotia gained responsible government in ___.,1847-48|1840|1867|1791,0,,,
5129,5,true_false,exercise,5127,Lord Elgin introduced responsible government to United Canada.,,true,,,
5130,5,multiple_choice,exercise,5127,What happens after a lost confidence vote?,Resign|Gain power|Call king|Nothing,0,,,
5131,5,true_false,preview,5132,The Fathers of Confederation created Canada by 1867.,,true,,,
5132,5,multiple_choice,main,,Who negotiated Canada's Confederation from 1864-1867?,Fathers Confederation|Underground Railroad|The NWMP|The Métis,0,p18-fathers-of-confederation.jpeg,,"From 1864 to 1867, representatives of Nova Scotia, New Brunswick and the Province of Canada worked together as the Fathers of Confederation to form a new country."
5133,5,select_blank,exercise,5132,Confederation talks ran from 1864 to ___.,1867|1870|1791|1905,0,,,
5134,5,true_false,exercise,5132,Confederation created federal and provincial levels of government.,,true,p18-fathers-of-confederation.jpeg,,
5135,5,multiple_choice,exercise,5132,Which two provinces formed from the Province of Canada?,Ontario Quebec|Manitoba BC|NB NS|Alberta Saskatchewan,0,,,
5136,5,multiple_choice,exercise,5132,What does Confederation mean?,Uniting provinces|Ending slavery|Signing treaty|Building railway,0,p18-fathers-of-confederation.jpeg,,"Confederation is the joining of separate colonies into one federal country, creating federal and provincial levels of government."
5137,5,true_false,preview,5138,"The Dominion of Canada was born on July 1, 1867.",,true,,,
5138,5,multiple_choice,main,,What Act created the Dominion of Canada?,BNA Act|Constitutional Act|Quebec Act|Indian Act,0,,,"The British Parliament passed the British North America Act in 1867; the Dominion of Canada was officially born on July 1, 1867."
5139,5,select_blank,exercise,5138,July 1 was called 'Dominion Day' until ___.,1982|1867|1905|1949,0,,,
5140,5,true_false,exercise,5138,July 1 is now officially called Canada Day.,,true,,,
5141,5,multiple_choice,exercise,5138,Which parliament passed the British North America Act?,British Parliament|American Congress|Quebec Assembly|Ontario Legislature,0,,,
5142,5,true_false,preview,5143,New Brunswick was a founding province of Canada.,,true,,,
5143,5,multiple_choice,main,,Which was NOT a founding province in 1867?,British Columbia|Ontario|Quebec|Nova Scotia,0,,,"In 1867, Ontario, Quebec, Nova Scotia and New Brunswick together formed the new country called the Dominion of Canada. British Columbia joined later, in 1871."
5144,5,select_blank,exercise,5143,Each new province controlled areas like education and ___.,health|foreign policy|defence|currency,0,,,
5145,5,true_false,exercise,5143,Prince Edward Island joined Confederation in 1867.,,false,,,
5146,5,multiple_choice,exercise,5143,How many provinces founded Canada in 1867?,Four|Two|Six|Ten,0,,,
5147,5,true_false,preview,5148,Manitoba joined Confederation in 1870.,,true,,,
5148,5,multiple_choice,main,,Which province joined Canada in 1871?,British Columbia|Manitoba|Alberta|Yukon,0,,,"Manitoba and the Northwest Territories joined in 1870, British Columbia in 1871, and Prince Edward Island in 1873."
5149,5,select_blank,exercise,5148,Prince Edward Island joined Confederation in ___.,1873|1867|1870|1871,0,,,
5150,5,true_false,exercise,5148,The Arctic Islands were transferred to the N.W.T. in 1880.,,true,,,
5151,5,multiple_choice,exercise,5148,Manitoba and the Northwest Territories joined in which year?,1870|1867|1871|1873,0,,,
5152,5,true_false,preview,5153,Nunavut became a territory in 1999.,,true,,,
5153,5,multiple_choice,main,,When did Newfoundland and Labrador join Canada?,1949|1905|1898|1999,0,,,"Yukon Territory joined in 1898, Alberta and Saskatchewan in 1905, Newfoundland and Labrador in 1949, and Nunavut in 1999."
5154,5,select_blank,exercise,5153,Alberta and Saskatchewan joined Canada in ___.,1905|1898|1949|1999,0,,,
5155,5,true_false,exercise,5153,Yukon Territory joined Canada in 1898.,,true,,,
5156,5,multiple_choice,exercise,5153,"Which territory joined last, in 1999?",Nunavut|Yukon|Northwest Territories|Alberta,0,,,
5157,5,true_false,preview,5158,Sir John A. Macdonald was Canada's first Prime Minister.,,true,,,
5158,5,multiple_choice,main,,Who was Canada's first Prime Minister in 1867?,John Macdonald|George-Étienne Cartier|Leonard Tilley|Louis Riel,0,,,"In 1867, Sir John Alexander Macdonald, a Father of Confederation, became Canada's first Prime Minister; he was born in Scotland in 1815."
5159,5,select_blank,exercise,5158,Macdonald was born in ___ in 1815.,Scotland|Ireland|England|Wales,0,,,
5160,5,true_false,exercise,5158,"Macdonald worked as a lawyer in Kingston, Ontario.",,true,,,
5161,5,multiple_choice,exercise,5158,Whose portrait appears on the Canadian $10 bill?,John Macdonald|George-Étienne Cartier|Louis Riel|Leonard Tilley,0,,,
5162,5,select_blank,exercise,5158,Parliament recognizes January 11 as Sir John Macdonald ___.,Day|Week|Weekend|Month,0,,,
5163,5,true_false,preview,5164,George-Étienne Cartier led Quebec into Confederation.,,true,,,
5164,5,multiple_choice,main,,Who was the key architect of Confederation from Quebec?,George-Étienne Cartier|John Macdonald|Leonard Tilley|Louis Riel,0,,,"Sir George-Étienne Cartier, a railway lawyer and close ally of Macdonald, led Quebec into Confederation and helped negotiate BC's entry."
5165,5,select_blank,exercise,5164,Cartier helped negotiate the entry of Manitoba and ___.,British Columbia|Nunavut|Newfoundland|Yukon,0,,,
5166,5,true_false,exercise,5164,Cartier was a close ally of John A. Macdonald.,,true,,,
5167,5,multiple_choice,exercise,5164,What was Cartier's profession?,Railway lawyer|Farmer|Soldier|Doctor,0,,,
5168,5,true_false,preview,5169,Canada took the northwest from the Hudson's Bay Company.,,true,,,
5169,5,multiple_choice,main,,Why did Louis Riel lead an uprising in 1869?,Métis ignored|Slavery reinstated|Taxes rose|War U.S.A.,0,p19-fort-garry-1863.jpeg,,"When Canada took over the northwest in 1869, the 12,000 Métis of the Red River were not consulted, so Louis Riel led an uprising and seized Fort Garry."
5170,5,select_blank,exercise,5169,Riel and the Métis seized ___ as territorial capital.,Fort Garry|Fort Edmonton|Fort Victoria|Fort Calgary,0,p19-fort-garry-1863.jpeg,,
5171,5,true_false,exercise,5169,"About 12,000 Métis lived at Red River.",,true,,,
5172,5,multiple_choice,exercise,5169,What region did Canada take from HBC in 1869?,The northwest|The Maritimes|Vancouver Island|Quebec,0,,,
5173,5,true_false,preview,5174,Manitoba became a province in 1870.,,true,,,
5174,5,multiple_choice,main,,What happened after Ottawa retook Fort Garry in 1870?,Manitoba province|Riel Premier|Slavery ended|War Britain,0,,,"Ottawa sent soldiers to retake Fort Garry in 1870, Riel fled to the U.S.A., and Canada established the new province of Manitoba."
5175,5,select_blank,exercise,5174,Riel fled to the ___ after the uprising.,United States|Britain|France|Quebec,0,,,
5176,5,true_false,exercise,5174,Riel was elected to Parliament but never took his seat.,,true,,,
5177,5,multiple_choice,exercise,5174,Riel is remembered as the father of which province?,Manitoba|Alberta|Saskatchewan|Ontario,0,,,
5178,5,true_false,preview,5179,Louis Riel was executed for high treason in 1885.,,true,,,
5179,5,multiple_choice,main,,Where did the second Métis rebellion happen in 1885?,Saskatchewan|Manitoba|Ontario|Quebec,0,p19-gabriel-dumont.png,,"A second rebellion in 1885 in present-day Saskatchewan led to Riel's trial and execution for high treason, strongly opposed in Quebec."
5180,5,select_blank,exercise,5179,Riel's execution was strongly opposed in ___.,Quebec|Ontario|Nova Scotia|Alberta,0,,,
5181,5,true_false,exercise,5179,Gabriel Dumont was the Métis' greatest military leader.,,true,p19-gabriel-dumont.png,,
5182,5,multiple_choice,exercise,5179,What was Riel convicted of in 1885?,High treason|Theft|Murder soldier|Smuggling,0,,,
5183,5,true_false,preview,5184,Macdonald founded the North West Mounted Police in 1873.,,true,,,
5184,5,multiple_choice,main,,Why did Macdonald establish the NWMP in 1873?,Pacify West|Fight U.S.A.|Guard Parliament|Collect taxes,0,p19-sam-steele.png,,"After the first Métis uprising, Macdonald established the North West Mounted Police in 1873 to pacify the West and assist talks with Indians."
5185,5,select_blank,exercise,5184,The NWMP later became known as the ___.,RCMP|CSIS|CBSA|OPP,0,,,
5186,5,true_false,exercise,5184,Sam Steele was a famous Mounted Police hero.,,true,p19-sam-steele.png,,
5187,5,multiple_choice,exercise,5184,Which city became NWMP headquarters?,Regina|Calgary|Winnipeg|Edmonton,0,,,
5188,5,true_false,exercise,5184,The NWMP founded Fort Calgary and Fort MacLeod.,,true,,,
6001,6,true_false,preview,6002,Canada took over the northwest region in 1869.,,true,,,
6002,6,multiple_choice,main,,Who led the Métis uprising after 1869?,Louis Riel|Gabriel Dumont|Sam Steele|John Macdonald,0,p19-fort-garry.jpeg,,"In 1869 the 12,000 Métis of the Red River were not consulted when Canada took over the northwest from the Hudson's Bay Company. Louis Riel led an armed uprising and seized Fort Garry, the territorial capital."
6003,6,true_false,exercise,6002,Louis Riel led an armed uprising in 1869.,,true,,,
6004,6,multiple_choice,exercise,6002,What fort did Riel's forces seize in 1869?,Fort Garry|Fort Calgary|Fort MacLeod|Fort York,0,,,
6005,6,select_blank,exercise,6002,The ___ of the Red River were not consulted.,Métis|Inuit|Acadians|Huguenots,0,,,
6006,6,multiple_choice,exercise,6002,How many Métis lived at Red River in 1869?,"12,000|1,200|120,000|2,000",0,,,
6011,6,true_false,preview,6012,Manitoba became a province in 1870.,,true,,,
6012,6,multiple_choice,main,,What new province did Ottawa create in 1870?,Manitoba|Saskatchewan|Alberta|British Columbia,0,,,"Ottawa sent soldiers to retake Fort Garry in 1870. Riel fled to the United States, and Canada established a new province: Manitoba."
6013,6,true_false,exercise,6012,Riel fled to the United States in 1870.,,true,,,
6014,6,multiple_choice,exercise,6012,In what year did Ottawa retake Fort Garry?,1870|1867|1885|1873,0,,,
6015,6,multiple_choice,exercise,6012,Which province came directly from the Red River uprising?,Manitoba|Ontario|Quebec|Nova Scotia,0,,,
6021,6,true_false,preview,6022,Louis Riel was elected to Parliament.,,true,,,
6022,6,multiple_choice,main,,What happened after Riel was elected to Parliament?,Never sat|Became PM|Resigned immediately|Was knighted,0,,,"Riel was elected to Parliament but never took his seat, as Métis and Indian rights were again threatened by westward settlement."
6023,6,true_false,exercise,6022,Riel took his seat in Parliament after being elected.,,false,,,Riel was elected to Parliament but never took his seat.
6024,6,multiple_choice,exercise,6022,Despite being elected an MP Riel never did what?,Take seat|Pay taxes|Vote|Travel,0,,,
6025,6,select_blank,exercise,6022,Riel was elected to ___ but never sat.,Parliament|the Senate|Cabinet post|the courts,0,,,
6031,6,true_false,preview,6032,A second Métis and Indian rebellion occurred in 1885.,,true,,,
6032,6,multiple_choice,main,,What was Riel's fate after the 1885 rebellion?,Treason trial|Exiled abroad|Given pardon|Made senator,0,,,"A second rebellion in 1885 in present-day Saskatchewan led to Riel's trial and execution for high treason, a decision that was strongly opposed in Quebec."
6033,6,multiple_choice,exercise,6032,Where did the second rebellion take place in 1885?,Present-day Saskatchewan|Present-day Alberta|Manitoba|British Columbia,0,,,
6034,6,true_false,exercise,6032,Riel's execution was strongly opposed in Quebec.,,true,,,
6035,6,multiple_choice,exercise,6032,What crime was Riel convicted of in 1885?,High treason|Murder|Theft|Fraud,0,,,
6036,6,select_blank,exercise,6032,The 1885 rebellion arose as ___ rights were threatened.,"Métis, Indian|French|British|American",0,,,
6041,6,true_false,preview,6042,Many Canadians see Louis Riel as a hero.,,true,,,
6042,6,multiple_choice,main,,How is Louis Riel remembered by many Canadians?,Manitoba's father|RCMP founder|First PM|CPR builder,0,,,"Riel is seen by many as a hero, a defender of Métis rights and the father of Manitoba."
6043,6,true_false,exercise,6042,Louis Riel is considered by many the father of Manitoba.,,true,,,
6044,6,multi_select,exercise,6042,Which titles describe Louis Riel's legacy?,Hero|Métis defender|Manitoba's father|Railway builder,0|1|2,,,
6045,6,multiple_choice,exercise,6042,What is Louis Riel most associated with defending?,Métis rights|British trade|French navy|Provincial taxes,0,,,
6051,6,true_false,preview,6052,Macdonald established the North West Mounted Police in 1873.,,true,,,
6052,6,multiple_choice,main,,Why did Macdonald establish the NWMP in 1873?,Pacify West|Fight wars|Head Tax|Build railway,0,,,"After the first Métis uprising, Macdonald established the North West Mounted Police (NWMP) in 1873 to pacify the West and assist in negotiations with the Indians."
6053,6,multiple_choice,exercise,6052,What year was the North West Mounted Police founded?,1873|1867|1885|1905,0,,,
6054,6,true_false,exercise,6052,The NWMP founded Fort Calgary and Fort MacLeod.,,true,,,
6055,6,select_blank,exercise,6052,Regina became the ___ of the NWMP.,headquarters|first fort|capital province|training camp,0,,,
6056,6,multiple_choice,exercise,6052,Who established the NWMP in 1873?,John Macdonald|Wilfrid Laurier|Donald Smith|George Cartier,0,,,
6061,6,true_false,preview,6062,The RCMP is one of Canada's best-known symbols today.,,true,,,
6062,6,multiple_choice,main,,What is the RCMP known as today?,National police|Provincial court|Naval defence|Federal tax,0,,,"Today, the Royal Canadian Mounted Police (RCMP or ""the Mounties"") are the national police force and one of Canada's best-known symbols."
6063,6,select_blank,exercise,6062,The RCMP are often nicknamed 'the ___.',Mounties|Redcoats|Riders|Guards,0,,,
6064,6,true_false,exercise,6062,RCMP stands for Royal Canadian Mounted Police.,,true,,,
6065,6,multiple_choice,exercise,6062,The RCMP grew out of which earlier force?,NWMP|British Army|Fenian militia|Quebec militia,0,,,
6071,6,true_false,preview,6072,Sir Sam Steele was a Mounted Policeman and soldier.,,true,,,
6072,6,multiple_choice,main,,What was Sam Steele known as?,Frontier hero|First PM|Rebellion leader|Railway engineer,0,p19-sam-steele.png,,"Some of Canada's most colourful heroes, such as Major-General Sir Sam Steele, came from the ranks of the Mounties. He was a great frontier hero, Mounted Policeman and soldier of the Queen."
6073,6,true_false,exercise,6072,Sam Steele came from the ranks of the Mounties.,,true,,,
6074,6,multiple_choice,exercise,6072,What kind of hero was Sam Steele?,Frontier hero|Naval hero|Political hero|Olympic hero,0,,,
6075,6,select_blank,exercise,6072,Sam Steele served as a soldier of the ___.,Queen|President|Governor General|Parliament,0,,,
6081,6,true_false,preview,6082,Gabriel Dumont was a Métis military leader.,,true,,,
6082,6,multiple_choice,main,,Who was the Métis' greatest military leader?,Gabriel Dumont|Louis Riel|Sam Steele|John Macdonald,0,p19-gabriel-dumont.png,,Gabriel Dumont was the Métis' greatest military leader during the Métis resistance in the Canadian west.
6083,6,true_false,exercise,6082,Gabriel Dumont was called the Métis' greatest military leader.,,true,,,
6084,6,multiple_choice,exercise,6082,What role did Gabriel Dumont hold among the Métis?,Military leader|First PM|Railway financier|NWMP founder,0,,,
6085,6,select_blank,exercise,6082,Gabriel Dumont was the Métis' greatest ___ leader.,military|religious|political|financial,0,,,
6091,6,true_false,preview,6092,British Columbia joined Canada in 1871.,,true,,,
6092,6,multiple_choice,main,,Why did British Columbia join Canada in 1871?,Promised railway|Gold discovered|US takeover|Britain forced,0,,,British Columbia joined Canada in 1871 after Ottawa promised to build a railway to the West Coast.
6093,6,multiple_choice,exercise,6092,What year did British Columbia join Confederation?,1871|1867|1885|1905,0,,,
6094,6,true_false,exercise,6092,Ottawa promised BC a railway to the coast.,,true,,,
6095,6,select_blank,exercise,6092,British Columbia joined Canada after Ottawa promised a ___.,railway|highway|canal|telegraph,0,,,
6101,6,true_false,preview,6102,The CPR's last spike was driven in 1885.,,true,,,
6102,6,multiple_choice,main,,Who drove the CPR's last spike?,Donald Smith|John Macdonald|Wilfrid Laurier|George Cartier,0,p20-cpr-train-crew.jpeg,,"On November 7, 1885, Donald Smith (Lord Strathcona), the Scottish-born director of the Canadian Pacific Railway, drove the last spike, a powerful symbol of unity."
6103,6,multiple_choice,exercise,6102,On what date was the CPR's last spike driven?,11/7/1885|7/1/1867|1/11/1815|October 1885,0,,,
6104,6,true_false,exercise,6102,Donald Smith was the Scottish-born director of the CPR.,,true,,,
6105,6,select_blank,exercise,6102,The last spike was a powerful symbol of ___.,unity|war|independence|trade,0,,,
6106,6,multiple_choice,exercise,6102,What did the Canadian Pacific Railway symbolize?,National unity|Military victory|Provincial independence|Foreign trade,0,,,
6111,6,true_false,preview,6112,The CPR was built by European and Chinese labour.,,true,,,
6112,6,multiple_choice,main,,Who provided labour to build the CPR?,"European, Chinese|American, Mexican|British workers|Indigenous workers",0,,,The CPR project was financed by British and American investors and built by both European and Chinese labour.
6113,6,true_false,exercise,6112,The CPR was financed by British and American investors.,,true,,,
6114,6,select_blank,exercise,6112,The CPR was financed by British and ___ investors.,American|French|Japanese|Russian,0,,,
6115,6,multiple_choice,exercise,6112,Which group also helped build the CPR?,Chinese labourers|French labourers|Spanish labourers|Russian labourers,0,,,
6121,6,true_false,preview,6122,Chinese CPR workers faced discrimination after the railway was completed.,,true,,,
6122,6,multiple_choice,main,,What was the Chinese Head Tax?,Race-based fee|Railway fee|Voting fee|Land tax,0,,,"Afterwards the Chinese were subject to discrimination, including the Head Tax, a race-based entry fee. The Government of Canada apologized in 2006 for this discriminatory policy."
6123,6,true_false,exercise,6122,Canada apologized for the Head Tax in 2006.,,true,,,
6124,6,multiple_choice,exercise,6122,What year did Canada apologize for the Head Tax?,2006|1885|1947|1971,0,,,
6125,6,select_blank,exercise,6122,The Head Tax was a ___ entry fee.,race-based|income-based|age-based|random,0,,,
6131,6,true_false,preview,6132,Canada's economy boomed in the 1890s and early 1900s.,,true,,,
6132,6,multiple_choice,main,,How many British and American immigrants came?,One million|Ten thousand|Five million|Half million,0,,,Canada's economy grew and became more industrialized during the economic boom of the 1890s and early 1900s. One million British and one million Americans immigrated to Canada at this time.
6133,6,true_false,exercise,6132,One million Americans immigrated to Canada during this boom.,,true,,,
6134,6,multiple_choice,exercise,6132,What characterized Canada's economy in this era?,"Boom, industrialization|Recession, decline|Farm collapse|Foreign occupation",0,,,
6135,6,select_blank,exercise,6132,"One million British, one million ___ immigrated to Canada.",Americans|French|Germans|Ukrainians,0,,,
6141,6,true_false,preview,6142,Laurier was the first French-Canadian prime minister.,,true,,,
6142,6,multiple_choice,main,,What did Laurier encourage as prime minister?,West immigration|1867 Confederation|Head Tax|Riel Rebellion,0,,,Sir Wilfrid Laurier became the first French-Canadian prime minister since Confederation and encouraged immigration to the West. His portrait is on the $5 bill.
6143,6,multiple_choice,exercise,6142,Whose portrait is on the Canadian $5 bill?,Wilfrid Laurier|John Macdonald|Donald Smith|Louis Riel,0,,,
6144,6,true_false,exercise,6142,Laurier was the first French-Canadian prime minister since Confederation.,,true,,,
6145,6,select_blank,exercise,6142,Sir Wilfrid Laurier's portrait is on the $___ bill.,5|10|20|50,0,,,
6151,6,true_false,preview,6152,The railway helped immigrants settle the West before 1914.,,true,,,
6152,6,multiple_choice,main,,How many Ukrainians settled in the West before 1914?,"170,000|15,000|1,700,000|17,000",0,,,"The railway made it possible for immigrants, including 170,000 Ukrainians, 115,000 Poles and tens of thousands from Germany, France, Norway and Sweden to settle in the West before 1914."
6153,6,multiple_choice,exercise,6152,How many Poles settled in the West before 1914?,"115,000|11,500|1,150,000|1,500",0,,,
6154,6,multi_select,exercise,6152,Which countries did West-bound settlers come from before 1914?,Germany|France|Norway|Japan,0|1|2,,,
6155,6,select_blank,exercise,6152,Immigrants developed a thriving ___ sector in the West.,agricultural|mining|banking|shipping,0,,,
6156,6,true_false,exercise,6152,Railway settlement made large-scale prairie farming possible before 1914.,,true,,,
7001,7,true_false,preview,7002,The Boer War was fought from 1899 to 1902.,,true,,,
7002,7,multiple_choice,main,,How many Canadians volunteered for the Boer War?,"Over 7,000|Over 700|Over 70,000|Over 17,000",0,,,"Over 7,000 Canadians volunteered to fight in the South African War (1899-1902), popularly known as the Boer War, and over 260 died."
7003,7,true_false,exercise,7002,The Boer War is also called the South African War.,,true,,,
7004,7,multiple_choice,exercise,7002,Which battle did Canadians fight in the Boer War?,Paardeberg|Vimy Ridge|Amiens|Dieppe,0,,,
7005,7,select_blank,exercise,7002,The Boer War is known as the ___ War.,South African|Crimean|Zulu|Anglo,0,,,
7006,7,multiple_choice,exercise,7002,About how many Canadians died in the Boer War?,"Over 260|Over 26|Over 2,600|Over 26,000",0,,,
7011,7,true_false,preview,7012,Canada formed the Canadian Expeditionary Force in 1914.,,true,,,
7012,7,multiple_choice,main,,What did Ottawa form in 1914?,Expeditionary Force|Canadian Navy|Mounted Police|Engineer Corps,0,p21-4.jpeg,,"When Germany attacked Belgium and France in 1914 and Britain declared war, Ottawa formed the Canadian Expeditionary Force, later renamed the Canadian Corps."
7013,7,true_false,exercise,7012,"More than 600,000 Canadians served in the First World War.",,true,,,
7014,7,multiple_choice,exercise,7012,Canada's population was about how many in 1914?,"8 million|18 million|800,000|80 million",0,,,
7015,7,select_blank,exercise,7012,The Expeditionary Force was later renamed the Canadian ___.,Corps|Legion|Navy|Militia,0,,,
7016,7,multiple_choice,exercise,7012,Most First World War Canadian soldiers were what?,Volunteers|Conscripts|Mercenaries|Police,0,,,
7021,7,true_false,preview,7022,The Canadian Corps captured Vimy Ridge in April 1917.,,true,,,
7022,7,multiple_choice,main,,What did Canada capture in April 1917?,Vimy Ridge|Dieppe|Juno Beach|Ypres,0,p21-2.jpeg,,"The Canadian Corps captured Vimy Ridge in April 1917, with 10,000 killed or wounded, securing the Canadians' reputation as the shock troops of the British Empire."
7023,7,true_false,exercise,7022,"About 10,000 Canadians were killed or wounded at Vimy Ridge.",,true,,,
7024,7,multiple_choice,exercise,7022,What day is celebrated as Vimy Day?,April 9|July 1|November 11|June 6,0,,,
7025,7,select_blank,exercise,7022,Canadians were the ___ troops of the British Empire.,shock|royal|elite|first,0,,,
7026,7,multiple_choice,exercise,7022,What did an officer say Vimy Ridge witnessed?,Nation's birth|War's end|Britain's fall|Quebec's rise,0,,,
7027,7,true_false,exercise,7022,The Vimy Memorial honours Canadians who died at Vimy.,,true,,,
7028,7,match_pairs,exercise,7022,Match each Vimy Ridge fact to its detail.,"Battle month↔April 1917|Casualty count↔10,000|Annual anniversary↔April 9",0,,,
7031,7,true_false,preview,7032,Canada interned thousands of Ukrainians as enemy aliens in WW1.,,true,,,
7032,7,multiple_choice,main,,"Who did Ottawa intern as enemy aliens, 1914-1920?",Ukrainian men|German women|French sailors|British officers,0,,,"From 1914 to 1920, Ottawa interned over 8,000 former Austro-Hungarian subjects, mainly Ukrainian men, as enemy aliens in 24 labour camps across Canada, even though Britain advised against the policy."
7033,7,true_false,exercise,7032,Britain advised Canada against interning Ukrainian Canadians.,,true,,,
7034,7,multiple_choice,exercise,7032,How many labour camps interned enemy aliens across Canada?,24|4|42|240,0,,,
7035,7,multiple_choice,exercise,7032,About how many people were interned as enemy aliens?,"Over 8,000|Over 800|Over 80,000|Over 80",0,,,
7041,7,true_false,preview,7042,General Sir Arthur Currie commanded the Canadian Corps in 1918.,,true,,,
7042,7,multiple_choice,main,,Who commanded the Canadian Corps in 1918?,Arthur Currie|Robert Borden|John Macdonald|Wilfrid Laurier,0,p21-5.jpeg,,"In 1918, under the command of General Sir Arthur Currie, Canada's greatest soldier, the Canadian Corps advanced alongside French and British Empire troops in the last hundred days of the war."
7043,7,true_false,exercise,7042,"The Battle of Amiens began on August 8, 1918.",,true,,,
7044,7,multiple_choice,exercise,7042,Germans called which battle 'the black day'?,Amiens|Vimy Ridge|Mons|Ypres,0,,,
7045,7,select_blank,exercise,7042,"The Corps then fought at Arras, Cambrai and ___.",Mons|Dieppe|Juno|Normandy,0,,,
7046,7,multiple_choice,exercise,7042,Sir Arthur Currie is remembered as what?,Greatest soldier|First PM|First governor|Chief justice,0,,,
7047,7,true_false,exercise,7042,"The Hundred Days included Arras, Cambrai and Mons.",,true,,,
7048,7,multi_select,exercise,7042,Which battles were part of the Hundred Days?,Amiens|Arras|Cambrai|Vimy Ridge,0|1|2,,,
7051,7,true_false,preview,7052,World War One ended with the Armistice in 1918.,,true,,,
7052,7,multiple_choice,main,,When did the First World War end?,Nov 1918|Aug 1918|Apr 1917|Jul 1914,0,,,"With Germany and Austria's surrender, the war ended in the Armistice on November 11, 1918. In total 60,000 Canadians were killed and 170,000 wounded."
7053,7,true_false,exercise,7052,"60,000 Canadians were killed in the First World War.",,true,,,
7054,7,multiple_choice,exercise,7052,About how many Canadians were wounded in WW1?,"170,000|17,000|1,700,000|70,000",0,,,
7055,7,select_blank,exercise,7052,The war ended with the ___ on November 11.,Armistice|Paris Treaty|Confederation|Accord,0,,,
7056,7,multiple_choice,exercise,7052,The First World War strengthened what feelings in Canada?,National pride|Imperial pride|Regional pride|Republican sentiment,0,,,
7061,7,true_false,preview,7062,Manitoba was the first province to grant women the vote.,,true,,,
7062,7,multiple_choice,main,,Who founded the women's suffrage movement in Canada?,Emily Stowe|Agnes Macphail|Thérèse Casgrain|Nellie McClung,0,,,"The founder of the women's suffrage movement in Canada was Dr. Emily Stowe, the first Canadian woman to practise medicine in Canada. In 1916, Manitoba became the first province to grant voting rights to women."
7063,7,true_false,exercise,7062,Emily Stowe was Canada's first female doctor.,,true,,,
7064,7,multiple_choice,exercise,7062,"Which province first granted women the vote, in 1916?",Manitoba|Ontario|Quebec|Nova Scotia,0,,,
7065,7,select_blank,exercise,7062,The fight for women's votes is the ___ movement.,suffrage|abolition|labour|temperance,0,,,
7066,7,multiple_choice,exercise,7062,"At Confederation, who could vote?",Property-owning men|All adults|Only citizens|All men,0,,,
7071,7,true_false,preview,7072,In 1917 nurses were first to vote federally.,,true,,,
7072,7,multiple_choice,main,,Which PM gave nurses the federal vote in 1917?,Robert Borden|John Macdonald|Wilfrid Laurier|Mackenzie King,0,p21-8.jpeg,,"In 1917, thanks to the leadership of women such as Dr. Stowe and other suffragettes, the federal government of Sir Robert Borden gave women the right to vote in federal elections, first to nurses at the battle front."
7073,7,true_false,exercise,7072,Nurses who served overseas were nicknamed Bluebirds.,,true,,,
7074,7,multiple_choice,exercise,7072,Who else got the federal vote in 1917?,Soldiers' relatives|Working women|All teachers|All widows,0,,,
7075,7,select_blank,exercise,7072,"In 1917, ___ at the front voted first federally.",nurses|teachers|farmers|widows,0,,,
7076,7,multiple_choice,exercise,7072,About how many nurses served in the Medical Corps?,"Over 3,000|Over 300|Over 30,000|Over 30",0,,,
7081,7,true_false,preview,7082,In 1918 most Canadian women over 21 could vote.,,true,,,
7082,7,multiple_choice,main,,By what year could most Canadian women vote federally?,1918|1916|1921|1940,0,,,"In 1918, most Canadian female citizens aged 21 and over were granted the right to vote in federal elections."
7083,7,true_false,exercise,7082,Women needed to be 21 to vote in 1918.,,true,,,
7084,7,multiple_choice,exercise,7082,What age could women vote at in 1918?,21|18|25|30,0,,,
7085,7,select_blank,exercise,7082,By 1918 most female ___ could vote federally.,citizens|nurses|soldiers|teachers,0,,,
7091,7,true_false,preview,7092,Agnes Macphail became Canada's first woman MP in 1921.,,true,,,
7092,7,multiple_choice,main,,Who became Canada's first woman MP in 1921?,Agnes Macphail|Emily Stowe|Thérèse Casgrain|Nellie McClung,0,p21-1.jpeg,,"In 1921 Agnes Macphail, a farmer and teacher, became the first woman MP."
7093,7,true_false,exercise,7092,Agnes Macphail worked as a farmer and teacher.,,true,,,
7094,7,multiple_choice,exercise,7092,What year did Agnes Macphail become an MP?,1921|1918|1916|1940,0,,,
7095,7,select_blank,exercise,7092,Agnes Macphail became the first woman ___ in 1921.,MP|senator|premier|judge,0,,,
7096,7,multiple_choice,exercise,7092,MP stands for what in Agnes Macphail's title?,Parliament Member|Ministry President|Military Police|Municipal Prefect,0,,,
7101,7,true_false,preview,7102,Quebec granted women the vote in 1940.,,true,,,
7102,7,multiple_choice,main,,In what year did Quebec grant women the vote?,1940|1918|1921|1916,0,,,"Due to the work of Thérèse Casgrain and others, Quebec granted women the vote in 1940."
7103,7,true_false,exercise,7102,Thérèse Casgrain helped lead the fight for Quebec women's vote.,,true,,,
7104,7,multiple_choice,exercise,7102,Quebec was the last province to grant what?,Women's vote|Men's vote|Bilingual schools|Free elections,0,,,
7105,7,select_blank,exercise,7102,___ led the campaign for women's vote in Quebec.,Thérèse Casgrain|Agnes Macphail|Emily Stowe|Nellie McClung,0,,,
7111,7,true_false,preview,7112,Remembrance Day is observed on November 11.,,true,,,
7112,7,multiple_choice,main,,What is the meaning of the Remembrance Day poppy?,War sacrifices|Celebrate Confederation|Past PMs|The Sovereign,0,p22-3.jpeg,,"Canadians wear the red poppy and observe a moment of silence at the 11th hour of the 11th day of the 11th month to honour the sacrifices of over a million who have served, and the 110,000 who have given their lives."
7113,7,true_false,exercise,7112,Canadians observe a moment of silence on Remembrance Day.,,true,,,
7114,7,multiple_choice,exercise,7112,Remembrance Day's 11th hour is in what month?,11th month|1st month|9th month|12th month,0,,,
7115,7,select_blank,exercise,7112,Canadians wear a red ___ on Remembrance Day.,poppy|maple leaf|ribbon|rose,0,,,
7116,7,multiple_choice,exercise,7112,About how many Canadians have died in all wars?,"110,000|11,000|1,100,000|1,100",0,,,
7117,7,multiple_choice,exercise,7112,Scouts often carry what to Remembrance Day ceremonies?,Wreaths|Flags only|Candles|Drums,0,p22-4.jpeg,,
7118,7,true_false,exercise,7112,Over a million Canadians have served in wars.,,true,,,
7121,7,true_false,preview,7122,John McCrae wrote 'In Flanders Fields' in 1915.,,true,,,
7122,7,multiple_choice,main,,Who wrote the poem 'In Flanders Fields'?,John McCrae|Arthur Currie|Robert Borden|Wilfrid Laurier,0,,,Canadian medical officer Lieutenant-Colonel John McCrae composed the poem In Flanders Fields in 1915; it is often recited on Remembrance Day.
7123,7,true_false,exercise,7122,John McCrae was a Canadian medical officer.,,true,,,
7124,7,multiple_choice,exercise,7122,What year was 'In Flanders Fields' composed?,1915|1917|1918|1914,0,,,
7125,7,select_blank,exercise,7122,'In Flanders Fields' is often recited on ___ Day.,Remembrance|Canada|Victoria|Vimy,0,,,
7126,7,multiple_choice,exercise,7122,What flower does the poem 'In Flanders Fields' describe?,Poppy|Rose|Lily|Maple,0,,,
7131,7,true_false,preview,7132,"After WW1, the British Empire became the Commonwealth.",,true,,,
7132,7,multiple_choice,main,,What did the British Empire evolve into after WW1?,The Commonwealth|European Union|The League|United Nations,0,,,"After the First World War, the British Empire evolved into a free association of states known as the British Commonwealth of Nations. Canada remains a leading member of the Commonwealth to this day."
7133,7,true_false,exercise,7132,Canada remains a leading member of the Commonwealth today.,,true,,,
7134,7,multiple_choice,exercise,7132,Which country is a fellow Commonwealth successor state?,Australia|France|Germany|Mexico,0,,,
7135,7,select_blank,exercise,7132,The Commonwealth is a free ___ of states.,association|union|empire|kingdom,0,,,
7141,7,true_false,preview,7142,The 1929 crash led to the Great Depression.,,true,,,
7142,7,multiple_choice,main,,What followed the stock market crash of 1929?,Great Depression|Roaring Twenties|Confederation|Gold Rush,0,,,"The stock market crash of 1929, however, led to the Great Depression or the Dirty Thirties. Unemployment reached 27% in 1933 and many businesses were wiped out."
7143,7,true_false,exercise,7142,The Great Depression is also called the Dirty Thirties.,,true,,,
7144,7,multiple_choice,exercise,7142,Unemployment reached what level in Canada in 1933?,27%|7%|47%|17%,0,,,
7145,7,select_blank,exercise,7142,The 1920s boom years were called the ___ Twenties.,Roaring|Golden|Great|Grand,0,,,
7146,7,multiple_choice,exercise,7142,Who was hit hardest by the Great Depression?,Western farmers|Eastern bankers|Quebec fishers|Ontario miners,0,,,
7147,7,true_false,exercise,7142,A terrible drought hurt farmers in Western Canada.,,true,,,
7151,7,true_false,preview,7152,The Bank of Canada was created in 1934.,,true,,,
7152,7,multiple_choice,main,,Why was the Bank of Canada created in 1934?,Manage money|Fund railway|Collect taxes|Run elections,0,,,"The Bank of Canada, a central bank to manage the money supply and bring stability to the financial system, was created in 1934."
7153,7,true_false,exercise,7152,"In 1939, Jewish refugees fleeing Germany were turned away.",,true,,,
7154,7,multiple_choice,exercise,7152,What happened to immigration during the Depression?,Dropped sharply|Rose sharply|Stayed same|Banned outright,0,,,
7155,7,select_blank,exercise,7152,The Bank of Canada is Canada's ___ bank.,central|only|foreign|private,0,,,
7156,7,multiple_choice,exercise,7152,What did Canadians demand during the Depression?,Safety net|Import tariffs|More colonies|New capital,0,,,
7161,7,true_false,preview,7162,The Second World War began in 1939.,,true,,,
7162,7,multiple_choice,main,,What triggered the start of the Second World War?,Polish invasion|Pearl Harbor|French invasion|Egyptian invasion,0,,,"The Second World War began in 1939 when Adolf Hitler, the National Socialist (Nazi) dictator of Germany, invaded Poland and conquered much of Europe."
7163,7,true_false,exercise,7162,Adolf Hitler was the Nazi dictator of Germany.,,true,,,
7164,7,multiple_choice,exercise,7162,About how many Canadians and Newfoundlanders served in WW2?,Over 1M|Over 100K|Over 10K|Over 10M,0,,,
7165,7,select_blank,exercise,7162,Newfoundland was a separate British ___ during WW2.,entity|province|French colony|US territory,0,,,
7166,7,multiple_choice,exercise,7162,How many Canadians died in the Second World War?,"44,000|4,400|440,000|4,400,000",0,,,
7171,7,true_false,preview,7172,Canada suffered defeat defending Hong Kong in 1941.,,true,,,
7172,7,multiple_choice,main,,Where did Canadians suffer defeat in 1941?,Hong Kong|Dieppe|Juno Beach|Normandy,0,,,"The Canadians fought bravely and suffered losses in the unsuccessful defence of Hong Kong (1941) from attack by Imperial Japan, and in a failed raid on Nazi-controlled Dieppe on the coast of France (1942)."
7173,7,true_false,exercise,7172,The Dieppe raid in 1942 failed.,,true,,,
7174,7,multiple_choice,exercise,7172,Which country attacked Canadians at Hong Kong in 1941?,Imperial Japan|Nazi Germany|Fascist Italy|Imperial Russia,0,,,
7175,7,select_blank,exercise,7172,The failed 1942 raid targeted Nazi-controlled ___ in France.,Dieppe|Juno|Normandy|Calais,0,,,
7176,7,multiple_choice,exercise,7172,The Dieppe raid happened off which country's coast?,France|Belgium|Netherlands|Germany,0,,,
7181,7,true_false,preview,7182,The RCAF took part in the Battle of Britain.,,true,,,
7182,7,multiple_choice,main,,"What plan trained over 130,000 Allied aircrew in Canada?",BCATP|Lend-Lease Act|Marshall Plan|Atlantic Charter,0,,,"Canada contributed more to the Allied air effort than any other Commonwealth country, with over 130,000 Allied air crew trained in Canada under the British Commonwealth Air Training Plan."
7183,7,true_false,exercise,7182,The Royal Canadian Air Force is known as the RCAF.,,true,,,
7184,7,multiple_choice,exercise,7182,Canada led the Allied air effort among what group?,Commonwealth countries|Axis countries|Neutral countries|European colonies,0,,,
7185,7,select_blank,exercise,7182,The RCAF fought in the Battle of ___.,Britain|Amiens|the Atlantic|Normandy,0,,,
7186,7,multiple_choice,exercise,7182,About how many Allied aircrew trained in Canada?,"Over 130,000|Over 13,000|Over 1,300|Over 1,300,000",0,,,
7191,7,true_false,preview,7192,The Royal Canadian Navy fought in the Atlantic Battle.,,true,,,
7192,7,multiple_choice,main,,What was the RCN's finest hour in WW2?,Atlantic Battle|Britain Battle|Vimy Battle|Amiens Battle,0,,,"The Royal Canadian Navy saw its finest hour in the Battle of the Atlantic, protecting convoys of merchant ships against German submarines. At the end of the Second World War, Canada had the third-largest navy in the world."
7193,7,true_false,exercise,7192,By war's end Canada had the third-largest navy.,,true,,,
7194,7,multiple_choice,exercise,7192,What did the RCN protect in the Atlantic Battle?,Ship convoys|Fishing boats|Troop trains|Air bases,0,,,
7195,7,select_blank,exercise,7192,German ___ threatened convoys in the Atlantic Battle.,submarines|battleships|bombers|tanks,0,,,
7196,7,multiple_choice,exercise,7192,Canada's Merchant Navy helped resupply which country?,Britain|France|United States|Australia,0,,,
7201,7,true_false,preview,7202,"Canadian troops captured Juno Beach on D-Day, June 6, 1944.",,true,,,
7202,7,multiple_choice,main,,What beach did Canadian troops capture on D-Day?,Juno Beach|Omaha Beach|Utah Beach|Gold Beach,0,p22-1.jpeg,,"In the epic invasion of Normandy in northern France on June 6, 1944, known as D-Day, 15,000 Canadian troops stormed and captured Juno Beach from the German Army, a great national achievement shown in this painting by Orville Fisher."
7203,7,true_false,exercise,7202,"About 15,000 Canadian troops took part in the D-Day invasion.",,true,,,
7204,7,multiple_choice,exercise,7202,About what share of D-Day soldiers were Canadian?,1-in-10|1-in-2|1-in-100|1-in-3,0,,,
7205,7,select_blank,exercise,7202,D-Day was the Allied invasion of ___.,Normandy|Sicily|Poland|the Rhineland,0,,,
7206,7,multiple_choice,exercise,7202,Who painted the famous scene of Juno Beach?,Orville Fisher|Emily Carr|Arthur Currie|John McCrae,0,,,
7207,7,true_false,exercise,7202,"D-Day took place on June 6, 1944.",,true,,,
7208,7,multiple_choice,exercise,7202,What country's army did Canadians fight at Juno Beach?,Germany|Italy|Japan|France,0,,,
7211,7,true_false,preview,7212,Canada helped liberate the Netherlands in 1944-45.,,true,,,
7212,7,multiple_choice,main,,Which country did the Canadian Army liberate in 1944-45?,The Netherlands|Italy|Belgium|Poland,0,,,"Canadians took part in the liberation of Italy in 1943-44. The Canadian Army liberated the Netherlands in 1944-45 and helped force the German surrender of May 8, 1945, bringing to an end six years of war in Europe."
7213,7,true_false,exercise,7212,Canadians took part in liberating Italy in 1943-44.,,true,,,
7214,7,multiple_choice,exercise,7212,"When did Germany surrender, ending the war in Europe?",May 1945|Nov 1918|Jun 1944|Aug 1945,0,,,
7215,7,select_blank,exercise,7212,The war in Europe lasted ___ years.,six|four|two|ten,0,,,
7216,7,multiple_choice,exercise,7212,Canadians fought in Italy before which other campaign?,Normandy invasion|Vimy Ridge|Boer War|Hundred Days,0,,,
7217,7,order,exercise,7212,Order these Second World War events.,"Liberation of Italy (1943-44)|Liberation of the Netherlands (1944-45)|German surrender (May 8, 1945)",,,,
7221,7,true_false,preview,7222,"Japan surrendered on August 14, 1945.",,true,,,
7222,7,multiple_choice,main,,"When did Japan surrender, ending the Pacific war?",Aug 1945|May 1945|Sep 1944|Nov 1945,0,,,"In the Pacific war, Japan invaded the Aleutian Islands, attacked a lighthouse on Vancouver Island, and launched fire balloons over B.C. and the Prairies. Japan surrendered on August 14, 1945, the end of four years of war in the Pacific."
7223,7,true_false,exercise,7222,Japan attacked a lighthouse on Vancouver Island.,,true,,,
7224,7,multiple_choice,exercise,7222,What did Japan launch over B.C. and the Prairies?,Fire balloons|Paratroopers|Submarines|Rockets,0,,,
7225,7,select_blank,exercise,7222,Japan invaded the ___ Islands in the Pacific war.,Aleutian|Hawaiian|Solomon|Philippine,0,,,
7226,7,multiple_choice,exercise,7222,Canadian POWs were maltreated after capture at which battle?,Hong Kong|Dieppe|Juno Beach|Vimy Ridge,0,,,
7227,7,true_false,exercise,7222,The Pacific war lasted four years.,,true,,,
7231,7,true_false,preview,7232,Canada forcibly relocated Japanese Canadians during WW2.,,true,,,
7232,7,multiple_choice,main,,What happened to Japanese Canadians during WW2?,Forcible relocation|Full citizenship|Parliament seats|New land,0,,,"The state of war and public opinion in B.C. led to the forcible relocation of Canadians of Japanese origin by the federal government and the sale of their property without compensation, even though the military and the RCMP said they posed little danger."
7233,7,true_false,exercise,7232,The military and RCMP said Japanese Canadians posed little danger.,,true,,,
7234,7,multiple_choice,exercise,7232,In what year did Canada apologize for this wrong?,1988|1945|1970|2000,0,,,
7235,7,select_blank,exercise,7232,Japanese Canadians' property was sold without ___.,compensation|permission|records|insurance,0,,,
7236,7,multiple_choice,exercise,7232,What did the Government of Canada do in 1988?,"Apologized, compensated|Ignored issue|Returned property|New holiday",0,,,
7241,7,true_false,preview,7242,Phil Edwards won Olympic bronze medals for Canada.,,true,,,
7242,7,multiple_choice,main,,What sport made Phil Edwards a Canadian champion?,Track field|Hockey|Swimming|Rowing,0,p22-6.jpeg,,"Phil Edwards was a Canadian track and field champion. Born in British Guiana, he won bronze medals for Canada in the 1928, 1932 and 1936 Olympics, then graduated from McGill University Medical School."
7243,7,true_false,exercise,7242,Phil Edwards graduated from McGill University Medical School.,,true,,,
7244,7,multiple_choice,exercise,7242,What role did Phil Edwards serve in during WW2?,Army captain|Navy admiral|RCAF pilot|Prime minister,0,,,
7245,7,select_blank,exercise,7242,Phil Edwards was born in ___.,British Guiana|Ontario|Jamaica|Trinidad,0,,,
8001,8,true_false,preview,8002,GATT opened up restrictive trading policies after WWII.,,true,,,
8002,8,multiple_choice,main,,What treaty opened up Depression-era trade barriers?,GATT|NAFTA|NATO|BNA Act,0,,,"The world's restrictive trading policies in the Depression era were opened up by such treaties as the General Agreement on Tariffs and Trade (GATT), now the World Trade Organization (WTO)."
8003,8,true_false,exercise,8002,GATT is now called the World Trade Organization.,,true,,,
8004,8,multiple_choice,exercise,8002,GATT is now known by what name?,WTO|UN|NORAD|NAFTA,0,,,
8005,8,select_blank,exercise,8002,GATT eventually became the ___.,WTO|BoC|Privy Council|Red Cross,0,,,
8011,8,true_false,preview,8012,Oil was discovered in Alberta in 1947.,,true,,,
8012,8,multiple_choice,main,,What began Canada's modern energy industry?,1947 Alberta-oil|1970 Quebec-referendum|1969 language-act|1980 constitution,0,,,The discovery of oil in Alberta in 1947 began Canada's modern energy industry.
8013,8,multiple_choice,exercise,8012,What year was oil discovered in Alberta?,1947|1927|1957|1967,0,,,
8014,8,true_false,exercise,8012,The 1947 Alberta oil discovery began a new energy industry.,,true,,,
8015,8,select_blank,exercise,8012,Oil discovered in ___ began Canada's modern energy industry.,Alberta|Ontario|Quebec|Manitoba,0,,,
8021,8,true_false,preview,8022,By 1951 most Canadians could afford basic necessities.,,true,,,
8022,8,multiple_choice,main,,By what year could most Canadians afford food/shelter/clothing?,1951|1927|1940|1965,0,,,"In 1951, for the first time, a majority of Canadians were able to afford adequate food, shelter and clothing."
8023,8,true_false,exercise,8022,By 1951 a majority of Canadians afforded basic necessities.,,true,,,
8024,8,multiple_choice,exercise,8022,What three needs could Canadians afford by 1951?,Food/shelter/clothing|Cars/homes/boats|Land/gold/oil|Ships/mills/mines,0,,,
8025,8,select_blank,exercise,8022,By ___ most Canadians could afford basic necessities.,1951|1927|1940|1965,0,,,
8031,8,true_false,preview,8032,Canada's economy was among the strongest from 1945 to 1970.,,true,,,
8032,8,multiple_choice,main,,"From 1945-1970, Canada's economy was among the ___.",Strongest|Weakest|Most unstable|Least developed,0,,,"Between 1945 and 1970, as Canada drew closer to the United States and other trading partners, the country enjoyed one of the strongest economies among industrialized nations."
8033,8,true_false,exercise,8032,Canada grew closer to the US after 1945.,,true,,,
8034,8,multiple_choice,exercise,8032,What trading partner did Canada grow closer to?,United States|Soviet Union|Japan|Brazil,0,,,
8035,8,select_blank,exercise,8032,Canadians enjoy one of the world's ___ living standards.,highest|lowest|most average|declining,0,,,
8041,8,true_false,preview,8042,The Canada Health Act ensures a basic standard of coverage.,,true,,,
8042,8,multiple_choice,main,,What does the Canada Health Act ensure?,Basic coverage|Free tuition|Guaranteed jobs|Free housing,0,,,"As prosperity grew, so did the ability to support social assistance programs. The Canada Health Act ensures common elements and a basic standard of coverage."
8043,8,true_false,exercise,8042,The Canada Health Act sets common elements for health coverage.,,true,,,
8044,8,multiple_choice,exercise,8042,What kind of program is the Canada Health Act?,Social assistance|Military alliance|Trade treaty|Election law,0,,,
8045,8,select_blank,exercise,8042,The Canada Health Act ensures a standard of ___.,coverage|voting|trade|education,0,,,
8051,8,true_false,preview,8052,Unemployment insurance was introduced by the federal government in 1940.,,true,,,
8052,8,multiple_choice,main,,What year did the federal government introduce unemployment insurance?,1940|1927|1951|1965,0,,,"Unemployment insurance (now called ""employment insurance"") was introduced by the federal government in 1940."
8053,8,multiple_choice,exercise,8052,Unemployment insurance is known today as what?,Employment insurance|OAS|CPP|Social credit,0,,,
8054,8,true_false,exercise,8052,Unemployment insurance is now called employment insurance.,,true,,,
8055,8,select_blank,exercise,8052,Unemployment insurance began in ___.,1940|1927|1965|1970,0,,,
8061,8,true_false,preview,8062,Old Age Security was devised as early as 1927.,,true,,,
8062,8,multiple_choice,main,,What year was Old Age Security first devised?,1927|1940|1951|1965,0,,,"Old Age Security was devised as early as 1927, and the Canada and Quebec Pension Plans in 1965."
8063,8,true_false,exercise,8062,Old Age Security dates back to 1927.,,true,,,
8064,8,multiple_choice,exercise,8062,Which social program began earliest?,OAS|Employment insurance|CPP|CHA,0,,,
8065,8,select_blank,exercise,8062,___ Security was devised as early as 1927.,Old Age|Employment|National|Border,0,,,
8071,8,true_false,preview,8072,The Canada and Quebec Pension Plans began in 1965.,,true,,,
8072,8,multiple_choice,main,,What year did the Canada/Quebec Pension Plans begin?,1965|1940|1927|1970,0,,,The Canada and Quebec Pension Plans began in 1965.
8073,8,select_blank,exercise,8072,The Canada and Quebec ___ Plans began in 1965.,Pension|Health|Education|Trade,0,,,
8074,8,true_false,exercise,8072,Publicly funded education is provided by the provinces and territories.,,true,,,
8075,8,multiple_choice,exercise,8072,Who provides publicly funded education in Canada?,Provinces/territories|Federal gov't|The Senate|The RCMP,0,,,
8081,8,true_false,preview,8082,The Cold War began when eastern Europe fell to Soviets.,,true,,,
8082,8,multiple_choice,main,,Who was the Soviet dictator behind the Communist bloc?,Josef Stalin|Adolf Hitler|Vladimir Lenin|Nikita Khrushchev,0,,,The Cold War began when several liberated countries of eastern Europe became part of a Communist bloc controlled by the Soviet Union under the dictator Josef Stalin.
8083,8,true_false,exercise,8082,Josef Stalin controlled the Soviet Communist bloc.,,true,,,
8084,8,select_blank,exercise,8082,The ___ began as Soviets took eastern Europe.,Cold War|Korean War|Quiet Revolution|World War,0,,,
8085,8,multiple_choice,exercise,8082,What became part of a Communist bloc after liberation?,Eastern Europe|Asian countries|Canadian provinces|African nations,0,,,
8091,8,true_false,preview,8092,NATO is a military alliance Canada helped form.,,true,,,
8092,8,multiple_choice,main,,What is NATO?,Military alliance|Trade treaty|Peacekeeping charity|Space agency,0,,,"Canada joined with other democratic countries of the West to form the North Atlantic Treaty Organization (NATO), a military alliance."
8093,8,true_false,exercise,8092,Canada joined democratic Western countries to form NATO.,,true,,,
8094,8,select_blank,exercise,8092,NATO stands for the North Atlantic Treaty ___.,Organization|Council|Commission|Union,0,,,
8095,8,multiple_choice,exercise,8092,Why did Canada help found NATO?,Counter communism|Asia trade|Quebec's status|Space station,0,,,
8101,8,true_false,preview,8102,NORAD is a joint air defence command with the US.,,true,,,
8102,8,multiple_choice,main,,What is NORAD?,Defence command|Trade org|Peacekeeping force|Pension plan,0,p24-f86-sabre-rcaf.jpeg,,Canada joined with the United States in the North American Aerospace Defence Command (NORAD).
8103,8,true_false,exercise,8102,NORAD is a partnership between Canada and the United States.,,true,,,
8104,8,multiple_choice,exercise,8102,NORAD stands for the North American Aerospace Defence ___.,Command|Council|Alliance|Ministry,0,,,
8105,8,select_blank,exercise,8102,Canada formed NORAD together with the ___.,United States|United Kingdom|Soviet Union|United Nations,0,,,
8111,8,true_false,preview,8112,Canada joined the United Nations after the Second World War.,,true,,,
8112,8,multiple_choice,main,,What international organization did Canada join alongside NATO?,United Nations|European Union|African Union|Arab League,0,,,Canada joined international organizations such as the United Nations (UN).
8113,8,true_false,exercise,8112,The UN is one of the international organizations Canada joined.,,true,,,
8114,8,select_blank,exercise,8112,"Canada joined the ___, an international organization.",United Nations|Commonwealth|League|Warsaw Pact,0,,,
8115,8,multiple_choice,exercise,8112,Canada developed autonomy and capacity to contribute where?,Internationally|Quebec only|Arctic only|Domestically,0,,,
8121,8,true_false,preview,8122,Canada fought in the Korean War from 1950 to 1953.,,true,,,
8122,8,multiple_choice,main,,What UN operation did Canada join 1950-1953?,Defending Korea|Defending Egypt|Defending Cyprus|Defending Haiti,0,,,"Canada participated in the UN operation defending South Korea in the Korean War (1950-53), with 500 dead and 1,000 wounded."
8123,8,multiple_choice,exercise,8122,How many Canadians died in the Korean War?,"500|1,000|5,000|50",0,,,
8124,8,multiple_choice,exercise,8122,How many Canadians were wounded in the Korean War?,"1,000|500|10,000|100",0,,,
8125,8,true_false,exercise,8122,The Korean War ran from 1950 to 1953.,,true,,,
8126,8,select_blank,exercise,8122,Canada helped defend ___ in the Korean War.,South Korea|North Korea|Vietnam|Cyprus,0,,,
8131,8,true_false,preview,8132,Canada has taken part in numerous UN peacekeeping missions.,,true,,,
8132,8,multiple_choice,main,,Which countries has Canada sent UN peacekeepers to?,Egypt/Cyprus/Haiti|Germany/France/Spain|Mexico/Peru/Chile|Norway/Sweden/Denmark,0,,,"Canada has taken part in numerous UN peacekeeping missions in places as varied as Egypt, Cyprus and Haiti, as well as in other international security operations such as those in the former Yugoslavia and Afghanistan."
8133,8,true_false,exercise,8132,Canada took part in peacekeeping missions in Egypt/Cyprus/Haiti.,,true,,,
8134,8,multi_select,exercise,8132,Which places has Canada sent peacekeepers to?,Egypt|Cyprus|Haiti|Brazil,0|1|2,,,
8135,8,multiple_choice,exercise,8132,"Besides peacekeeping, where else has Canada joined security operations?",Yugoslavia/Afghanistan|Australia/NZ|Mexico/Cuba|Iceland/Norway,0,,,
8141,8,true_false,preview,8142,Quebec's Quiet Revolution was a 1960s era of rapid change.,,true,,,
8142,8,multiple_choice,main,,What name describes Quebec's 1960s rapid change?,Quiet Revolution|Silent Spring|Great Awakening|Bilingual Accord,0,,,Quebec experienced an era of rapid change in the 1960s known as the Quiet Revolution. Many Quebecers sought to separate from Canada.
8143,8,true_false,exercise,8142,Many Quebecers sought separation from Canada during the Quiet Revolution.,,true,,,
8144,8,select_blank,exercise,8142,The Quiet Revolution took place in Quebec in ___.,1960s|1940s|1980s|1990s,0,,,
8145,8,multiple_choice,exercise,8142,What movement grew stronger during the Quiet Revolution?,Quebec sovereignty|Western expansion|Confederation|Monarchism,0,,,
8151,8,true_false,preview,8152,The Bilingualism and Biculturalism Commission was set up in 1963.,,true,,,
8152,8,multiple_choice,main,,What year was the Bilingualism and Biculturalism Commission established?,1963|1969|1970|1982,0,,,In 1963 Parliament established the Royal Commission on Bilingualism and Biculturalism. This led to the Official Languages Act (1969).
8153,8,true_false,exercise,8152,The 1963 Royal Commission led to the Official Languages Act.,,true,,,
8154,8,select_blank,exercise,8152,The 1963 Royal Commission studied ___ and biculturalism.,bilingualism|separatism|federalism|multiculturalism,0,,,
8155,8,multiple_choice,exercise,8152,Which body established the Royal Commission in 1963?,Parliament|Supreme Court|Quebec legislature|Senate alone,0,,,
8161,8,true_false,preview,8162,The Official Languages Act guarantees French and English federal services.,,true,,,
8162,8,multiple_choice,main,,What does the 1969 Official Languages Act guarantee?,French/English services|Public transit|Voting rights|Quebec independence,0,,,"This led to the Official Languages Act (1969), which guarantees French and English services in the federal government across Canada."
8163,8,multiple_choice,exercise,8162,What year was the Official Languages Act passed?,1969|1963|1970|1982,0,,,
8164,8,true_false,exercise,8162,The Official Languages Act applies across all of Canada.,,true,,,
8165,8,select_blank,exercise,8162,The Official Languages Act guarantees services in ___.,French/English|French only|English only|French/Spanish,0,,,
8171,8,true_false,preview,8172,Canada helped found La Francophonie in 1970.,,true,,,
8172,8,multiple_choice,main,,What is La Francophonie?,French-speaking group|Quebec party|Federal court|Trade treaty,0,,,"In 1970, Canada helped found La Francophonie, an international association of French-speaking countries."
8173,8,multiple_choice,exercise,8172,What year did Canada help found La Francophonie?,1970|1963|1969|1980,0,,,
8174,8,true_false,exercise,8172,La Francophonie is an association of French-speaking countries.,,true,,,
8175,8,select_blank,exercise,8172,Canada helped found La Francophonie in ___.,1970|1963|1969|1980,0,,,
8181,8,true_false,preview,8182,Quebec sovereignty was defeated in a 1980 referendum.,,true,,,
8182,8,multiple_choice,main,,What happened to Quebec sovereignty in the 1980 referendum?,Defeated|Succeeded|Postponed|Banned,0,,,The movement for Quebec sovereignty gained strength but was defeated in a referendum in the province in 1980.
8183,8,true_false,exercise,8182,The first Quebec sovereignty referendum was held in 1980.,,true,,,
8184,8,select_blank,exercise,8182,Quebec's first sovereignty referendum was defeated in ___.,1980|1970|1982|1995,0,,,
8185,8,multiple_choice,exercise,8182,What did the 1980 Quebec referendum decide?,Sovereignty rejected|Sovereignty approved|Oath changed|Bilingualism ended,0,,,
8191,8,true_false,preview,8192,In 1982 the Constitution was amended without Quebec's agreement.,,true,,,
8192,8,multiple_choice,main,,"In 1982, how was the Constitution amended regarding Quebec?",No consent|Full consent|Quebec only|Quebec alone,0,,,"After much negotiation, in 1982 the Constitution was amended without the agreement of Quebec."
8193,8,true_false,exercise,8192,Quebec did not agree to the 1982 constitutional amendment.,,true,,,
8194,8,multiple_choice,exercise,8192,What year was the Constitution amended without Quebec's consent?,1982|1980|1969|1995,0,,,
8195,8,select_blank,exercise,8192,The Constitution was amended in ___ without Quebec's agreement.,1982|1980|1969|1995,0,,,
8201,8,true_false,preview,8202,Quebec sovereignty was again defeated in a 1995 referendum.,,true,,,
8202,8,multiple_choice,main,,What happened in Quebec's second sovereignty referendum?,Defeated again|Became independent|Vote cancelled|Left NATO,0,,,"Though sovereignty was again defeated in a second referendum in 1995, the autonomy of Quebec within Canada remains a lively topic."
8203,8,multiple_choice,exercise,8202,What year was Quebec's second sovereignty referendum?,1995|1980|1982|1970,0,,,
8204,8,true_false,exercise,8202,Quebec's autonomy within Canada remains a lively topic today.,,true,,,
8205,8,select_blank,exercise,8202,Quebec's second sovereignty referendum was held in ___.,1995|1980|1969|1982,0,,,
8211,8,true_false,preview,8212,Japanese-Canadians gained the federal vote in 1948.,,true,,,
8212,8,multiple_choice,main,,What year did Japanese-Canadians gain the right to vote?,1948|1960|1970|1927,0,,,"Most Canadians of Asian descent had in the past been denied the vote in federal and provincial elections. In 1948 the last of these, the Japanese-Canadians, gained the right to vote."
8213,8,true_false,exercise,8212,Japanese-Canadians were the last Asian-Canadians to gain the vote.,,true,,,
8214,8,select_blank,exercise,8212,In 1948 ___ gained the right to vote.,Japanese-Canadians|Aboriginal people|Quebecers|Women,0,,,
8215,8,multiple_choice,exercise,8212,What group of Canadians was previously denied the vote?,Asian-descent Canadians|All Quebecers|All Maritimers|All immigrants,0,,,
8221,8,true_false,preview,8222,Aboriginal people were granted the vote in Canada in 1960.,,true,,,
8222,8,multiple_choice,main,,What year were Aboriginal people granted the federal vote?,1960|1948|1970|1982,0,,,Aboriginal people were granted the vote in 1960. Today every citizen over the age of 18 may vote.
8223,8,multiple_choice,exercise,8222,At what age may every Canadian citizen vote today?,18|16|21|19,0,,,
8224,8,true_false,exercise,8222,Every Canadian citizen over 18 may vote today.,,true,,,
8225,8,select_blank,exercise,8222,Aboriginal people were granted the vote in ___.,1960|1948|1927|1982,0,,,
8231,8,true_false,preview,8232,"About 37,000 Hungarians fled Soviet tyranny to Canada in 1956.",,true,,,
8232,8,multiple_choice,main,,How many Hungarian refugees did Canada welcome in 1956?,"37,000|50,000|1,000|5,000",0,,,"Canada welcomed thousands of refugees from Communist oppression, including about 37,000 who escaped Soviet tyranny in Hungary in 1956."
8233,8,multiple_choice,exercise,8232,What year did Hungarian refugees escape to Canada?,1956|1948|1975|1969,0,,,
8234,8,true_false,exercise,8232,The Hungarian refugees were escaping Soviet tyranny.,,true,,,
8235,8,select_blank,exercise,8232,"About 37,000 Hungarians fled to Canada in ___.",1956|1948|1975|1969,0,,,
8241,8,true_false,preview,8242,"Over 50,000 Vietnamese refugees came to Canada after 1975.",,true,,,
8242,8,multiple_choice,main,,"What caused over 50,000 Vietnamese to flee to Canada?",Vietnam War|Quiet Revolution|Korean War|Cold War,0,p25-vietnamese-canadian-parade.jpeg,,"With the Communist victory in the Vietnam War in 1975, many Vietnamese fled, including over 50,000 who sought refuge in Canada."
8243,8,multiple_choice,exercise,8242,What year did the Vietnam War end?,1975|1956|1970|1980,0,,,
8244,8,true_false,exercise,8242,"More than 50,000 Vietnamese refugees sought refuge in Canada.",,true,,,
8245,8,select_blank,exercise,8242,Vietnamese refugees fled to Canada after the ___.,Vietnam War|Korean War|Cold War|Quiet Revolution,0,,,
8251,8,true_false,preview,8252,"By the 1960s, a third of Canadians were non-British, non-French.",,true,,,
8252,8,multiple_choice,main,,"By the 1960s, what share of Canadians were non-British/French?",One-third|One-tenth|One-half|Two-thirds,0,,,"The idea of multiculturalism, as a result of 19th- and 20th-century immigration, gained a new impetus. By the 1960s, one-third of Canadians had origins that were neither British nor French, and took pride in preserving their distinct culture."
8253,8,true_false,exercise,8252,Multiculturalism gained new impetus from 19th- and 20th-century immigration.,,true,,,
8254,8,select_blank,exercise,8252,One-third of Canadians had origins neither ___ nor French.,British|American|Asian|Indigenous,0,,,
8255,8,multiple_choice,exercise,8252,What did Canadians take pride in preserving?,Distinct culture|Their language|Their religion|Their cuisine,0,,,
8261,8,true_false,preview,8262,Stephen Leacock and Margaret Laurence were notable Canadian writers.,,true,,,
8262,8,multiple_choice,main,,Which of these was a Canadian novelist?,Stephen Leacock|Wayne Gretzky|Sam Steele|Louis Riel,0,,,"Canadians have made significant contributions to literature in English and in French. Men and women of letters included Stephen Leacock, Louis Hemon, Sir Charles G.D. Roberts, Pauline Johnson, Emile Nelligan, Robertson Davies, Margaret Laurence and Mordecai Richler."
8263,8,multiple_choice,exercise,8262,Which early Canadian man of letters wrote in French?,Louis Hemon|Robertson Davies|Margaret Laurence|Mordecai Richler,0,,,
8264,8,multi_select,exercise,8262,Which of these are early Canadian writers?,Stephen Leacock|Mordecai Richler|Pauline Johnson|Wayne Gretzky,0|1|2,,,
8265,8,true_false,exercise,8262,Mordecai Richler was one of Canada's notable authors.,,true,,,
8271,8,true_false,preview,8272,Sir Ernest MacMillan and Healey Willan were renowned Canadian musicians.,,true,,,
8272,8,multiple_choice,main,,Which musicians won renown for Canada in the arts?,MacMillan/Willan|Bailey/Petitclerc|Riel/Dumont|Fleming/Bell,0,,,Musicians such as Sir Ernest MacMillan and Healey Willan won renown in Canada and abroad.
8273,8,true_false,exercise,8272,MacMillan and Willan won renown both in Canada and abroad.,,true,,,
8274,8,select_blank,exercise,8272,MacMillan and Willan were celebrated Canadian ___.,musicians|painters|sculptors|athletes,0,,,
8275,8,multiple_choice,exercise,8272,Where did MacMillan and Willan win renown?,Canada/abroad|Quebec only|US only|Europe only,0,,,
8281,8,true_false,preview,8282,"Joy Kogawa, Michael Ondaatje and Rohinton Mistry diversified Canadian literature.",,true,,,
8282,8,multiple_choice,main,,Which writers diversified Canada's literary experience?,Kogawa/Ondaatje/Mistry|Bell/Fleming/Fessenden|Riel/Dumont/Steele|Bailey/Gretzky/Fox,0,,,"Writers such as Joy Kogawa, Michael Ondaatje and Rohinton Mistry have diversified Canada's literary experience."
8283,8,multi_select,exercise,8282,Which writers are credited with diversifying Canadian literature?,Joy Kogawa|Michael Ondaatje|Rohinton Mistry|Stephen Leacock,0|1|2,,,
8284,8,true_false,exercise,8282,Michael Ondaatje helped diversify Canadian literature.,,true,,,
8285,8,select_blank,exercise,8282,"Kogawa, Ondaatje and Mistry diversified Canada's ___ experience.",literary|athletic|scientific|political,0,,,
8291,8,true_false,preview,8292,The Group of Seven was founded in 1920.,,true,,,
8292,8,multiple_choice,main,,Which 1920 painters' group is Canada best known for?,Group-of-7|Les Automatistes|Inuit Guild|Confederation Artists,0,p25-jack-pine-tom-thomson.jpeg,,"In the visual arts, Canada is historically perhaps best known for the Group of Seven, founded in 1920, who developed a style of painting to capture the rugged wilderness landscapes."
8293,8,multiple_choice,exercise,8292,What year was the Group of Seven founded?,1920|1910|1930|1948,0,,,
8294,8,true_false,exercise,8292,The Group of Seven painted rugged wilderness landscapes.,,true,,,
8295,8,select_blank,exercise,8292,The Group of Seven painted rugged ___ landscapes.,wilderness|urban|coastal|prairie,0,,,
8301,8,true_false,preview,8302,Emily Carr painted West Coast forests and Aboriginal artifacts.,,true,,,
8302,8,multiple_choice,main,,What did painter Emily Carr depict in her work?,West-Coast scenes|Prairie fields|Quebec streets|Arctic ice,0,,,Emily Carr painted the forests and Aboriginal artifacts of the West Coast.
8303,8,true_false,exercise,8302,Emily Carr's subjects came from Canada's West Coast.,,true,,,
8304,8,select_blank,exercise,8302,Emily Carr painted forests and artifacts of the ___.,West Coast|Prairies|Maritimes|Arctic,0,,,
8305,8,multiple_choice,exercise,8302,Which Canadian painter is known for West Coast scenes?,Emily Carr|Kenojuak Ashevak|Jean-Paul Riopelle|Tom Thomson,0,,,
8311,8,true_false,preview,8312,Jean-Paul Riopelle was a leading member of Les Automatistes.,,true,,,
8312,8,multiple_choice,main,,Who pioneered Quebec's Les Automatistes art movement?,Jean-Paul Riopelle|Emily Carr|Louis-Philippe Hebert|Kenojuak Ashevak,0,,,"Les Automatistes of Quebec were pioneers of modern abstract art in the 1950s, most notably Jean-Paul Riopelle."
8313,8,true_false,exercise,8312,Les Automatistes pioneered modern abstract art in the 1950s.,,true,,,
8314,8,multiple_choice,exercise,8312,In what decade did Les Automatistes pioneer abstract art?,1950s|1920s|1970s|1990s,0,,,
8315,8,select_blank,exercise,8312,Jean-Paul Riopelle was the most notable member of ___.,Les Automatistes|Group-of-7|Inuit Guild|Confederation Artists,0,,,
8321,8,true_false,preview,8322,Louis-Philippe Hebert was a celebrated Quebec sculptor.,,true,,,
8322,8,multiple_choice,main,,What was Louis-Philippe Hebert known for?,Sculpting figures|Painting landscapes|Directing films|Composing music,0,,,Quebec's Louis-Philippe Hebert was a celebrated sculptor of historical figures.
8323,8,select_blank,exercise,8322,Louis-Philippe Hebert sculpted ___ figures.,historical|imaginary|religious only|animal,0,,,
8324,8,true_false,exercise,8322,Louis-Philippe Hebert was from Quebec.,,true,,,
8325,8,multiple_choice,exercise,8322,What was Louis-Philippe Hebert's artistic craft?,Sculpture|Painting|Filmmaking|Music,0,,,
8331,8,true_false,preview,8332,Kenojuak Ashevak pioneered modern Inuit art.,,true,,,
8332,8,multiple_choice,main,,What art forms did Kenojuak Ashevak pioneer?,Etchings/prints/sculptures|Paintings/murals|Photography/film|Pottery/weaving,0,,,"Kenojuak Ashevak pioneered modern Inuit art with etchings, prints and soapstone sculptures."
8333,8,true_false,exercise,8332,"Kenojuak Ashevak worked in etchings, prints and soapstone sculpture.",,true,,,
8334,8,select_blank,exercise,8332,Kenojuak Ashevak pioneered modern ___ art.,Inuit|Metis|Acadian|Quebecois,0,,,
8335,8,multiple_choice,exercise,8332,Which artist pioneered modern Inuit art?,Kenojuak Ashevak|Emily Carr|Louis-Philippe Hebert|Jean-Paul Riopelle,0,,,
8341,8,true_false,preview,8342,Canada's Cirque du Soleil is a world-renowned performing arts company.,,true,,,
8342,8,multiple_choice,main,,What kind of company is Cirque du Soleil?,Performing arts|Film studio|Sports league|Publishing house,0,p25-cirque-du-soleil.jpeg,,"Canada has a long and respected performing arts history, with a network of regional theatres and world-renowned performing arts companies."
8343,8,true_false,exercise,8342,Canada has a network of regional theatres.,,true,,,
8344,8,select_blank,exercise,8342,Canada has a network of regional ___.,theatres|courthouses|legislatures|universities,0,,,
8345,8,multiple_choice,exercise,8342,How is Canada's performing arts history best described?,Long/respected|Recent/small|Quebec-limited|Mostly amateur,0,,,
8351,8,true_false,preview,8352,Denys Arcand is a noteworthy Canadian filmmaker.,,true,,,
8352,8,multiple_choice,main,,Which director's films were popular in Quebec?,Denys Arcand|Norman Jewison|Atom Egoyan|Terry Fox,0,,,"The films of Denys Arcand have been popular in Quebec and across the country, and have won international awards. Other noteworthy Canadian filmmakers include Norman Jewison and Atom Egoyan."
8353,8,multi_select,exercise,8352,Which of these are noteworthy Canadian filmmakers?,Denys Arcand|Norman Jewison|Atom Egoyan|Wayne Gretzky,0|1|2,,,
8354,8,true_false,exercise,8352,Norman Jewison and Atom Egoyan are noteworthy Canadian filmmakers.,,true,,,
8355,8,select_blank,exercise,8352,Denys Arcand's films have won ___ awards.,international|no|only local|only student,0,,,
8361,8,true_false,preview,8362,Basketball was invented by Canadian James Naismith in 1891.,,true,,,
8362,8,multiple_choice,main,,Who invented basketball in 1891?,James Naismith|Wayne Gretzky|Terry Fox|Paul Henderson,0,,,Basketball was invented by Canadian James Naismith in 1891.
8363,8,multiple_choice,exercise,8362,What year did James Naismith invent basketball?,1891|1901|1920|1947,0,,,
8364,8,true_false,exercise,8362,James Naismith was Canadian.,,true,,,
8365,8,select_blank,exercise,8362,James Naismith invented ___ in 1891.,basketball|hockey|football|lacrosse,0,,,
8371,8,true_false,preview,8372,Donovan Bailey became a double Olympic gold medallist in 1996.,,true,,,
8372,8,multiple_choice,main,,What did Donovan Bailey achieve at the 1996 Olympics?,Sprint double-gold|Hope founder|Hockey gold|Basketball inventor,0,p26-donovan-bailey.jpeg,,"In 1996 at the Olympic Summer Games, Donovan Bailey became a world record sprinter and double Olympic gold medallist."
8373,8,multiple_choice,exercise,8372,What year did Bailey set his sprint record?,1996|1980|1972|2002,0,,,
8374,8,true_false,exercise,8372,Donovan Bailey won two Olympic gold medals in 1996.,,true,,,
8375,8,select_blank,exercise,8372,Donovan Bailey became a world record ___ in 1996.,sprinter|speed skater|hockey player|swimmer,0,,,
8381,8,true_false,preview,8382,Chantal Petitclerc became a world champion wheelchair racer.,,true,,,
8382,8,multiple_choice,main,,What is Chantal Petitclerc known for?,Wheelchair racing|Inventing basketball|Founding CFL|Peacekeeping mission,0,p26-chantal-petitclerc.jpeg,,Chantal Petitclerc became a world champion wheelchair racer and Paralympic gold medalist.
8383,8,true_false,exercise,8382,Chantal Petitclerc won a Paralympic gold medal.,,true,,,
8384,8,select_blank,exercise,8382,Chantal Petitclerc became a world champion ___ racer.,wheelchair|marathon|speed skating|swimming,0,,,
8385,8,multiple_choice,exercise,8382,What kind of medal did Chantal Petitclerc win?,Paralympic gold|Olympic bronze|Commonwealth silver|World gold,0,,,
8391,8,true_false,preview,8392,"Wayne Gretzky played for the Edmonton Oilers, 1979-1988.",,true,,,
8392,8,multiple_choice,main,,"Which team did Gretzky play for, 1979-1988?",Edmonton Oilers|Montreal Canadiens|Maple Leafs|Calgary Flames,0,p26-wayne-gretzky.jpeg,,"One of the greatest hockey players of all time, Wayne Gretzky, played for the Edmonton Oilers from 1979 to 1988."
8393,8,multiple_choice,exercise,8392,What years did Gretzky play for the Oilers?,1979-1988|1972-1980|1985-1996|1965-1975,0,,,
8394,8,true_false,exercise,8392,Wayne Gretzky is one of hockey's greatest players ever.,,true,,,
8395,8,select_blank,exercise,8392,"Wayne Gretzky played for the Edmonton ___, 1979-1988.",Oilers|Flames|Canadiens|Maple Leafs,0,,,
8401,8,true_false,preview,8402,Terry Fox began the Marathon of Hope in 1980.,,true,,,
8402,8,multiple_choice,main,,What did Terry Fox's 1980 run raise money for?,Cancer research|Spinal research|Refugee resettlement|Olympic training,0,p26-terry-fox-marathon-of-hope.jpeg,,"In 1980, Terry Fox, a British Columbian who lost his right leg to cancer at the age of 18, began a cross-country run, the ""Marathon of Hope,"" to raise money for cancer research. He became a hero to Canadians."
8403,8,multiple_choice,exercise,8402,At what age did Terry Fox lose his leg?,18|21|25|16,0,,,
8404,8,true_false,exercise,8402,Terry Fox's run was called the Marathon of Hope.,,true,,,
8405,8,select_blank,exercise,8402,Terry Fox began his cross-country run in ___.,1980|1985|1972|1996,0,,,
8406,8,true_false,exercise,8402,Terry Fox finished his cross-country run.,,false,,,
8411,8,true_false,preview,8412,Rick Hansen circled the globe in a wheelchair in 1985.,,true,,,
8412,8,multiple_choice,main,,What did Rick Hansen do in 1985?,Wheelchair world-tour|Hope marathon|Snowmobile invention|Quiet Revolution,0,,,"In 1985, fellow British Columbian Rick Hansen circled the globe in a wheelchair to raise funds for spinal cord research."
8413,8,true_false,exercise,8412,Rick Hansen raised funds for spinal cord research.,,true,,,
8414,8,select_blank,exercise,8412,"Rick Hansen was, like Terry Fox, from ___.",British Columbia|Alberta|Quebec|Ontario,0,,,
8415,8,multiple_choice,exercise,8412,What year did Hansen circle the globe?,1985|1980|1972|1996,0,,,
8421,8,true_false,preview,8422,Paul Henderson scored the winning goal in the 1972 Series.,,true,,,
8422,8,multiple_choice,main,,What is Paul Henderson's 1972 goal often called?,Round-world goal|Hope marathon|Revolution goal|Confederation goal,0,p26-paul-henderson-1972.jpeg,,"In 1972, Paul Henderson scored the winning goal for Canada in the Canada-Soviet Summit Series. This goal is often referred to as ""the goal heard around the world"" and is still remembered today as an important event in both sports and cultural history."
8423,8,multiple_choice,exercise,8422,What year did Paul Henderson score his famous goal?,1972|1980|1996|1985,0,,,
8424,8,true_false,exercise,8422,Paul Henderson's goal was scored against the Soviet Union.,,true,,,
8425,8,select_blank,exercise,8422,Paul Henderson's goal won the Canada-Soviet ___ Series.,Summit|Winter|World Cup|Cold War,0,,,
8431,8,true_false,preview,8432,Catriona Le May Doan won 2002 Olympic speed skating gold.,,true,,,
8432,8,multiple_choice,main,,What sport won Le May Doan 2002 gold?,Speed skating|Wheelchair racing|Sprinting|Swimming,0,p26-catriona-le-may-doan.jpeg,,Catriona Le May Doan carries the flag after winning a gold medal in speed skating at the 2002 Olympic Winter Games.
8433,8,true_false,exercise,8432,Le May Doan's gold came at the 2002 Winter Games.,,true,,,
8434,8,select_blank,exercise,8432,Le May Doan won gold in ___ in 2002.,speed skating|figure skating|hockey|skiing,0,,,
8435,8,multiple_choice,exercise,8432,What did Le May Doan carry after her win?,The flag|Grey Cup|Stanley Cup|A torch,0,,,
8441,8,true_false,preview,8442,The Grey Cup was donated by Lord Grey in 1909.,,true,,,
8442,8,multiple_choice,main,,What championship do CFL teams compete for?,Grey Cup|Stanley Cup|World Cup|Governor's Trophy,0,p26-canadian-football-cfl.jpeg,,"Canadian football is a popular game that differs in a number of ways from American football. Professional teams in the Canadian Football League (CFL) compete for the championship Grey Cup, donated by Lord Grey, the Governor General, in 1909."
8443,8,multiple_choice,exercise,8442,What year did Lord Grey donate the Grey Cup?,1909|1920|1947|1965,0,,,
8444,8,true_false,exercise,8442,Canadian football differs from American football.,,true,,,
8445,8,select_blank,exercise,8442,"The Grey Cup was donated by ___, Governor General.",Lord Grey|Lord Durham|Lord Elgin|Lord Dufferin,0,,,
8451,8,true_false,preview,8452,Mark Tewksbury is an Olympic gold medallist and activist.,,true,,,
8452,8,multiple_choice,main,,Mark Tewksbury is an activist for which community?,Gay/lesbian Canadians|Refugee Canadians|Aboriginal Canadians|Francophone Canadians,0,p26-mark-tewksbury.jpeg,,"Mark Tewksbury, Olympic gold medallist and prominent activist for gay and lesbian Canadians."
8453,8,true_false,exercise,8452,Mark Tewksbury won an Olympic gold medal.,,true,,,
8454,8,select_blank,exercise,8452,Tewksbury is an activist for gay and ___ Canadians.,lesbian|refugee|Metis|Francophone,0,,,
8455,8,multiple_choice,exercise,8452,What sport did Mark Tewksbury win Olympic gold in?,Swimming|Speed skating|Sprinting|Wheelchair racing,0,,,
8461,8,true_false,preview,8462,Marshall McLuhan and Harold Innis were pioneer Canadian thinkers.,,true,,,
8462,8,multiple_choice,main,,Which Canadians were pioneer thinkers on communication and media?,McLuhan/Innis|Bell/Fessenden|Riopelle/Carr|Bailey/Fox,0,,,Canadian advances in science and technology are world renowned and have changed the way the world communicates and does business. Marshall McLuhan and Harold Innis were pioneer thinkers.
8463,8,true_false,exercise,8462,Canadian advances in science and technology are world renowned.,,true,,,
8464,8,select_blank,exercise,8462,Marshall McLuhan and Harold Innis were pioneer ___.,thinkers|athletes|painters|soldiers,0,,,
8465,8,multiple_choice,exercise,8462,What did Canadian science and technology change?,Business/communication|Sports|Elections|Voting,0,,,
8471,8,true_false,preview,8472,The Canadian Space Agency has explored space since 1989.,,true,,,
8472,8,multiple_choice,main,,What has Canada used in space exploration since 1989?,The Canadarm|Grey Cup|The NWMP|Red Ensign,0,p26-canadarm-space.jpeg,,"Since 1989, the Canadian Space Agency and Canadian astronauts have participated in space exploration, often using the Canadian-designed and built Canadarm."
8473,8,multiple_choice,exercise,8472,What year did the Space Agency begin space exploration?,1989|1969|1996|1970,0,,,
8474,8,true_false,exercise,8472,The Canadarm was designed and built in Canada.,,true,,,
8475,8,select_blank,exercise,8472,The Canadian Space Agency has explored space since ___.,1989|1969|1996|1970,0,,,
8481,8,true_false,preview,8482,Gerhard Herzberg and John Polanyi were Nobel Prize-winning Canadian scientists.,,true,,,
8482,8,multiple_choice,main,,Which of these was a Nobel Prize-winning Canadian scientist?,Gerhard Herzberg|James Naismith|Sam Steele|Louis Riel,0,,,"Gerhard Herzberg, a refugee from Nazi Germany, John Polanyi, Sidney Altman, Richard E. Taylor, Michael Smith and Bertram Brockhouse were Nobel Prize-winning scientists."
8483,8,true_false,exercise,8482,Gerhard Herzberg was a refugee from Nazi Germany.,,true,,,
8484,8,multi_select,exercise,8482,Which of these were Nobel Prize-winning Canadian scientists?,John Polanyi|Sidney Altman|Bertram Brockhouse|Wayne Gretzky,0|1|2,,,
8485,8,select_blank,exercise,8482,Herzberg fled to Canada as a refugee from ___.,Nazi Germany|Soviet Russia|Communist Vietnam|Communist Hungary,0,,,
8491,8,true_false,preview,8492,Alexander Graham Bell conceived the telephone in Canada.,,true,,,
8492,8,multiple_choice,main,,Where did Bell conceive the telephone?,Canada summer-house|Scotland lab|US workshop|Atlantic ship,0,,,Alexander Graham Bell hit on the idea of the telephone at his summer house in Canada.
8493,8,true_false,exercise,8492,Alexander Graham Bell is credited with inventing the telephone.,,true,,,
8494,8,select_blank,exercise,8492,Alexander Graham Bell conceived the ___ in Canada.,telephone|radio|snowmobile|pacemaker,0,,,
8495,8,multiple_choice,exercise,8492,Where was Bell when he conceived the telephone?,Summer house|University lab|Government office|A shipyard,0,,,
8501,8,true_false,preview,8502,Joseph-Armand Bombardier invented the snowmobile.,,true,,,
8502,8,multiple_choice,main,,What did Joseph-Armand Bombardier invent?,The snowmobile|The telephone|Time zones|The pacemaker,0,,,"Joseph-Armand Bombardier invented the snowmobile, a light-weight winter vehicle."
8503,8,true_false,exercise,8502,The snowmobile is a light-weight winter vehicle.,,true,,,
8504,8,select_blank,exercise,8502,Joseph-Armand Bombardier invented a light-weight winter ___.,vehicle|aircraft|boat|sled dog,0,,,
8505,8,multiple_choice,exercise,8502,Who invented the snowmobile?,Joseph-Armand Bombardier|Sandford Fleming|Reginald Fessenden|John Hopps,0,,,
8511,8,true_false,preview,8512,Sandford Fleming invented the worldwide system of standard time zones.,,true,,,
8512,8,multiple_choice,main,,What did Sir Sandford Fleming invent?,Time zones|The telephone|The snowmobile|Light bulb,0,,,Sir Sandford Fleming invented the worldwide system of standard time zones.
8513,8,true_false,exercise,8512,Sir Sandford Fleming's system was adopted worldwide.,,true,,,
8514,8,select_blank,exercise,8512,Sandford Fleming invented the worldwide system of standard ___.,time zones|weights|currencies|passports,0,,,
8515,8,multiple_choice,exercise,8512,Who invented the worldwide system of standard time zones?,Sandford Fleming|Graham Bell|Reginald Fessenden|John Hopps,0,,,
8521,8,true_false,preview,8522,Evans and Woodward invented the first electric light bulb.,,true,,,
8522,8,multiple_choice,main,,Who invented the first electric light bulb?,Evans/Woodward|Graham Bell|Reginald Fessenden|Sandford Fleming,0,,,"Matthew Evans and Henry Woodward together invented the first electric light bulb and later sold the patent to Thomas Edison who, more famously, commercialized the light bulb."
8523,8,true_false,exercise,8522,Evans and Woodward sold their bulb patent to Edison.,,true,,,
8524,8,select_blank,exercise,8522,Evans and Woodward sold their patent to ___.,Thomas Edison|Alexander Bell|Henry Ford|Nikola Tesla,0,,,
8525,8,multiple_choice,exercise,8522,What did Matthew Evans and Henry Woodward invent together?,Light bulb|The telephone|The snowmobile|Time zones,0,,,
8531,8,true_false,preview,8532,Reginald Fessenden contributed to the invention of radio.,,true,,,
8532,8,multiple_choice,main,,What was Reginald Fessenden's contribution to invention?,Voice message|Snowmobile invention|Discovered insulin|Pacemaker invention,0,,,"Reginald Fessenden contributed to the invention of radio, sending the first wireless voice message in the world."
8533,8,true_false,exercise,8532,Reginald Fessenden sent the world's first wireless voice message.,,true,,,
8534,8,select_blank,exercise,8532,Reginald Fessenden contributed to the invention of ___.,radio|the telephone|the pacemaker|time zones,0,,,
8535,8,multiple_choice,exercise,8532,What was the world's first wireless voice message?,By Fessenden|By Bell|By Hopps|By Fleming,0,,,
8541,8,true_false,preview,8542,Dr. Wilder Penfield was a pioneering brain surgeon at McGill.,,true,,,
8542,8,multiple_choice,main,,Dr. Wilder Penfield was known as what?,Greatest Canadian|Manitoba's father|Pacemaker inventor|RCMP founder,0,,,"Dr. Wilder Penfield was a pioneering brain surgeon at McGill University in Montreal, and was known as ""the greatest living Canadian."""
8543,8,true_false,exercise,8542,Dr. Wilder Penfield worked at McGill University in Montreal.,,true,,,
8544,8,select_blank,exercise,8542,Dr. Wilder Penfield was a pioneering ___ surgeon.,brain|heart|eye|spine,0,,,
8545,8,multiple_choice,exercise,8542,What title was Dr. Wilder Penfield known by?,Greatest Canadian|Manitoba's father|Mounties' founder|Frontier hero,0,,,
8551,8,true_false,preview,8552,Dr. John A. Hopps invented the first cardiac pacemaker.,,true,,,
8552,8,multiple_choice,main,,What did Dr. John A. Hopps invent?,Cardiac pacemaker|Light bulb|The Canadarm|The snowmobile,0,,,"Dr. John A. Hopps invented the first cardiac pacemaker, used today to save the lives of people with heart disorders."
8553,8,true_false,exercise,8552,The cardiac pacemaker saves lives of people with heart disorders.,,true,,,
8554,8,select_blank,exercise,8552,Dr. John A. Hopps invented the first cardiac ___.,pacemaker|stent|monitor|defibrillator,0,,,
8555,8,multiple_choice,exercise,8552,Who invented the first cardiac pacemaker?,John Hopps|Wilder Penfield|Frederick Banting|Charles Best,0,,,
8561,8,true_false,preview,8562,SPAR Aerospace and the National Research Council invented the Canadarm.,,true,,,
8562,8,multiple_choice,main,,Who invented the Canadarm?,SPAR/NRC|RIM|CSA|Bombardier Inc.,0,,,"SPAR Aerospace / National Research Council invented the Canadarm, a robotic arm used in outer space."
8563,8,true_false,exercise,8562,The Canadarm is a robotic arm used in outer space.,,true,,,
8564,8,select_blank,exercise,8562,The Canadarm is a robotic ___ used in space.,arm|satellite|telescope|rover,0,,,
8565,8,multiple_choice,exercise,8562,Which organizations invented the Canadarm?,SPAR/NRC|RIM/Bombardier|CSA/RIM|NWMP/RCMP,0,,,
8571,8,true_false,preview,8572,Mike Lazaridis and Jim Balsillie of RIM invented the BlackBerry.,,true,,,
8572,8,multiple_choice,main,,What was Research In Motion's (RIM) most famous invention?,The BlackBerry|The Canadarm|The snowmobile|The pacemaker,0,,,Mike Lazaridis and Jim Balsillie — of Research in Motion (RIM) — a wireless communications company known for its most famous invention: the BlackBerry.
8573,8,true_false,exercise,8572,RIM was a wireless communications company.,,true,,,
8574,8,select_blank,exercise,8572,Lazaridis and Balsillie's RIM invented the ___.,BlackBerry|Canadarm|telephone|light bulb,0,,,
8575,8,multiple_choice,exercise,8572,Who founded Research In Motion (RIM)?,Lazaridis/Balsillie|Bell/Fessenden|Evans/Woodward|Hopps/Penfield,0,,,
8581,8,true_false,preview,8582,"Banting and Best discovered insulin, saving millions of lives.",,true,,,
8582,8,multiple_choice,main,,What did Sir Frederick Banting and Charles Best discover?,Insulin|Penicillin|The pacemaker|The telephone,0,p27-frederick-banting.png,,"Sir Frederick Banting of Toronto and Charles Best discovered insulin, a hormone to treat diabetes that has saved 16 million lives worldwide."
8583,8,multiple_choice,exercise,8582,How many lives has insulin saved worldwide?,"16 million|1 million|500,000|37,000",0,,,
8584,8,true_false,exercise,8582,Insulin is a hormone used to treat diabetes.,,true,,,
8585,8,select_blank,exercise,8582,Sir Frederick Banting discovered insulin together with ___.,Charles Best|Charles Tupper|John Hopps|Sandford Fleming,0,,,
8591,8,true_false,preview,8592,National historic sites exist in every province and territory.,,true,,,
8592,8,multiple_choice,main,,What can teach you about Canada's history?,Museums/historic sites|Federal Parliament|University libraries|RCMP archives,0,p24-toronto-financial-district.jpeg,,"Through artifacts, works of art, stories, images and documents, museums explore the diverse events and accomplishments that formed Canada's history. National historic sites are located in all provinces and territories and include such diverse places as battlefields, archaeological sites, buildings and sacred spaces."
8593,8,true_false,exercise,8592,National historic sites include battlefields and archaeological sites.,,true,,,
8594,8,multi_select,exercise,8592,Which of these are examples of national historic sites?,Battlefields|Archaeological sites|Sacred spaces|Shopping malls,0|1|2,,,
8595,8,select_blank,exercise,8592,Museums explore events and ___ that formed Canada's history.,accomplishments|referendums|elections|treaties,0,,,
9001,9,true_false,preview,9002,"Canada is a federal state, parliamentary democracy and constitutional monarchy.",,true,,,
9002,9,multi_select,main,,Which are true about Canada's government?,Federal state|Parliamentary democracy|Constitutional monarchy|Communist state,0|1|2,,,"There are three key facts about Canada's system of government: our country is a federal state, a parliamentary democracy and a constitutional monarchy."
9003,9,true_false,exercise,9002,Canada is a communist state.,,false,,,
9004,9,select_blank,exercise,9002,"Canada is a federal state, parliamentary democracy, constitutional ___.",monarchy|republic|dictatorship|oligarchy,0,,,
9005,9,multiple_choice,exercise,9002,How many key facts describe Canada's government?,3|2|4|5,0,,,
9006,9,true_false,exercise,9002,Canada is a parliamentary democracy.,,true,,,
9011,9,true_false,preview,9012,"The Constitution Act, 1867 was once the BNA Act.",,true,,,
9012,9,multiple_choice,main,,What law first defined federal and provincial powers?,BNA Act|1931 Statute|Quebec Act|1763 Treaty,0,,,"The responsibilities of the federal and provincial governments were defined in 1867 in the British North America Act, now known as the Constitution Act, 1867."
9013,9,true_false,exercise,9012,The British North America Act was passed in 1867.,,true,,,
9014,9,select_blank,exercise,9012,The BNA Act is now called the ___.,Constitution Act|The Charter|Quebec Act|Magna Carta,0,,,
9015,9,multiple_choice,exercise,9012,In what year were federal and provincial roles defined?,1867|1982|1931|1763,0,,,
9021,9,true_false,preview,9022,The federal government handles defence and foreign policy.,,true,,,
9022,9,multiple_choice,main,,Which is a federal government responsibility?,Defence|Education|Highways|Natural resources,0,,,"The federal government takes responsibility for matters of national and international concern, including defence, foreign policy, interprovincial trade and communications, currency, navigation, criminal law and citizenship."
9023,9,multi_select,exercise,9022,Which are federal government responsibilities?,Defence|Currency|Criminal law|Education,0|1|2,,,
9024,9,true_false,exercise,9022,Citizenship matters are a federal responsibility.,,true,,,
9025,9,select_blank,exercise,9022,The federal government sets ___ law across Canada.,criminal|municipal|property|highway,0,,,
9026,9,multiple_choice,exercise,9022,Which is NOT a federal responsibility?,Highways|Defence|Currency|Criminal law,0,,,
9031,9,true_false,preview,9032,Provinces are responsible for education and health.,,true,,,
9032,9,multiple_choice,main,,Which is a provincial government responsibility?,Education|Defence|Currency|Foreign policy,0,,,"The provinces are responsible for municipal government, education, health, natural resources, property and civil rights, and highways."
9033,9,multi_select,exercise,9032,Which are provincial government responsibilities?,Health|Highways|Natural resources|Foreign policy,0|1|2,,,
9034,9,true_false,exercise,9032,Provinces are responsible for municipal government.,,true,,,
9035,9,select_blank,exercise,9032,Provinces oversee property and ___ rights.,civil|criminal|international|maritime,0,,,
9036,9,multiple_choice,exercise,9032,Which is NOT a provincial responsibility?,Defence|Education|Health|Highways,0,,,
9041,9,true_false,preview,9042,Agriculture and immigration are shared federal-provincial matters.,,true,,,
9042,9,multiple_choice,main,,Which two areas do federal and provincial share?,"Agriculture, immigration|Defence, currency|Education, health|Highways, policing",0,,,The federal government and the provinces share jurisdiction over agriculture and immigration.
9043,9,multi_select,exercise,9042,Which areas are shared federal-provincial jurisdiction?,Agriculture|Immigration|Defence|Currency,0|1,,,
9044,9,true_false,exercise,9042,Immigration is solely a provincial responsibility.,,false,,,
9045,9,select_blank,exercise,9042,Federal and provincial governments share agriculture and ___.,immigration|defence|currency|criminal law,0,,,
9051,9,true_false,preview,9052,Federalism lets provinces adopt policies suited to their people.,,true,,,
9052,9,multiple_choice,main,,What benefit does federalism give provinces?,New ideas|Total independence|No taxation|Crown ownership,0,,,"Federalism allows different provinces to adopt policies tailored to their own populations, and gives provinces the flexibility to experiment with new ideas and policies."
9053,9,true_false,exercise,9052,Federalism gives provinces flexibility to try new policies.,,true,,,
9054,9,select_blank,exercise,9052,Federalism lets provinces tailor policies to their own ___.,populations|monarchs|militaries|currencies,0,,,
9055,9,multiple_choice,exercise,9052,Federalism allows provinces to do what with policy?,New ideas|Ignore laws|Declare independence|Print currency,0,,,
9061,9,true_false,preview,9062,Every province has its own elected Legislative Assembly.,,true,,,
9062,9,multiple_choice,main,,What does every province have like Ottawa's Commons?,Legislative Assembly|Governor General|Supreme Court|Senate,0,,,"Every province has its own elected Legislative Assembly, like the House of Commons in Ottawa. The three northern territories, which have small populations, do not have the status of provinces, but their governments and assemblies carry out many of the same functions."
9063,9,true_false,exercise,9062,The three northern territories have provincial status.,,false,,,
9064,9,multiple_choice,exercise,9062,How many northern territories does Canada have?,Three|Two|Four|Five,0,,,
9065,9,select_blank,exercise,9062,The northern territories have small ___ compared to provinces.,populations|legislatures|budgets|courts,0,,,
9066,9,true_false,exercise,9062,Territories carry out many functions like provinces.,,true,,,
9071,9,true_false,preview,9072,Canadians elect members to Parliament and legislatures.,,true,,,
9072,9,multiple_choice,main,,What do elected representatives do in Parliament?,Pass laws|Give speeches|Appoint judges|Collect taxes,0,,,"These representatives are responsible for passing laws, approving and monitoring expenditures, and keeping the government accountable."
9073,9,multi_select,exercise,9072,What are elected representatives responsible for?,Passing laws|Monitoring expenditures|Government accountability|Appointing Sovereign,0|1|2,,,
9074,9,true_false,exercise,9072,Representatives keep the government accountable.,,true,,,
9075,9,select_blank,exercise,9072,People elect members to the House of ___.,Commons|Lords|Assembly|Senate,0,,,
9076,9,multiple_choice,exercise,9072,How are members of Parliament chosen?,UN vote|Premiers choose|Voters elect|Landowners only,2,,,"Members of Parliament are elected by voters in their local constituency, or riding."
9081,9,true_false,preview,9082,Cabinet ministers must retain the confidence of the House.,,true,,,
9082,9,multiple_choice,main,,What must Cabinet ministers keep to stay in office?,House confidence|Senate support|GG approval|Opinion polls,0,,,"Cabinet ministers are responsible to the elected representatives, which means they must retain the ""confidence of the House"" and have to resign if they are defeated in a non-confidence vote."
9083,9,true_false,exercise,9082,A Cabinet must resign if defeated in a non-confidence vote.,,true,,,
9084,9,select_blank,exercise,9082,Cabinet ministers must retain the ___ of the House.,confidence|silence|majority|budget,0,,,
9085,9,multiple_choice,exercise,9082,What happens if Cabinet loses a non-confidence vote?,Must resign|Nothing happens|Senate dissolves|GG resigns,0,,,
9091,9,true_false,preview,9092,"Parliament has three parts: Sovereign, Senate, Commons.",,true,,,
9092,9,multi_select,main,,Which are the three parts of Parliament?,Sovereign|Senate|Commons|Supreme Court,0|1|2,p28-parliament-hill-ottawa.jpeg,,"Parliament has three parts: the Sovereign (Queen or King), the Senate and the House of Commons."
9093,9,true_false,exercise,9092,The Supreme Court is a part of Parliament.,,false,,,
9094,9,select_blank,exercise,9092,"Parliament's parts are Sovereign, Senate and House of ___.",Commons|Lords|Assembly|Cabinet,0,,,
9095,9,multiple_choice,exercise,9092,Which body is NOT part of Parliament?,Supreme Court|Sovereign|Senate|The Commons,0,,,
9096,9,match_pairs,exercise,9092,Match each part of Parliament to its nature.,Sovereign:Hereditary Head of State|Senate:Appointed chamber|House of Commons:Elected chamber,,,,
9101,9,true_false,preview,9102,Provincial legislatures comprise the Lieutenant Governor and an elected Assembly.,,true,,,
9102,9,multiple_choice,main,,Who represents the Sovereign in a province?,Lieutenant Governor|Governor General|Premier|Prime Minister,0,,,Provincial legislatures comprise the Lieutenant Governor and the elected Assembly. The Lieutenant Governor represents the Sovereign in each province.
9103,9,true_false,exercise,9102,A provincial legislature includes an elected Assembly.,,true,,,
9104,9,select_blank,exercise,9102,Provincial legislatures comprise the Lieutenant Governor and elected ___.,Assembly|Senate|Cabinet|Council,0,,,
9105,9,true_false,exercise,9102,Provincial legislatures include a Lieutenant Governor and elected Assembly.,,true,,,
9111,9,true_false,preview,9112,The Prime Minister selects the Cabinet ministers.,,true,,,
9112,9,multiple_choice,main,,What is the Prime Minister responsible for?,"Operations, policy|Royal assent|Appointing judges|Provincial budgets",0,,,"In the federal government, the Prime Minister selects the Cabinet ministers and is responsible for the operations and policy of the government."
9113,9,true_false,exercise,9112,The Prime Minister selects Cabinet ministers.,,true,,,
9114,9,select_blank,exercise,9112,The Prime Minister is responsible for operations and ___.,policy|currency|elections|royal assent,0,,,
9115,9,multiple_choice,exercise,9112,Who selects Canada's Cabinet ministers?,Prime Minister|Governor General|Senate|Sovereign,0,,,
9121,9,true_false,preview,9122,House of Commons members are elected by the people.,,true,,,
9122,9,multiple_choice,main,,How often are Commons members traditionally elected?,Four years|Every year|Ten years|Two years,0,,,"The House of Commons is the representative chamber, made up of members of Parliament elected by the people, traditionally every four years."
9123,9,true_false,exercise,9122,House of Commons members are called Members of Parliament.,,true,,,
9124,9,select_blank,exercise,9122,The House of Commons has members of ___.,Parliament|the Senate|Cabinet|the Assembly,0,,,
9125,9,multiple_choice,exercise,9122,What is the House of Commons known as?,Representative chamber|Appointed chamber|Judicial chamber|Royal chamber,0,,,
9131,9,true_false,preview,9132,Senators are appointed rather than elected.,,true,,,
9132,9,multiple_choice,main,,Until what age do Senators typically serve?,75|65|80|70,0,,,Senators are appointed by the Governor General on the advice of the Prime Minister and serve until age 75.
9133,9,true_false,exercise,9132,The Governor General appoints Senators on PM's advice.,,true,,,
9134,9,select_blank,exercise,9132,Senators serve until age ___.,75|65|80|60,0,,,
9135,9,multiple_choice,exercise,9132,Who appoints Canada's Senators?,Governor General|Voters|Premier|Supreme Court,0,,,
9141,9,true_false,preview,9142,A bill must pass both the Commons and the Senate.,,true,,,
9142,9,multiple_choice,main,,What must a bill receive to become law?,Royal assent|Senate veto|Municipal approval|A referendum,0,,,"No bill can become law in Canada until it has been passed by both chambers and has received royal assent, granted by the Governor General on behalf of the Sovereign."
9143,9,true_false,exercise,9142,The Governor General grants royal assent for the Sovereign.,,true,,,
9144,9,select_blank,exercise,9142,Bill becomes law after both chambers grant royal ___.,assent|veto|amendment|reading,0,,,
9145,9,multiple_choice,exercise,9142,Who grants royal assent on the Sovereign's behalf?,Governor General|Prime Minister|Chief Justice|Speaker,0,,,
9151,9,true_false,preview,9152,A bill becomes law only after seven legislative steps.,,true,,,
9152,9,order,main,,Order the steps of how a bill becomes law.,First Reading|Second Reading|Committee Stage|Report Stage|Third Reading|Senate|Royal Assent,,,,"A bill is first read and printed, then debated at Second Reading, studied clause by clause in Committee, amended at Report Stage, debated and voted on at Third Reading, sent through a similar process in the Senate, and finally receives Royal Assent."
9153,9,multiple_choice,exercise,9152,What happens at First Reading of a bill?,Is printed|Becomes law|Fully debated|To Senate,0,,,
9154,9,multiple_choice,exercise,9152,What happens during Committee Stage?,Studied closely|Becomes law|Printed first|To GG,0,,,
9155,9,true_false,exercise,9152,At Third Reading members debate and vote on the bill.,,true,,,
9156,9,select_blank,exercise,9152,"After the House, a bill goes to the ___.",Senate|Cabinet|courts|provinces,0,,,
9157,9,multiple_choice,exercise,9152,What is the final step of the legislative process?,Royal Assent|Third Reading|Committee Stage|Report Stage,0,,,
9161,9,true_false,preview,9162,Canadians aged 18 or older should vote in elections.,,true,,,
9162,9,multiple_choice,main,,At what age can Canadians begin voting?,18|16|21|19,0,,,"It is important for Canadians aged 18 or more to participate in their democracy by voting in federal, provincial or territorial and municipal elections."
9163,9,multi_select,exercise,9162,In which elections should Canadians 18+ vote?,"Federal|Provincial, territorial|Municipal|None required",0|1|2,,,
9164,9,true_false,exercise,9162,Voting is a right and a responsibility in a democracy.,,true,,,
9165,9,select_blank,exercise,9162,Canadians have the right and ___ to participate.,responsibility|option|privilege only|No obligation,0,,,
9171,9,true_false,preview,9172,Canada's Head of State is a hereditary Sovereign.,,true,,,
9172,9,multiple_choice,main,,Who is Canada's Head of State today?,Charles III|Prime Minister|Governor General|Chief Justice,0,p28-queen-elizabeth-opening-parliament-1957.jpeg,,"As a constitutional monarchy, Canada's Head of State is a hereditary Sovereign who reigns according to the Constitution. Canada's current Sovereign is His Majesty King Charles III, King of Canada. This 1957 photo shows Queen Elizabeth II, his mother and predecessor, opening the 23rd Parliament at Parliament Hill, Ottawa."
9173,9,true_false,exercise,9172,Canada's Head of State reigns according to the Constitution.,,true,,,
9174,9,select_blank,exercise,9172,Canada's Head of State today is King ___ III.,Charles|George|Edward|William,0,,,
9175,9,multiple_choice,exercise,9172,What kind of monarchy does Canada have?,Constitutional monarchy|Absolute monarchy|Elective monarchy|No monarchy,0,,,
9176,9,true_false,exercise,9172,Queen Elizabeth II is Canada's current Sovereign.,,false,,,Queen Elizabeth II reigned until 2022; Canada's current Sovereign is King Charles III.
9181,9,true_false,preview,9182,The Sovereign is a non-partisan part of Parliament.,,true,,,
9182,9,multiple_choice,main,,What role does the Sovereign play in Parliament?,Allegiance focus|Opposition head|Elected representative|Chief judge,0,,,"The Sovereign is a part of Parliament, playing an important, non-partisan role as the focus of citizenship and allegiance, most visibly during royal visits to Canada. His Majesty is a symbol of Canadian sovereignty, a guardian of constitutional freedoms, and a reflection of our history."
9183,9,multi_select,exercise,9182,What does the Sovereign symbolize?,Canadian sovereignty|Freedoms guardian|History reflection|Tax policy,0|1|2,,,
9184,9,true_false,exercise,9182,The Royal Family's example encourages lifelong service to community.,,true,,,
9185,9,select_blank,exercise,9182,The Sovereign is most visible during royal ___.,visits|elections|trials|budgets,0,,,
9191,9,true_false,preview,9192,The Sovereign is Head of the Commonwealth.,,true,,,
9192,9,multiple_choice,main,,How many nations link to Canada via Commonwealth?,53|13|100|25,0,,,"As Head of the Commonwealth, the Sovereign links Canada to 53 other nations that cooperate to advance social, economic and cultural progress."
9193,9,multi_select,exercise,9192,Which countries are also constitutional monarchies?,Australia|New Zealand|Denmark|France,0|1|2,,,
9194,9,true_false,exercise,9192,Japan is listed as a constitutional monarchy in the guide.,,true,,,
9195,9,select_blank,exercise,9192,"Commonwealth nations advance social, economic and ___ progress.",cultural|military|religious|territorial,0,,,
9201,9,true_false,preview,9202,The Sovereign is Head of State; the PM runs government.,,true,,,
9202,9,multiple_choice,main,,Who actually directs the governing of the country?,Prime Minister|Sovereign|Governor General|Chief Justice,0,,,"There is a clear distinction in Canada between the head of state, the Sovereign, and the head of government, the Prime Minister, who actually directs the governing of the country."
9203,9,true_false,exercise,9202,The Sovereign directs the day-to-day governing of the country.,,false,,,
9204,9,select_blank,exercise,9202,Canada's head of state is the ___.,Sovereign|Speaker|Chief Justice|Premier,0,,,
9205,9,multiple_choice,exercise,9202,Who is Canada's head of state?,Sovereign|Prime Minister|Premier|Mayor,0,,,
9211,9,true_false,preview,9212,The Governor General represents the Sovereign in Canada.,,true,,,
9212,9,multiple_choice,main,,Who appoints Canada's Governor General?,Sovereign|Senate|Voters|Supreme Court,0,p29-david-johnston-governor-general.jpeg,,"The Sovereign is represented in Canada by the Governor General, who is appointed by the Sovereign on the advice of the Prime Minister, usually for five years. Pictured is David Johnston, the 28th Governor General since Confederation, with his grandchildren."
9213,9,true_false,exercise,9212,Governors General usually serve about five years.,,true,,,
9214,9,select_blank,exercise,9212,The GG is appointed on advice from the ___.,Prime Minister|Senate|Chief Justice|voters,0,,,
9215,9,multiple_choice,exercise,9212,David Johnston was Canada's how-many-th Governor General?,28th|1st|10th|50th,0,,,
9216,9,media_card,exercise,9212,This photo shows Canada's:,28th Governor General|Prime Minister|Chief Justice|a Premier,0,p29-david-johnston-governor-general.jpeg,,
9221,9,true_false,preview,9222,Each province has a Lieutenant Governor representing the Sovereign.,,true,,,
9222,9,multiple_choice,main,,Who appoints a province's Lieutenant Governor?,Governor General|Sovereign directly|Premier|Voters,0,,,"In each of the ten provinces, the Sovereign is represented by the Lieutenant Governor, who is appointed by the Governor General on the advice of the Prime Minister, also normally for five years."
9223,9,true_false,exercise,9222,"There are ten Lieutenant Governors, one per province.",,true,,,
9224,9,select_blank,exercise,9222,Lieutenant Governors normally serve about ___ years.,five|two|ten|twenty,0,,,
9225,9,multiple_choice,exercise,9222,How many provinces have a Lieutenant Governor?,Ten|Three|Thirteen|Six,0,,,
9231,9,true_false,preview,9232,"Canada's government has Executive, Legislative and Judicial branches.",,true,,,
9232,9,multi_select,main,,Which are Canada's three branches of government?,Executive|Legislative|Judicial|Municipal,0|1|2,,,"The interplay between the three branches of government, the Executive, Legislative and Judicial, which work together but also sometimes in creative tension, helps to secure the rights and freedoms of Canadians."
9233,9,match_pairs,exercise,9232,Match each branch to its role.,Executive:Prime Minister and Cabinet|Legislative:Senate and House of Commons|Judicial:Courts and judges,,,,
9234,9,true_false,exercise,9232,The three branches sometimes work in creative tension.,,true,,,
9235,9,select_blank,exercise,9232,The branches help secure rights and ___ of Canadians.,freedoms|taxes|borders|currency,0,,,
9236,9,multiple_choice,exercise,9232,What does the Judicial branch include?,Supreme Court|The Commons|Senate|Cabinet,0,,,
9241,9,true_false,preview,9242,Provincial legislature members have different titles by province.,,true,,,
9242,9,multiple_choice,main,,What are Quebec's elected legislature members called?,MNAs|MPs|MPPs|Senators,0,,,"The members of the legislature are called members of the Legislative Assembly (MLAs), members of the National Assembly (MNAs), members of the Provincial Parliament (MPPs) or members of the House of Assembly (MHAs), depending on the province or territory."
9243,9,multi_select,exercise,9242,Which are titles for provincial legislature members?,MLA|MNA|MPP|MP,0|1|2,,,
9244,9,select_blank,exercise,9242,Ontario's legislature members are called ___.,MPPs|MNAs|MLAs|MHAs,0,,,
9245,9,true_false,exercise,9242,MHA stands for Member of the House of Assembly.,,true,,,
9246,9,multiple_choice,exercise,9242,What does MLA stand for?,Assembly member|Legislature Association|Legal Affairs|London Assembly,0,,,
9251,9,true_false,preview,9252,The Premier's role is similar to the Prime Minister's.,,true,,,
9252,9,multiple_choice,main,,Who is like the PM in each province?,Premier|Lieutenant Governor|Mayor|Speaker,0,,,"In each province, the Premier has a role similar to that of the Prime Minister in the federal government, just as the Lieutenant Governor has a role similar to that of the Governor General."
9253,9,true_false,exercise,9252,"In the territories, the Commissioner plays a ceremonial role.",,true,,,"In the three territories, the Commissioner represents the federal government and plays a ceremonial role."
9254,9,select_blank,exercise,9252,In the territories the ___ represents the federal government.,Commissioner|Premier|Lieutenant Governor|Governor General,0,,,
9255,9,multiple_choice,exercise,9252,Who is like the Governor General in each province?,Lieutenant Governor|Premier|Mayor|Commissioner,0,,,
9256,9,match_pairs,exercise,9252,Match each federal role to its provincial equivalent.,Prime Minister:Premier|Governor General:Lieutenant Governor|Parliament:Legislature,,,,
9261,9,true_false,preview,9262,"Canada has federal, provincial/territorial and municipal governments.",,true,,,
9262,9,multi_select,main,,Which are levels of government in Canada?,"Federal|Provincial, territorial|Municipal|Commonwealth",0|1|2,,,"There are federal, provincial, territorial and municipal governments in Canada."
9263,9,true_false,exercise,9262,Provinces are responsible for municipal government.,,true,,,
9264,9,categorize,exercise,9262,Sort each duty to its level of government.,Defence↔Federal|Currency↔Federal|Education↔Provincial|Health↔Provincial,,,,
9265,9,multiple_choice,exercise,9262,How many levels of government does Canada have?,Three|Two|Four|Five,0,,,
9266,9,multiple_choice,exercise,9262,"Besides federal and provincial, what level of government exists?",Municipal|Commonwealth|Continental|Global,0,,,
10001,10,true_false,preview,10002,Members of the House of Commons are also called MPs.,,true,,,
10002,10,multiple_choice,main,,What is another name for a Member of Parliament?,MP|Senator|Premier|Cabinet minister,0,p30-house-of-commons-chamber.jpeg,,Members of the House of Commons are also known as members of Parliament or MPs.
10003,10,true_false,exercise,10002,Voters choose who represents them in the House of Commons.,,true,,,
10004,10,multiple_choice,exercise,10002,Who represents you in the House of Commons?,Your MP|Your mayor|Governor General|Chief Justice,0,,,
10005,10,select_blank,exercise,10002,House of Commons members are also called ___.,Parliament|Cabinet|the Senate|the Assembly,0,,,
10011,10,true_false,preview,10012,Federal elections must be held every four years.,,true,,,
10012,10,multiple_choice,main,,How often must federal elections be held?,4 years|2 years|5 years|6 years,0,,,"Under legislation passed by Parliament, federal elections must be held on the third Monday in October every four years following the most recent general election."
10013,10,true_false,exercise,10012,Parliament passed legislation setting a fixed schedule for federal elections.,,true,,,
10014,10,multiple_choice,exercise,10012,What sets the schedule for federal elections?,Legislation|Royal decree|Cabinet alone|Elections Canada,0,,,
10015,10,select_blank,exercise,10012,Federal elections are held every ___ years by law.,four|two|three|six,0,,,
10021,10,true_false,preview,10022,Federal elections fall on the third Monday in October.,,true,,,
10022,10,multiple_choice,main,,Which Monday in October is election day?,Third|First|Second|Fourth,0,,,"Under legislation passed by Parliament, federal elections must be held on the third Monday in October every four years."
10023,10,true_false,exercise,10022,Federal elections are held in October.,,true,,,
10024,10,multiple_choice,exercise,10022,In which month are fixed federal elections held?,October|November|September|December,0,,,
10025,10,select_blank,exercise,10022,Federal elections fall on the third ___ in October.,Monday|Tuesday|Wednesday|Friday,0,,,
10031,10,true_false,preview,10032,The PM may ask the GG for an early election.,,true,,,
10032,10,multiple_choice,main,,Who can ask for an earlier election than scheduled?,Prime Minister|Any MP|Chief Justice|A voter,0,,,The Prime Minister may ask the Governor General to call an earlier election.
10033,10,true_false,exercise,10032,The GG can call an election with no request.,,false,,,
10034,10,multiple_choice,exercise,10032,Who does the PM ask for early elections?,Governor General|Speaker|Elections chief|Senate,0,,,
10035,10,select_blank,exercise,10032,The ___ Minister requests early elections.,Prime|Foreign|Finance|Justice,0,,,
10041,10,true_false,preview,10042,An electoral district is also called a riding or constituency.,,true,,,
10042,10,multiple_choice,main,,What is another name for an electoral district?,Riding|Province|Territory|Ward,0,,,"An electoral district is a geographical area represented by a member of Parliament (MP), also known as a riding or constituency."
10043,10,true_false,exercise,10042,Each electoral district is represented by one MP.,,true,,,
10044,10,multiple_choice,exercise,10042,What does one electoral district elect?,One MP|Two MPs|A Premier|A Senator,0,,,
10045,10,select_blank,exercise,10042,An electoral district is also a riding or ___.,constituency|province|ward|precinct,0,,,
10051,10,true_false,preview,10052,Canada is divided into 308 electoral districts.,,true,,,
10052,10,multiple_choice,main,,How many electoral districts does Canada have?,308|301|315|280,0,,,"Canada is divided into 308 electoral districts, also known as ridings or constituencies."
10053,10,multiple_choice,exercise,10052,What term describes Canada's 308 voting areas?,Electoral districts|Provinces|Territories|Wards,0,,,
10054,10,true_false,exercise,10052,Each electoral district elects only one MP.,,true,,,
10055,10,select_blank,exercise,10052,Canada has ___ electoral districts in total.,308|208|408|108,0,,,
10061,10,true_false,preview,10062,Canadian citizens 18 or older may run for federal office.,,true,,,
10062,10,multiple_choice,main,,Who may run in a federal election?,18+ citizens|Permanent residents|21+ only|Party leaders,0,,,Canadian citizens who are 18 years old or older may run in a federal election. The people who run for office are called candidates.
10063,10,true_false,exercise,10062,People who run for office are called candidates.,,true,,,
10064,10,select_blank,exercise,10062,People who run for office are called ___.,candidates|electors|delegates|officials,0,,,
10065,10,multiple_choice,exercise,10062,What is the minimum candidate age?,18|16|21|25,0,,,
10071,10,true_false,preview,10072,The top vote-getter becomes the district's MP.,,true,,,
10072,10,multiple_choice,main,,How are members of Parliament chosen?,Voters elect|UN appoints|Premiers choose|Police elect,0,,,The people in each electoral district vote for the candidate of their choice. The candidate who receives the most votes becomes the MP for that electoral district.
10073,10,true_false,exercise,10072,MPs are elected by voters in their local riding.,,true,,,
10074,10,multiple_choice,exercise,10072,What determines who wins a riding's MP seat?,Most votes|Coin toss|Party seniority|Court decision,0,,,
10075,10,select_blank,exercise,10072,The winning candidate in a riding becomes its ___.,MP|Premier|Senator|Governor,0,,,
10081,10,true_false,preview,10082,You must be 18+ to vote federally.,,true,,,
10082,10,multi_select,main,,What must be true to vote federally?,Canadian citizen|18+|Voters' list|Own property,0|1|2,,,"You are eligible to vote in a federal election or referendum if you are a Canadian citizen, at least 18 years old on voting day, and on the voters' list."
10083,10,true_false,exercise,10082,You must own property to vote in a federal election.,,false,,,
10084,10,multiple_choice,exercise,10082,Which is required to vote federally?,Citizenship|Owning car|Paying taxes|Having passport,0,,,
10085,10,select_blank,exercise,10082,You must be at least ___ to vote federally.,18|16|19|21,0,,,
10086,10,true_false,exercise,10082,You may also vote in a federal referendum.,,true,,,
10091,10,true_false,preview,10092,Elections Canada is a neutral agency of Parliament.,,true,,,
10092,10,multiple_choice,main,,Which agency produces the federal voters' lists?,Elections Canada|Statistics Canada|The Cabinet|The Senate,0,,,The voters' lists used during federal elections and referendums are produced from the National Register of Electors by a neutral agency of Parliament called Elections Canada.
10093,10,true_false,exercise,10092,Elections Canada produces voters' lists from the Register.,,true,,,
10094,10,multiple_choice,exercise,10092,What kind of body is Elections Canada?,Neutral agency|Political party|Private company|Provincial ministry,0,,,
10095,10,true_false,exercise,10092,"Elections Canada is a neutral agency, not a political party.",,true,,,
10101,10,true_false,preview,10102,The National Register is a permanent voter database.,,true,,,
10102,10,multiple_choice,main,,What is the National Register of Electors?,Voter database|MP list|Candidate list|Ballot template,0,,,This is a permanent database of Canadian citizens 18 years of age or older who are qualified to vote in federal elections and referendums.
10103,10,true_false,exercise,10102,The National Register of Electors lists citizens 18 or older.,,true,,,
10104,10,select_blank,exercise,10102,The National Register is a ___ voter database.,permanent|temporary|provincial|weekly,0,,,
10105,10,multiple_choice,exercise,10102,Who is listed in the National Register of Electors?,Qualified voters|All residents|All taxpayers|Registered candidates,0,,,
10111,10,true_false,preview,10112,Elections Canada mails a voter info card once called.,,true,,,
10112,10,multiple_choice,main,,What does a voter information card tell you?,Date/place|Candidate platform|Tax balance|MP's salary,0,p32-voter-information-card.jpeg,,"Once an election has been called, Elections Canada mails a voter information card to each elector whose name is in the National Register of Electors. The card lists when and where you vote."
10113,10,true_false,exercise,10112,The voter card lists an interpreter phone number.,,true,,,
10114,10,multiple_choice,exercise,10112,Who mails the voter information card?,Elections Canada|Your MP|The Cabinet|Your municipality,0,,,
10115,10,select_blank,exercise,10112,Elections Canada mails a voter ___ card once called.,information|donation|registration|nomination,0,,,
10121,10,true_false,preview,10122,You can join the voters' list on election day.,,true,,,
10122,10,multiple_choice,main,,What if you're not registered to vote?,Still register|Cannot vote|Wait years|Court order,0,,,"Even if you choose not to be listed in the National Register of Electors or do not receive a voter information card, you can still be added to the voters' list at any time, including on election day."
10123,10,true_false,exercise,10122,Not receiving a voter information card means you cannot vote.,,false,,,
10124,10,select_blank,exercise,10122,You can join the voters' list on ___ day.,election|registration|nomination|advance,0,,,
10125,10,multiple_choice,exercise,10122,When is the latest to join the voters' list?,Election day|Week before|Month before|Not allowed,0,,,
10131,10,true_false,preview,10132,Canadian law secures the right to a secret ballot.,,true,,,
10132,10,multiple_choice,main,,What does Canadian law guarantee about voting?,Secret ballot|Public count|Mandatory disclosure|Group voting,0,,,This means that no one can watch you vote and no one should look at how you voted.
10133,10,true_false,exercise,10132,Your employer can require you to reveal your vote.,,false,,,
10134,10,multiple_choice,exercise,10132,Who can require you to disclose your vote?,No one|Your employer|Your union|Your family,0,,,
10135,10,true_false,exercise,10132,You may choose to discuss how you voted with others.,,true,,,
10141,10,true_false,preview,10142,Election results are announced right after polling stations close.,,true,,,
10142,10,multiple_choice,main,,When are federal election results announced?,Polls close|Week later|Next month|Parliament opens,0,,,"Immediately after the polling stations close, election officers count the ballots and the results are announced on radio and television, and in the newspapers."
10143,10,true_false,exercise,10142,Election officers count ballots after polls close.,,true,,,
10144,10,select_blank,exercise,10142,"Results are announced on radio, TV, and ___.",newspapers|courtrooms|schools|churches,0,,,
10145,10,true_false,exercise,10142,Results are announced before the polling stations even close.,,false,,,
10151,10,true_false,preview,10152,The GG invites the top party to form government.,,true,,,
10152,10,multiple_choice,main,,Who is usually invited to form the government?,Top leader|Oldest MP|Chief Justice|Governor General,0,p31-house-of-commons-session.jpeg,,"Ordinarily, after an election, the leader of the political party with the most seats in the House of Commons is invited by the Governor General to form the government, and becomes the Prime Minister."
10153,10,true_false,exercise,10152,The winning party's leader becomes PM via the GG.,,true,,,
10154,10,multiple_choice,exercise,10152,Who appoints the Prime Minister after an election?,Governor General|Elections chief|Senate|Outgoing PM,0,,,
10155,10,select_blank,exercise,10152,The winning leader is invited to ___ government.,form|dissolve|elect|audit,0,,,
10161,10,true_false,preview,10162,A majority government holds at least half the seats.,,true,,,
10162,10,multiple_choice,main,,What is a minority government?,Under half|All seats|No cabinet|Unelected government,0,,,"If the party in power holds at least half of the seats in the House of Commons, this is called a majority government. If it holds less than half, this is a minority government."
10163,10,true_false,exercise,10162,A party under half the seats forms a minority government.,,true,,,
10164,10,select_blank,exercise,10162,Half the seats or more forms a ___ government.,majority|minority|coalition|shadow,0,,,
10165,10,multiple_choice,exercise,10162,What is a majority government?,Half seats|No seats|Fewest MPs|Unelected government,0,,,
10171,10,true_false,preview,10172,A budget vote is a matter of confidence.,,true,,,
10172,10,multiple_choice,main,,What happens if government loses a confidence vote?,New election|Nothing changes|Senate rules|Taxes cancelled,0,,,"When the House of Commons votes on a major issue such as the budget, this is a matter of confidence. If a majority vote against a major government decision, this usually results in the Prime Minister asking the Governor General to call an election."
10173,10,true_false,exercise,10172,The government needs majority confidence to stay in power.,,true,,,
10174,10,multiple_choice,exercise,10172,Which vote is an example of a confidence matter?,The budget|Member's petition|Committee schedule|Local by-law,0,,,
10175,10,select_blank,exercise,10172,Losing a confidence vote leads to a new ___.,election|budget|Cabinet minister|by-law,0,,,
10181,10,true_false,preview,10182,The Prime Minister chooses the ministers of the Crown.,,true,,,
10182,10,multiple_choice,main,,Who typically becomes a Cabinet minister?,Mostly MPs|Only Senators|Only judges|Only premiers,0,,,"The Prime Minister chooses the ministers of the Crown, most of them from among members of the House of Commons. Cabinet ministers are responsible for running the federal government departments."
10183,10,true_false,exercise,10182,Cabinet ministers run federal government departments.,,true,,,
10184,10,select_blank,exercise,10182,The PM and ministers together are called the ___.,Cabinet|Senate|Opposition|Assembly,0,,,
10185,10,true_false,exercise,10182,Most Cabinet ministers come from the House of Commons.,,true,,,
10191,10,true_false,preview,10192,The Cabinet prepares the budget and proposes most new laws.,,true,,,
10192,10,multiple_choice,main,,What does the Cabinet mainly do?,Budget/laws|Count ballots|Appoint GG|Run councils,0,,,The Prime Minister and Cabinet ministers make important decisions about how the country is governed. They prepare the budget and propose most new laws. Their decisions can be questioned by all members of the House of Commons.
10193,10,true_false,exercise,10192,The House of Commons can question Cabinet decisions.,,true,,,
10194,10,multiple_choice,exercise,10192,Who can question Cabinet decisions?,All MPs|Only Senate|Only GG|No one,0,,,
10195,10,select_blank,exercise,10192,The Cabinet prepares the ___ and proposes new laws.,budget|ballots|constitution|census,0,,,
10201,10,true_false,preview,10202,Opposition parties are the parties not in power.,,true,,,
10202,10,multiple_choice,main,,What is the role of opposition parties?,Oppose/improve|Block laws|Replace Cabinet|Run services,0,,,The other parties that are not in power are known as opposition parties. Their role is to peacefully oppose or try to improve government proposals.
10203,10,true_false,exercise,10202,Opposition parties try to peacefully improve government proposals.,,true,,,
10204,10,select_blank,exercise,10202,Parties not in power are known as ___ parties.,opposition|majority|governing|Cabinet,0,,,
10205,10,multiple_choice,exercise,10202,What should opposition parties do with proposals?,Oppose/improve|Ignore them|Approve automatically|Rewrite budget,0,,,
10211,10,true_false,preview,10212,The largest opposition party is called the Official Opposition.,,true,,,
10212,10,multiple_choice,main,,What is the largest opposition party also called?,Loyal Opposition|The Cabinet|Senate majority|Privy Council,0,,,"The opposition party with the most members of the House of Commons is the Official Opposition, also known as His Majesty's Loyal Opposition (updated from the book's Her Majesty's wording to reflect King Charles III as the current Sovereign)."
10213,10,true_false,exercise,10212,The Official Opposition is the largest opposition party.,,true,,,
10214,10,select_blank,exercise,10212,The Official Opposition is also His Majesty's ___ Opposition.,Loyal|Royal|Chief|Grand,0,,,
10215,10,multiple_choice,exercise,10212,Which party becomes the Official Opposition?,Largest opposition|Governing party|Smallest party|Fewest seats,0,,,
10221,10,true_false,preview,10222,"The Conservative, NDP and Liberal parties are Canada's major parties.",,true,,,
10222,10,multiple_choice,main,,Which are Canada's three major federal parties?,Conservative/NDP/Liberal|Republican/Green/Labour|Tory/Whig/Reform|Minor parties,0,,,"There are three major political parties represented in the House of Commons: the Conservative Party, the New Democratic Party, and the Liberal Party."
10223,10,true_false,exercise,10222,The NDP is one of Canada's major parties.,,true,,,
10224,10,multi_select,exercise,10222,Which are named as major parties in the guide?,Conservative Party|Liberal Party|NDP|Green Party,0|1|2,,,
10225,10,select_blank,exercise,10222,These major parties sit in the ___ of Commons.,House|Senate|Cabinet|Assembly,0,,,
10231,10,true_false,preview,10232,The voter card confirms you're on the voters' list.,,true,,,
10232,10,multiple_choice,main,,What does the voter information card confirm?,Voters' list|Final choice|Tax refund|Citizenship date,0,,,Electors whose information is in the National Register of Electors will receive a voter information card. This confirms that your name is on the voters' list and states when and where you vote.
10233,10,true_false,exercise,10232,The voter information card states when and where you vote.,,true,,,
10234,10,select_blank,exercise,10232,The voter card confirms you're on the ___ list.,voters'|candidates'|party|donor,0,,,
10235,10,multiple_choice,exercise,10232,What is one thing the voter information card lists?,Voting place|Candidate's platform|Riding population|Tax rate,0,,,
10241,10,true_false,preview,10242,No voter card? Call your local elections office.,,true,,,
10242,10,multiple_choice,main,,What if you never get a voter card?,Call elections|Skip election|Wait next|Mail complaint,0,,,"If you do not receive a voter information card, call your local elections office to ensure you are on the voters' list. If you do not have the number, call Elections Canada, in Ottawa, at 1-800-463-6868."
10243,10,true_false,exercise,10242,Elections Canada's Ottawa phone number is 1-800-463-6868.,,true,,,
10244,10,multiple_choice,exercise,10242,Who can you call in Ottawa?,Elections Canada|MP's office|The Cabinet|Governor General,0,,,
10245,10,select_blank,exercise,10242,"With no card, first call your local ___ office.",elections|passport|immigration|revenue,0,,,
10251,10,true_false,preview,10252,You can vote before election day at advance polls.,,true,,,
10252,10,multiple_choice,main,,How do you vote before election day?,Advance polls|Not allowed|Ask neighbour|Wait next,0,,,"If you cannot or do not wish to vote on election day, you can vote at the advance polls or by special ballot. The dates and location are on your voter information card."
10253,10,true_false,exercise,10252,Advance poll dates appear on your voter card.,,true,,,
10254,10,select_blank,exercise,10252,"Otherwise, vote by advance polls or a ___ ballot.",special|blank|paper|digital,0,,,
10255,10,true_false,exercise,10252,Advance poll dates appear on the voter information card.,,true,,,
10261,10,true_false,preview,10262,Bring your voter card and ID to your polling station.,,true,,,
10262,10,multiple_choice,main,,What should you bring to your polling station?,Card/ID|Only cash|Passport application|Nothing else,0,,,Go to your polling station. The location is on your voter information card. Bring this card and proof of your identity and address to the polling station.
10263,10,true_false,exercise,10262,Your polling station location is on your voter card.,,true,,,
10264,10,multiple_choice,exercise,10262,What must your ID prove at the polling station?,Identity/address|Employment|Income|Marital status,0,,,
10265,10,select_blank,exercise,10262,Your voter card lists your polling station ___.,location|budget|candidate|schedule,0,,,
10271,10,true_false,preview,10272,You mark an X beside your chosen candidate.,,true,,,
10272,10,multiple_choice,main,,How do you mark your ballot?,Circle X|Sign name|Circle logo|Write name,0,,,Mark an 'X' in the circle next to the name of the candidate of your choice. You will be invited to go behind the screen to mark your ballot.
10273,10,true_false,exercise,10272,You mark your ballot behind a screen for privacy.,,true,,,
10274,10,select_blank,exercise,10272,You mark an ___ beside your chosen candidate.,X|O|check mark|star,0,,,
10275,10,multiple_choice,exercise,10272,Where do you mark your ballot's X?,In circle|At top|On envelope|On ballot,0,,,
10281,10,true_false,preview,10282,A poll official tears off your ballot number first.,,true,,,
10282,10,multiple_choice,main,,What happens after you fold your marked ballot?,Torn off|Mailed away|Self-kept|Official signs,0,,,The poll official will tear off the ballot number and give your ballot back to you to deposit in the ballot box.
10283,10,true_false,exercise,10282,You personally deposit your ballot into the ballot box.,,true,,,
10284,10,multiple_choice,exercise,10282,"Where do you place your folded, numbered-off ballot?",Ballot box|A mailbox|Your pocket|Ballot envelope,0,,,
10285,10,select_blank,exercise,10282,The poll official tears off your ballot ___.,number|signature|photo|name,0,,,
10291,10,true_false,preview,10292,You can check election results on elections.ca.,,true,,,
10292,10,multiple_choice,main,,Where can you see federal election results?,TV/elections.ca|Next-day mail|Only Parliament|Only phone,0,,,"When the polls close, every ballot is counted and the results are made public. You can see the results on television or on the Elections Canada website (www.elections.ca)."
10293,10,true_false,exercise,10292,Every ballot is counted once the polls close.,,true,,,
10294,10,select_blank,exercise,10292,Results are made public on TV or www.___.ca.,elections|parliament|canada|votes,0,,,
10295,10,true_false,exercise,10292,Results are only made public days after the vote.,,false,,,
10301,10,true_false,preview,10302,Municipal councils pass local laws called by-laws.,,true,,,
10302,10,multiple_choice,main,,What are local council laws called?,By-laws|Statutes|Acts|Orders-in-council,0,p35-quebec-city-hall.jpeg,,Municipal governments usually have a council that passes laws called 'by-laws' that affect only the local community. The council usually includes a mayor (or a reeve) and councillors or aldermen.
10303,10,true_false,exercise,10302,A municipal council usually includes a mayor or reeve.,,true,,,
10304,10,select_blank,exercise,10302,Municipal council members are called councillors or ___.,aldermen|senators|premiers|ministers,0,,,
10305,10,multiple_choice,exercise,10302,What kind of laws does a municipal council pass?,By-laws|Criminal laws|Treaties|Constitutional amendments,0,,,
10311,10,true_false,preview,10312,Municipalities are usually responsible for snow removal and garbage collection.,,true,,,
10312,10,multi_select,main,,Which are typical municipal responsibilities?,Snow removal|Firefighting|Foreign policy|Public transit,0|1|3,,,"Municipalities are normally responsible for urban or regional planning, streets and roads, sanitation, snow removal, firefighting, ambulance and other emergency services, recreation facilities, public transit and some local health and social services. Most major urban centres have municipal police forces."
10313,10,true_false,exercise,10312,Most major urban centres have municipal police forces.,,true,,,
10314,10,multiple_choice,exercise,10312,Which is a typical municipal responsibility?,Garbage removal|National defence|Immigration law|Currency,0,,,
10315,10,true_false,exercise,10312,Foreign policy is a municipal responsibility.,,false,,,
10321,10,true_false,preview,10322,Provincial and municipal elections also use a secret ballot.,,true,,,
10322,10,multiple_choice,main,,How do provincial election rules compare?,Different rules|Identical rules|No ballot|Optional voting,0,,,"Provincial, territorial and municipal elections are held by secret ballot, but the rules are not the same as those for federal elections. It is important to find out the rules for voting in provincial, territorial and local elections."
10323,10,true_false,exercise,10322,Provincial and federal election rules are exactly the same.,,false,,,
10324,10,select_blank,exercise,10322,"Learn voting rules for provincial, territorial and ___ elections.",local|foreign|corporate|union,0,,,
10325,10,multiple_choice,exercise,10322,What voting method do provincial elections still use?,Secret ballot|Hand count|Online voting|Mail-in only,0,,,
10331,10,true_false,preview,10332,First Nations band chiefs and councillors have major reserve responsibilities.,,true,,,
10332,10,multiple_choice,main,,Who has major responsibilities on First Nations reserves?,Chiefs/councillors|Municipal mayors|Provincial premiers|Senators,0,,,"The First Nations have band chiefs and councillors who have major responsibilities on First Nations reserves, including housing, schools and other services."
10333,10,true_false,exercise,10332,Band chiefs and councillors oversee housing and schools on reserves.,,true,,,
10334,10,multi_select,exercise,10332,Which fall under band council responsibility on reserves?,Housing|Schools|Foreign policy|Local services,0|1|3,,,
10335,10,true_false,exercise,10332,First Nations band councils have major responsibilities on reserves.,,true,,,
10341,10,true_false,preview,10342,National defence is a federal government responsibility.,,true,,,
10342,10,multi_select,main,,Which are federal government responsibilities?,National defence|Criminal justice|Education|Foreign policy,0|1|3,,,"Federal government responsibilities include National Defence, Foreign Policy, Citizenship, Policing, Criminal Justice, International Trade, and Aboriginal Affairs."
10343,10,true_false,exercise,10342,Citizenship matters fall under federal responsibility.,,true,,,
10344,10,multiple_choice,exercise,10342,"Which is a federal responsibility, not provincial?",International trade|Highways|Education|Natural resources,0,,,
10345,10,true_false,exercise,10342,Education is a federal government responsibility.,,false,,,
10351,10,true_false,preview,10352,Immigration is a responsibility shared by federal and provincial governments.,,true,,,
10352,10,multi_select,main,,Which responsibilities are shared federal-provincial areas?,Immigration|Agriculture|Environment|National defence,0|1|2,,,"Immigration, agriculture and environment are areas of shared responsibility between the federal government and the provinces and territories."
10353,10,true_false,exercise,10352,Agriculture is a shared federal-provincial responsibility.,,true,,,
10354,10,select_blank,exercise,10352,"Immigration, agriculture and ___ are shared responsibilities.",environment|currency|defence|justice,0,,,
10355,10,true_false,exercise,10352,Environment policy is shared between federal and provincial governments.,,true,,,
10361,10,true_false,preview,10362,Education and health care are provincial responsibilities.,,true,,,
10362,10,multi_select,main,,Which are provincial or territorial government responsibilities?,Education|Health care|Natural resources|National defence,0|1|2,,,"Provincial and territorial responsibilities include Education, Health Care, Natural Resources, Highways, and Property and Civil Rights."
10363,10,true_false,exercise,10362,Highways are a provincial government responsibility.,,true,,,
10364,10,multiple_choice,exercise,10362,"Which is a provincial responsibility, not federal?",Health care|Foreign policy|International trade|Citizenship,0,,,
10365,10,true_false,exercise,10362,Property and civil rights fall under provincial responsibility.,,true,,,
10371,10,true_false,preview,10372,"Provincial reps may be called MLAs, MNAs, MPPs or MHAs.",,true,,,
10372,10,multiple_choice,main,,What might a provincial elected representative be called?,MLA|MP|Senator|Cabinet Secretary,0,p33-provincial-assembly-charlottetown.jpeg,,"Provincial and territorial elected officials may be called Members of the Legislative Assembly (MLAs), Members of the National Assembly (MNAs), Members of the Provincial Parliament (MPPs), or Members of the House of Assembly (MHAs)."
10373,10,multi_select,exercise,10372,Which are titles used for provincial representatives?,MLA|MNA|MPP|MP,0|1|2,,,
10374,10,true_false,exercise,10372,MNA stands for Member of the National Assembly.,,true,,,
10375,10,select_blank,exercise,10372,"In Quebec, reps are Members of the National ___.",Assembly|Parliament|Legislature|Congress,0,,,
10381,10,true_false,preview,10382,The Governor General represents the Sovereign at the federal level.,,true,,,
10382,10,multiple_choice,main,,"Who represents the Sovereign, King Charles III, federally?",Governor General|Prime Minister|Chief Justice|The Speaker,0,,,"The Governor General is the representative of the Sovereign, King Charles III, at the federal level in Canada."
10383,10,true_false,exercise,10382,The GG acts on behalf of the Sovereign.,,true,,,
10384,10,select_blank,exercise,10382,The Sovereign's federal representative is the Governor ___.,General|Premier|Minister|Commissioner,0,,,
10385,10,multiple_choice,exercise,10382,Whose representative is the Governor General?,The Sovereign|The Premier|The mayor|The Speaker,0,,,
10391,10,true_false,preview,10392,The Lieutenant Governor represents the Sovereign in a province.,,true,,,
10392,10,multiple_choice,main,,Who represents the Sovereign at the provincial level?,Lieutenant Governor|The Premier|Governor General|The Mayor,0,,,"The Lieutenant Governor represents the Sovereign, King Charles III, in each province."
10393,10,true_false,exercise,10392,Each province has its own Lieutenant Governor.,,true,,,
10394,10,select_blank,exercise,10392,The Sovereign's provincial representative is the Lieutenant ___.,Governor|Premier|Minister|Commissioner,0,,,
10395,10,true_false,exercise,10392,The Lieutenant Governor and the Premier are the same office.,,false,,,
10401,10,true_false,preview,10402,The Premier is the head of a provincial government.,,true,,,
10402,10,multiple_choice,main,,What is the head of a provincial government called?,Premier|Governor General|Mayor|Commissioner,0,,,The Head of Government of a province is the Premier.
10403,10,true_false,exercise,10402,The Prime Minister leads a province's government.,,false,,,
10404,10,select_blank,exercise,10402,The head of a provincial government is the ___.,Premier|Reeve|Speaker|Chancellor,0,,,
10405,10,multiple_choice,exercise,10402,What is the Premier the head of?,A province|Federal Cabinet|Municipal council|Band council,0,,,
10411,10,true_false,preview,10412,A Commissioner represents the federal government in each territory.,,true,,,
10412,10,multiple_choice,main,,Who represents the federal government in a territory?,The Commissioner|Lieutenant Governor|The Premier|The Mayor,0,,,The Commissioner represents the federal government in each of Canada's three territories.
10413,10,true_false,exercise,10412,Each territory also has a Premier alongside its Commissioner.,,true,,,
10414,10,select_blank,exercise,10412,The federal rep in a territory is the ___.,Commissioner|Governor|Lieutenant Governor|Reeve,0,,,
10415,10,multiple_choice,exercise,10412,How many territories does the Commissioner role exist in?,Three|One|Two|Ten,0,,,
11001,11,multiple_choice,main,,What must government respect under due process?,Legal rights|Media opinion|Election results|Public protests,0,,,Due process is the principle that the government must respect all the legal rights a person is entitled to under the law.
11002,11,true_false,preview,11001,Due process means government must respect legal rights.,,true,,,
11003,11,true_false,exercise,11001,Due process applies to everyone under Canadian law.,,true,,,
11004,11,select_blank,exercise,11001,Due process protects a person's legal ___.,rights|salary|opinions|property,0,,,
11005,11,multiple_choice,exercise,11001,What is due process part of?,Legal heritage|Sports rules|Business trends|Fashion norms,0,,,"Canada's legal system is based on a heritage that includes the rule of law, freedom under the law, democratic principles and due process."
11006,11,multiple_choice,main,,An accused in Canada is presumed to be?,Innocent|Guilty|Suspicious|Unlawful,0,,,"Canada's judicial system is founded on the presumption of innocence in criminal matters, meaning everyone is innocent until proven guilty."
11007,11,true_false,preview,11006,Canada presumes an accused person is innocent until proven guilty.,,true,,,
11008,11,true_false,exercise,11006,"In Canada, guilt must be proven in court.",,true,,,
11009,11,select_blank,exercise,11006,Everyone is ___ until proven guilty.,innocent|guilty|arrested|charged,0,,,
11010,11,multiple_choice,exercise,11006,Presumption of innocence applies to which matters?,Criminal matters|Sports rules|Weather reports|Tax refunds,0,,,
11011,11,multiple_choice,main,,Canada's legal heritage includes which principle?,Rule-of-law|Royal decree|Military command|Church law,0,,,"Canada's legal system is based on a heritage that includes the rule of law, freedom under the law, democratic principles and due process."
11012,11,true_false,preview,11011,The rule of law is part of Canada's legal heritage.,,true,,,
11013,11,multi_select,exercise,11011,Which are part of Canada's legal heritage?,Rule-of-law|Freedom-under-law|Democratic principles|Absolute monarchy,0|1|2,,,
11014,11,true_false,exercise,11011,Due process is part of Canada's legal heritage.,,true,,,
11015,11,select_blank,exercise,11011,Canada's legal heritage includes democratic ___.,principles|slogans|parties|colours,0,,,
11016,11,multiple_choice,main,,Who makes Canada's laws?,Elected representatives|Judges alone|Police chiefs|Private companies,0,,,Canada is governed by an organized system of laws. These laws are the written rules intended to guide people in our society. They are made by elected representatives.
11017,11,true_false,preview,11016,Canada's laws are made by elected representatives.,,true,,,
11018,11,select_blank,exercise,11016,Laws are the written ___ guiding society.,rules|suggestions|opinions|traditions,0,,,
11019,11,true_false,exercise,11016,Laws in Canada guide behaviour in society.,,true,,,
11020,11,multiple_choice,exercise,11016,What are laws in Canada?,Written rules|Personal opinions|Suggestions only|Foreign customs,0,,,
11021,11,multiple_choice,main,,What is the role of Canada's courts?,Settle disputes|Draft laws|Patrol streets|Collect taxes,0,,,The courts settle disputes and the police enforce the laws.
11022,11,true_false,preview,11021,Courts settle disputes under Canadian law.,,true,,,
11023,11,match_pairs,exercise,11021,Match the role to who performs it.,Courts↔Settle disputes|Police↔Enforce laws,,,,
11024,11,multiple_choice,exercise,11021,Who enforces Canada's laws?,The police|The courts|Newspapers|Voters,0,,,
11025,11,true_false,exercise,11021,Police are responsible for enforcing Canadian laws.,,true,,,
11026,11,multiple_choice,main,,Canada's laws apply to which group?,Judges/police|Only foreigners|Only children|No one,0,,,"The law in Canada applies to everyone, including judges, politicians and the police."
11027,11,true_false,preview,11026,Canada's laws apply to judges and police too.,,true,,,
11028,11,multi_select,exercise,11026,Who must obey Canada's laws?,Judges|Politicians|Police|No one,0|1|2,,,
11029,11,true_false,exercise,11026,Politicians are exempt from following Canadian law.,,false,,,
11030,11,multiple_choice,exercise,11026,Who must obey Canada's laws?,Every person|No one|Only adults|Only citizens,0,,,
11031,11,multiple_choice,main,,Why does Canada have organized laws?,Provide order|Limit speech|Favor wealthy|Favor religion,0,,,"Our laws are intended to provide order in society and a peaceful way to settle disputes, and to express the values and beliefs of Canadians."
11032,11,true_false,preview,11031,Canada's laws are meant to provide order in society.,,true,,,
11033,11,multi_select,exercise,11031,What are Canada's laws intended to do?,Provide order|Settle disputes|Express values|Silence courts,0|1|2,,,
11034,11,select_blank,exercise,11031,Laws express the values and ___ of Canadians.,beliefs|debts|elections|borders,0,,,
11035,11,true_false,exercise,11031,Canada's laws help settle disputes peacefully.,,true,,,
11036,11,multiple_choice,main,,What does the blindfolded Lady Justice symbolize?,Impartial justice|Political power|Police strength|Royal authority,0,p36-scales-of-justice.jpeg,,The blindfolded Lady Justice symbolizes the impartial manner in which our laws are administered: blind to all considerations but the facts.
11037,11,true_false,preview,11036,The blindfold on Lady Justice symbolizes impartiality.,,true,,,
11038,11,select_blank,exercise,11036,Lady Justice is blind to all but the ___.,facts|politicians|media|weather,0,,,
11039,11,true_false,exercise,11036,The Scales of Justice statue is in Vancouver.,,true,,,
11040,11,multiple_choice,exercise,11036,What does Lady Justice hold in her hand?,Scales|A gavel|A shield|A torch,0,,,
11041,11,multiple_choice,main,,What is the Supreme Court of Canada?,Highest court|Trial court|Traffic court|Police agency,0,,,The Supreme Court of Canada is our country's highest court.
11042,11,true_false,preview,11041,The Supreme Court of Canada is the country's highest court.,,true,,,
11043,11,true_false,exercise,11041,The Supreme Court of Canada has nine judges.,,true,,,
11044,11,select_blank,exercise,11041,Supreme Court of Canada is our country's ___ court.,highest|newest|smallest|oldest,0,,,
11045,11,multiple_choice,exercise,11041,Who appoints Supreme Court of Canada judges?,Governor General|Prime Minister|Voters|Premiers,0,,,
11046,11,multiple_choice,main,,What does the Federal Court of Canada handle?,Federal matters|Family disputes|Traffic tickets|Local bylaws,0,,,The Federal Court of Canada deals with matters concerning the federal government.
11047,11,true_false,preview,11046,The Federal Court of Canada deals with federal matters.,,true,,,
11048,11,select_blank,exercise,11046,Federal Court deals with matters concerning the ___ government.,federal|provincial|municipal|foreign,0,,,
11049,11,true_false,exercise,11046,The Federal Court equals the Supreme Court.,,false,,,
11050,11,multiple_choice,exercise,11046,The Federal Court of Canada mainly deals with?,Federal matters|Small claims|Family law|Traffic law,0,,,
11051,11,multiple_choice,main,,What two courts exist in most provinces?,Appeal/trial|Federal courts|Traffic courts|Small claims,0,p37-jury-benches.jpeg,,"In most provinces there is an appeal court and a trial court, sometimes called the Court of King's Bench or the Supreme Court."
11052,11,true_false,preview,11051,Most provinces have an appeal and trial court.,,true,,,
11053,11,select_blank,exercise,11051,Trial court may be called Court of King's ___.,Bench|Law|Justice|Order,0,,,
11054,11,true_false,exercise,11051,A trial court can be the Court of King's Bench.,,true,,,
11055,11,multiple_choice,exercise,11051,What might a provincial trial court be called?,King's Bench|District Court|City Court|Circuit Court,0,,,
11056,11,multiple_choice,main,,Which is a type of specialized provincial court?,Small claims|Federal Court|Supreme Court|Senate,0,,,"There are also provincial courts for lesser offences, family courts, traffic courts and small claims courts for civil cases involving small sums of money."
11057,11,true_false,preview,11056,Provincial courts include family courts and traffic courts.,,true,,,
11058,11,multi_select,exercise,11056,Which are types of provincial courts?,Family court|Traffic court|Small claims|Federal Court,0|1|2,,,
11059,11,match_pairs,exercise,11056,Match the provincial court to its focus.,Family court↔Family matters|Traffic court↔Traffic offences|Small claims court↔Small civil sums,,,,
11060,11,true_false,exercise,11056,Provincial courts also handle lesser criminal offences.,,true,,,
11061,11,multiple_choice,main,,What cases do small claims courts handle?,Civil sums|Federal crimes|Murder trials|Election disputes,0,,,Small claims courts handle civil cases involving small sums of money.
11062,11,true_false,preview,11061,Small claims courts handle civil cases with small sums.,,true,,,
11063,11,select_blank,exercise,11061,Small claims courts handle ___ cases with small sums.,civil|criminal|federal|military,0,,,
11064,11,true_false,exercise,11061,Small claims courts handle major criminal trials.,,false,,,
11065,11,multiple_choice,exercise,11061,Small claims court involves what kind of case?,Civil case|Criminal trial|Federal dispute|Election dispute,0,,,
11066,11,multiple_choice,main,,What is the main role of Canadian police?,Protect people|Draft laws|Judge cases|Collect taxes,0,p37-police-constable-boy.jpeg,,The police are there to keep people safe and to enforce the law.
11067,11,true_false,preview,11066,Police in Canada keep people safe and enforce law.,,true,,,
11068,11,true_false,exercise,11066,You can ask police for help during a crime.,,true,,,
11069,11,select_blank,exercise,11066,Police keep people safe and ___ the law.,enforce|write|ignore|repeal,0,,,
11070,11,multiple_choice,exercise,11066,What is one job of Canadian police?,Protect people|Pass laws|Judge trials|Collect taxes,0,,,
11071,11,multiple_choice,main,,When can you ask police for help?,Assault victim|Election day|Tax season|Parking only,0,,,"You can ask the police for help in all kinds of situations—if there's been an accident, if someone has stolen something from you, if you are a victim of assault, if you see a crime taking place or if someone you know has gone missing."
11072,11,true_false,preview,11071,You can ask police for help if someone goes missing.,,true,,,
11073,11,multi_select,exercise,11071,When should you contact police?,Accident happens|Something stolen|See crime|Want menu,0|1|2,,,
11074,11,true_false,exercise,11071,You can ask police for help after a theft.,,true,,,
11075,11,select_blank,exercise,11071,You can ask police for help after an ___.,accident|party|sale|game,0,,,
11076,11,multiple_choice,main,,Which provinces have their own provincial police?,ON/QC|AB/MB|NS/PEI|YT/NU,0,,,There are provincial police forces in Ontario and Quebec and municipal police departments in all provinces.
11077,11,true_false,preview,11076,Ontario and Quebec each have a provincial police force.,,true,,,
11078,11,true_false,exercise,11076,Municipal police departments exist in all provinces.,,true,,,
11079,11,select_blank,exercise,11076,Ontario and Quebec each have their own ___ police.,provincial|federal|foreign|volunteer,0,,,
11080,11,multiple_choice,exercise,11076,Which police type exists in every province?,Municipal police|Federal courts|Border guards|Small claims,0,,,
11081,11,multiple_choice,main,,What does the RCMP enforce across Canada?,Federal laws|Municipal bylaws|Provincial taxes|Traffic laws,0,,,"The Royal Canadian Mounted Police (RCMP) enforce federal laws throughout Canada, and serve as the provincial police in all provinces and territories except Ontario and Quebec, as well as in some municipalities."
11082,11,true_false,preview,11081,The RCMP enforces federal laws throughout Canada.,,true,,,
11083,11,true_false,exercise,11081,The RCMP polices most provinces and territories.,,true,,,
11084,11,select_blank,exercise,11081,RCMP is not provincial police in Ontario and ___.,Quebec|Alberta|Manitoba|Yukon,0,,,
11085,11,multiple_choice,exercise,11081,Which two provinces does the RCMP not police?,ON/QC|AB/MB|BC/YT|NS/NB,0,,,
11086,11,multiple_choice,main,,What do border guards inspect at the border?,Entering vehicles|Mail parcels|Only airplanes|Only ships,0,p36-border-guard-dog.jpeg,,Border guard with sniffer dog inspects the trunk of a car at the Canada-U.S.A. border.
11087,11,true_false,preview,11086,Border guards inspect vehicles at the Canada-U.S. border.,,true,,,
11088,11,true_false,exercise,11086,Sniffer dogs can help inspect vehicles at the border.,,true,,,
11089,11,select_blank,exercise,11086,A border guard inspected the ___ of a car.,trunk|roof|mirror|wheel,0,,,
11090,11,multiple_choice,exercise,11086,Who inspects vehicles at the Canada-U.S. border?,Border guards|Municipal police|Small claims|Lawyers,0,,,
11091,11,multiple_choice,main,,What can you do about police conduct concerns?,Contact police|Stay silent|Sue immediately|Do nothing,0,,,You can also question the police about their service or conduct if you feel you need to. Almost all police forces in Canada have a process by which you can bring your concerns to the police and seek action.
11092,11,true_false,preview,11091,You can question police about their conduct.,,true,,,
11093,11,true_false,exercise,11091,Almost all police forces have a complaints process.,,true,,,
11094,11,select_blank,exercise,11091,You can bring police concerns and seek ___.,action|silence|delay|punishment,0,,,
11095,11,multiple_choice,exercise,11091,How can you address a police complaint?,Contact police|Say nothing|File lawsuit|Just wait,0,,,
11096,11,multiple_choice,main,,What can lawyers do for you in Canada?,Represent you|Enforce laws|Write laws|Arrest suspects,0,,,Lawyers can help you with legal problems and act for you in court.
11097,11,true_false,preview,11096,Lawyers can act for you in court.,,true,,,
11098,11,true_false,exercise,11096,Lawyers can help you with legal problems.,,true,,,
11099,11,select_blank,exercise,11096,Lawyers can help you with ___ problems.,legal|medical|financial|technical,0,,,
11100,11,multiple_choice,exercise,11096,What do lawyers help you with?,Legal problems|Medical care|Car repairs|Home renovations,0,,,
11101,11,multiple_choice,main,,What are legal aid services for?,Affording lawyer|Replacing judges|Training police|Funding elections,0,,,"If you cannot pay for a lawyer, in most communities there are legal aid services available free of charge or at a low cost."
11102,11,true_false,preview,11101,Legal aid helps people who cannot afford a lawyer.,,true,,,
11103,11,true_false,exercise,11101,Legal aid is free or low cost.,,true,,,
11104,11,select_blank,exercise,11101,Legal aid services exist in most ___.,communities|courts|prisons|elections,0,,,
11105,11,multiple_choice,exercise,11101,Where can you find legal aid services?,Most communities|Only online|Only Ottawa|Only Parliament,0,,,
11106,11,multiple_choice,main,,What is an essential role of prisons?,Punishing criminals|Writing laws|Settling cases|Running elections,0,p37-handcuffs.jpeg,,Prisons have an essential role in punishing criminals and deterring crime.
11107,11,true_false,preview,11106,Prisons help punish criminals and deter crime.,,true,,,
11108,11,true_false,exercise,11106,Prisons play no role in Canada's justice system.,,false,,,
11109,11,select_blank,exercise,11106,Prisons help punish criminals and ___ crime.,deter|encourage|ignore|fund,0,,,
11110,11,multiple_choice,exercise,11106,What role do prisons play in Canada?,Punishing criminals|Writing laws|Settling cases|Running elections,0,,,
12001,12,multiple_choice,main,,What do Canada's national symbols express?,National identity|Favourite foods|Stock prices|Time zones,0,,,"Canada's symbols — objects, events and people with special meaning — together express the country's national identity."
12002,12,true_false,preview,12001,Canadian national symbols express national identity.,,true,,,
12003,12,true_false,exercise,12001,Canada has only one official national symbol.,,false,,,
12004,12,select_blank,exercise,12001,National symbols appear ___ this citizenship booklet.,throughout|outside|never in|beyond,0,,,
12005,12,multiple_choice,exercise,12001,Which best defines a national symbol?,Meaningful icon|Random object|Legal document|Tax form,0,,,
12006,12,multiple_choice,main,,How long has the Crown symbolized Canada's state?,400 years|50 years|10 years|1000 years,0,,,The Crown has been a symbol of the state in Canada for 400 years.
12007,12,true_false,preview,12006,The Crown has symbolized Canada's state for 400 years.,,true,,,
12008,12,true_false,exercise,12006,The Crown became a symbol of Canada only in 1980.,,false,,,
12009,12,multiple_choice,exercise,12006,Which best describes the Crown's role?,State symbol|Sports trophy|Bank logo|Airline brand,0,,,
12010,12,select_blank,exercise,12006,The Crown has symbolized the ___ for 400 years.,state|economy|weather|internet,0,,,
12011,12,multiple_choice,main,,Canada became a constitutional monarchy in what year?,1867|1901|1931|1982,0,,,"Canada has been a constitutional monarchy in its own right since Confederation in 1867, during Queen Victoria's reign."
12012,12,true_false,preview,12011,Canada became a constitutional monarchy at Confederation in 1867.,,true,,,
12013,12,multiple_choice,exercise,12011,Whose reign was Confederation during?,Queen Victoria|Charles III|Elizabeth II|George V,0,,,
12014,12,true_false,exercise,12011,Canada became a constitutional monarchy under Queen Victoria.,,true,,,
12015,12,select_blank,exercise,12011,Canada became a constitutional monarchy at ___.,Confederation|independence|the war|the election,0,,,
12016,12,multiple_choice,main,,Who is King of Canada today?,Charles III|Elizabeth II|Queen Victoria|George VI,0,,,"His Majesty King Charles the Third is the current King of Canada. (The book's own text still names Queen Elizabeth II, whose reign has since ended.)"
12017,12,true_false,preview,12016,King Charles III is the current King of Canada.,,true,,,
12018,12,multiple_choice,exercise,12016,What is King Charles III's title in Canada?,Canada's King|Prime Minister|Governor General|Chief Justice,0,,,
12019,12,true_false,exercise,12016,Queen Elizabeth II is Canada's current Sovereign.,,false,,,Queen Elizabeth II's reign has ended; His Majesty King Charles III is Canada's current Sovereign.
12020,12,select_blank,exercise,12016,King Charles III holds the title King of ___.,Canada|Ottawa|Quebec|Ontario,0,,,
12021,12,multiple_choice,main,,Which does the Crown symbolize in Canada?,"Parliament, courts|Private bank|Film studio|Grocery chain",0,,,"The Crown is a symbol of government, including Parliament, the legislatures, the courts, police services and the Canadian Forces."
12022,12,true_false,preview,12021,The Crown is a symbol of Parliament and the courts.,,true,,,
12023,12,true_false,exercise,12021,The Crown symbolizes the Canadian Forces.,,true,,,
12024,12,multiple_choice,exercise,12021,Which institution does the Crown symbolize?,The legislatures|Radio station|Film studio|Grocery chain,0,,,
12025,12,categorize,exercise,12021,Sort each institution by Crown symbolism.,Parliament↔Symbolized by Crown|Police services↔Symbolized by Crown|A shopping mall↔Not symbolized by Crown,,,,
12026,12,multi_select,exercise,12021,Which are symbols the Crown represents?,Parliament|Police services|Canadian Forces|Radio station,0|1|2,,,
12027,12,image_choice,exercise,12021,Which image shows the RCMP Musical Ride?,Mounted officers:paw-outline|Courtroom scene:hammer-outline|Parliament debate:business-outline,0,p39-rcmp-musical-ride.jpeg,,
12028,12,multiple_choice,main,,When was the new Canadian flag first raised?,1965|1921|1876|1948,0,p38-flag-1965.jpeg,,A new Canadian flag was raised for the first time in 1965.
12029,12,true_false,preview,12028,Canada's current flag was first raised in 1965.,,true,,,
12030,12,true_false,exercise,12028,The current maple leaf flag debuted in 1876.,,false,,,
12031,12,select_blank,exercise,12028,The new Canadian flag first flew in ___.,1965|1867|1921|1948,0,,,
12032,12,multiple_choice,exercise,12028,What year did Canada raise its new flag?,1965|1955|1975|1985,0,,,
12033,12,image_choice,exercise,12028,Which flag is Canada's flag of 1965?,Maple flag:flag-outline|Company logo:business-outline|Sports pennant:trophy-outline,0,p38-flag-1965.jpeg,,
12034,12,multiple_choice,main,,Where did the flag's red-white pattern originate?,Kingston RMC|Toronto Hall|Parliament Library|Halifax Harbour,0,,,"The red-white-red pattern comes from the flag of the Royal Military College, Kingston, founded in 1876."
12035,12,true_false,preview,12034,The flag's pattern comes from the Royal Military College's flag.,,true,,,
12036,12,true_false,exercise,12034,"The Royal Military College, Kingston, was founded in 1876.",,true,,,
12037,12,select_blank,exercise,12034,The flag's pattern comes from a college in ___.,Kingston|Victoria|Regina|Winnipeg,0,,,
12038,12,multiple_choice,exercise,12034,The Royal Military College is located in which city?,Kingston|Kelowna|Kamloops|Kenora,0,,,
12039,12,multiple_choice,main,,Since when have red and white been Canada's colours?,1921|1867|1965|1948,0,,,"Red and white had been colours of France and England since the Middle Ages, and the national colours of Canada since 1921."
12040,12,true_false,preview,12039,Red and white became Canada's national colours in 1921.,,true,,,
12041,12,true_false,exercise,12039,Red and white were colours of France and England.,,true,,,
12042,12,select_blank,exercise,12039,Red and white became Canada's national colours in ___.,1921|1867|1965|2005,0,,,
12043,12,multiple_choice,exercise,12039,Which two colours are Canada's national colours?,Red/white|Blue/gold|Green/white|Black/red,0,,,
12044,12,multiple_choice,main,,What is Canada's official Royal Flag?,Union Jack|Red Ensign|Quebec flag|Provincial flag,0,,,The Union Jack is our official Royal Flag.
12045,12,true_false,preview,12044,The Union Jack is Canada's official Royal Flag.,,true,,,
12046,12,true_false,exercise,12044,The Union Jack has no official status in Canada.,,false,,,
12047,12,select_blank,exercise,12044,Canada's official Royal Flag is the ___.,Union Jack|Red Ensign|maple flag|fleur-de-lys,0,,,
12048,12,multiple_choice,exercise,12044,Which flag serves as Canada's Royal Flag?,Union Jack|Quebec flag|Ontario flag|Alberta flag,0,,,
12049,12,multiple_choice,main,,About how long did the Red Ensign serve?,100 years|10 years|50 years|200 years,0,p38-red-ensign.jpeg,,"The Canadian Red Ensign served as the Canadian flag for about 100 years, and has been carried officially by veterans since 2005."
12050,12,true_false,preview,12049,The Red Ensign was Canada's flag for about 100 years.,,true,,,
12051,12,true_false,exercise,12049,Veterans have carried the Red Ensign officially since 2005.,,true,,,
12052,12,select_blank,exercise,12049,Veterans have carried the Red Ensign officially since ___.,2005|1965|1921|1948,0,,,
12053,12,multiple_choice,exercise,12049,What replaced the Red Ensign in 1965?,Maple flag|Union Jack|Quebec's flag|RCMP flag,0,,,
12054,12,image_choice,exercise,12049,Which flag is the Canadian Red Ensign?,Royal crest:flag-outline|Blue flag:flag-outline|Provincial crest:ribbon-outline,0,p38-red-ensign.jpeg,,
12055,12,multiple_choice,main,,What is Canada's best-known symbol?,Maple leaf|The beaver|The fleur-de-lys|The mace,0,,,The maple leaf is Canada's best-known symbol.
12056,12,true_false,preview,12055,The maple leaf is Canada's best-known symbol.,,true,,,
12057,12,true_false,exercise,12055,The beaver is Canada's best-known symbol.,,false,,,
12058,12,select_blank,exercise,12055,Canada's best-known symbol is the ___.,maple leaf|beaver|mace|crown,0,,,
12059,12,multiple_choice,exercise,12055,Which symbol is most associated with Canada?,Maple leaf|Palm tree|Cactus plant|Oak leaf,0,,,
12060,12,multiple_choice,main,,Who first adopted the maple leaf as a symbol?,French Canadians|British soldiers|Dutch settlers|Spanish explorers,0,,,"Maple leaves were adopted as a symbol by French Canadians in the 1700s, have appeared on Canadian uniforms and insignia since the 1850s, and are carved into the headstones of fallen soldiers."
12061,12,true_false,preview,12060,French Canadians adopted the maple leaf symbol in the 1700s.,,true,,,
12062,12,true_false,exercise,12060,The maple leaf appeared on Canadian uniforms since the 1850s.,,true,,,
12063,12,select_blank,exercise,12060,Maple leaves are carved into fallen soldiers' ___.,headstones|passports|coins|flags,0,,,
12064,12,multiple_choice,exercise,12060,Since when has the maple leaf marked Canadian insignia?,1850s|1921|1965|1776,0,,,
12065,12,order,exercise,12060,Order these maple leaf milestones earliest to latest.,French Canadians adopt it (1700s)|Appears on uniforms and insignia (1850s)|Becomes Canada's flag emblem (1965),,,,
12066,12,multiple_choice,main,,In what year was the fleur-de-lys adopted?,496|1000|1608|1867,0,,,"It is said that the lily flower (fleur-de-lys) was adopted by the French king in the year 496, becoming the symbol of French royalty for more than 1,000 years, including the colony of New France."
12067,12,true_false,preview,12066,The fleur-de-lys was adopted by a French king in 496.,,true,,,
12068,12,true_false,exercise,12066,"The fleur-de-lys symbolized French royalty for over 1,000 years.",,true,,,
12069,12,select_blank,exercise,12066,The fleur-de-lys was the flower of French ___.,royalty|parliament|currency|sport,0,,,
12070,12,multiple_choice,exercise,12066,The fleur-de-lys symbolized royalty in which colony?,New France|New England|Upper Canada|Rupert's Land,0,,,
12071,12,multiple_choice,main,,When did Quebec adopt its own flag?,1948|1965|1867|1921,0,,,"Revived at Confederation and included in the Canadian Red Ensign, the fleur-de-lys is central to Quebec's flag, adopted in 1948, based on the Cross and the fleur-de-lys."
12072,12,true_false,preview,12071,Quebec adopted its own flag in 1948.,,true,,,
12073,12,true_false,exercise,12071,Quebec's flag is based on the Cross and the fleur-de-lys.,,true,,,
12074,12,select_blank,exercise,12071,Quebec's 1948 flag is based on Cross and ___.,fleur-de-lys|maple leaf|beaver|mace,0,,,
12075,12,multiple_choice,exercise,12071,The fleur-de-lys appeared in which earlier Canadian flag?,Red Ensign|Union Jack|1965 flag|RCMP flag,0,,,
12076,12,multiple_choice,main,,When did Canada adopt its official coat of arms?,After WWI|At Confederation|After WWII|In 1965,0,p38-royal-arms.jpeg,,"As an expression of national pride after the First World War, Canada adopted an official coat of arms and a national motto."
12077,12,true_false,preview,12076,Canada adopted its coat of arms after World War I.,,true,,,
12078,12,true_false,exercise,12076,The coat of arms was adopted before Confederation.,,false,,,
12079,12,select_blank,exercise,12076,The coat of arms expressed national ___ after WWI.,pride|debt|defeat|confusion,0,,,
12080,12,multiple_choice,exercise,12076,Where can the coat of arms be seen today?,Dollar bills|Movie posters|Sports jerseys|Restaurant menus,0,,,
12081,12,image_choice,exercise,12076,Which image shows the Royal Arms of Canada?,Currency arms:ribbon-outline|Jersey crest:shirt-outline|Licence plate:card-outline,0,p38-royal-arms.jpeg,,
12082,12,multiple_choice,main,,What is Canada's national motto?,A-mari-usque-ad-mare|E-pluribus-unum|In-God-We-Trust|Dieu-et-mon-droit,0,,,"Canada's national motto, A mari usque ad mare, means ""from sea to sea"" in Latin."
12083,12,true_false,preview,12082,"Canada's national motto means ""from sea to sea.""",,true,,,
12084,12,true_false,exercise,12082,Canada's motto is written in Latin.,,true,,,
12085,12,select_blank,exercise,12082,A-mari-usque-ad-mare means from ___ to sea.,sea|coast|shore|land,0,,,
12086,12,multiple_choice,exercise,12082,What does Canada's motto mean in English?,From-sea-to-sea|Peace-and-order|Strength-and-honour|United-we-stand,0,,,
12087,12,multiple_choice,main,,Which is included in Canada's coat of arms?,Maple leaves|Palm tree|Cactus plant|Desert eagle,0,,,"The arms contain symbols of England, France, Scotland and Ireland, as well as red maple leaves."
12088,12,true_false,preview,12087,Canada's coat of arms includes red maple leaves.,,true,,,
12089,12,true_false,exercise,12087,Canada's coat of arms includes a symbol of Ireland.,,true,,,
12090,12,multiple_choice,exercise,12087,Which country's symbol appears in the coat of arms?,Scotland|Japan|Mexico|Brazil,0,,,
12091,12,categorize,exercise,12087,Sort each item by coat-of-arms inclusion.,England's symbol↔In the coat of arms|Red maple leaves↔In the coat of arms|A shopping mall logo↔Not in the coat of arms,,,,
12092,12,multi_select,exercise,12087,Which nations' symbols appear in the coat of arms?,England|France|Scotland|Japan,0|1|2,,,
12093,12,multiple_choice,main,,Whose traditions do the Parliament Buildings embody?,French-English-Aboriginal|French only|English only|Aboriginal only,0,p38-parliament-dusk.jpeg,,"The towers, arches, sculptures and stained glass of the Parliament Buildings embody the French, English and Aboriginal traditions, and the Gothic Revival architecture popular in Queen Victoria's time."
12094,12,true_false,preview,12093,"The Parliament Buildings embody French, English and Aboriginal traditions.",,true,,,
12095,12,true_false,exercise,12093,The Parliament Buildings use Gothic Revival architecture.,,true,,,
12096,12,select_blank,exercise,12093,The Parliament Buildings were built in ___ Revival style.,Gothic|Baroque|Modernist|Art Deco,0,,,
12097,12,multiple_choice,exercise,12093,When were the Parliament Buildings completed?,1860s|1920s|1900s|1940s,0,,,
12098,12,image_choice,exercise,12093,Which image shows the Parliament Buildings?,Dusk towers:business-outline|Sunset beach:sunny-outline|Subway station:train-outline,0,p38-parliament-dusk.jpeg,,
12099,12,multiple_choice,main,,What destroyed Parliament's original Centre Block?,Accidental fire|A flood|An earthquake|A storm,0,,,The Centre Block was destroyed by an accidental fire in 1916 and rebuilt in 1922. The Library is the only part of the original building remaining.
12100,12,true_false,preview,12099,The Centre Block was destroyed by fire in 1916.,,true,,,
12101,12,true_false,exercise,12099,The Library is Centre Block's only original part remaining.,,true,,,
12102,12,select_blank,exercise,12099,The Centre Block was rebuilt in ___.,1922|1916|1927|1965,0,,,
12103,12,multiple_choice,exercise,12099,Which original part of Centre Block survived the fire?,The Library|Senate chamber|Peace Tower|Main entrance,0,,,
12104,12,multiple_choice,main,,What do the Books of Remembrance record?,Names-of-war-dead|Prime ministers|Tax laws|Election results,0,,,"The Memorial Chamber within the Peace Tower, completed in 1927, contains the Books of Remembrance, in which are written the names of soldiers, sailors and airmen who died serving Canada."
12105,12,true_false,preview,12104,The Books of Remembrance list Canadians who died in wars.,,true,,,
12106,12,true_false,exercise,12104,The Books of Remembrance are kept in the Memorial Chamber.,,true,,,
12107,12,select_blank,exercise,12104,The Books of Remembrance sit inside the ___ Chamber.,Memorial|Senate|Judicial|Cabinet,0,,,
12108,12,multiple_choice,exercise,12104,The Peace Tower honours which war?,WWI|1812 War|Boer War|Korean War,0,,,
12109,12,select_blank,exercise,12104,The Peace Tower was completed in ___.,1927|1916|1922|1980,0,,,
12110,12,multiple_choice,main,,In which style is Quebec's National Assembly built?,2nd Empire|Gothic Revival|Art Deco|Modernist style,0,,,"The Quebec National Assembly is built in the French Second Empire style, while other provinces' legislatures are Baroque, Romanesque and neoclassical."
12111,12,true_false,preview,12110,Quebec's National Assembly is built in French Second Empire style.,,true,,,
12112,12,true_false,exercise,12110,All provincial legislatures share one identical architectural style.,,false,,,
12113,12,select_blank,exercise,12110,Provincial legislatures reflect ___ heritage in their design.,Greco-Roman|Egyptian|Aztec|Norse,0,,,
12114,12,multiple_choice,exercise,12110,Which style describes some provincial legislatures?,Neoclassical|Brutalist|Postmodern|Deconstructivist,0,,,
12115,12,multiple_choice,main,,What is considered Canada's national winter sport?,Ice hockey|Curling|Skiing|Lacrosse,0,,,"Hockey is Canada's most popular spectator sport and is considered the national winter sport, developed in Canada in the 1800s."
12116,12,true_false,preview,12115,Hockey is considered Canada's national winter sport.,,true,,,
12117,12,true_false,exercise,12115,Ice hockey was developed in Canada in the 1800s.,,true,,,
12118,12,select_blank,exercise,12115,Hockey is Canada's most popular ___ sport.,spectator|banned|foreign|summer,0,,,
12119,12,multiple_choice,exercise,12115,In which century was ice hockey developed in Canada?,1800s|1600s|1700s|1900s,0,,,
12120,12,multiple_choice,main,,Who donated the Stanley Cup?,Lord Stanley|Queen Victoria|John Macdonald|Adrienne Clarkson,0,,,"The National Hockey League plays for the championship Stanley Cup, donated by Lord Stanley, the Governor General, in 1892."
12121,12,true_false,preview,12120,Lord Stanley donated the Stanley Cup in 1892.,,true,,,
12122,12,true_false,exercise,12120,The Clarkson Cup is awarded for women's hockey.,,true,,,
12123,12,select_blank,exercise,12120,The Clarkson Cup was established in ___.,2005|1892|1965|1980,0,,,
12124,12,multiple_choice,exercise,12120,Who established the Clarkson Cup?,Adrienne Clarkson|Lord Stanley|Queen Victoria|Vincent Massey,0,,,
12125,12,image_choice,exercise,12120,Which image shows a Stanley Cup celebration?,Cup celebration:trophy-outline|Curling match:snow-outline|Soccer match:football-outline,0,p39-stanley-cup.jpeg,,
12126,12,multiple_choice,main,,Adrienne Clarkson was the first GG of what origin?,Asian origin|European origin|South-American origin|African origin,0,,,"Adrienne Clarkson, the 26th Governor General, was the first Governor General of Asian origin."
12127,12,true_false,preview,12126,Adrienne Clarkson was Canada's first Governor General of Asian origin.,,true,,,
12128,12,true_false,exercise,12126,Adrienne Clarkson served as the 26th Governor General.,,true,,,
12129,12,select_blank,exercise,12126,Adrienne Clarkson was Canada's ___ Asian-origin GG.,first|second|third|fourth,0,,,
12130,12,multiple_choice,exercise,12126,What position did Adrienne Clarkson hold?,Governor General|Prime Minister|Chief Justice|House Speaker,0,,,
12131,12,multiple_choice,main,,Which sport is Canada's official summer sport?,Lacrosse|Soccer|Baseball|Tennis,0,,,"Lacrosse, first played by Aboriginal peoples, is Canada's official summer sport. Canadian football is the second most popular sport; curling was introduced by Scottish pioneers; soccer has the most registered players."
12132,12,true_false,preview,12131,Lacrosse is Canada's official summer sport.,,true,,,
12133,12,true_false,exercise,12131,Canadian football is the second most popular sport.,,true,,,
12134,12,true_false,exercise,12131,Soccer has the most registered players of any Canadian sport.,,true,,,
12135,12,select_blank,exercise,12131,Curling was introduced to Canada by ___ pioneers.,Scottish|French|Dutch|Spanish,0,,,
12136,12,multiple_choice,exercise,12131,Which sport originated with Aboriginal peoples?,Lacrosse|Curling|Soccer|Football,0,,,
12137,12,multiple_choice,main,,Which company first adopted the beaver as a symbol?,HBC|CPR|Bank-of-Canada|Royal-Canadian-Legion,0,,,"The beaver was adopted centuries ago as a symbol of the Hudson's Bay Company, and became an emblem of the St. Jean Baptiste Society, a French-Canadian patriotic association, in 1834."
12138,12,true_false,preview,12137,The beaver was first adopted as a Hudson's-Bay-Company symbol.,,true,,,
12139,12,true_false,exercise,12137,The beaver became an emblem of the St.-Jean-Baptiste-Society in 1834.,,true,,,
12140,12,select_blank,exercise,12137,The St.-Jean-Baptiste-Society is a French-Canadian ___ association.,patriotic|banking|sports|academic,0,,,
12141,12,multiple_choice,exercise,12137,The St.-Jean-Baptiste-Society adopted the beaver in which year?,1834|1921|1965|1948,0,,,
12142,12,multiple_choice,main,,The beaver appears on which Canadian coin?,Five-cent coin|One-dollar coin|The quarter|Two-dollar coin,0,p39-beaver.jpeg,,"The industrious beaver can be seen on the five-cent coin, and on the coats of arms of Saskatchewan and Alberta and of cities such as Montreal and Toronto."
12143,12,true_false,preview,12142,The beaver appears on Canada's five-cent coin.,,true,,,
12144,12,true_false,exercise,12142,The beaver appears on Saskatchewan's coat of arms.,,true,,,
12145,12,select_blank,exercise,12142,The beaver appears on ___'s coat of arms.,Alberta|Nunavut|Yukon|P.E.I.,0,,,
12146,12,multiple_choice,exercise,12142,Which city's coat of arms features the beaver?,Toronto|Halifax|Victoria|St. John's,0,,,
12147,12,image_choice,exercise,12142,Which animal is Canada's industrious symbol?,Beaver:paw-outline|Lion:paw-outline|Eagle:paw-outline,0,p39-beaver.jpeg,,
12148,12,multiple_choice,main,,What are Canada's two official languages?,English/French|English/Spanish|French/German|English/Mandarin,0,,,English and French are the two official languages and are important symbols of identity.
12149,12,true_false,preview,12148,English and French are Canada's two official languages.,,true,,,
12150,12,true_false,exercise,12148,French speakers are called Francophones.,,true,,,
12151,12,select_blank,exercise,12148,English speakers in Canada are called ___.,Anglophones|Francophones|Loyalists|Patriots,0,,,
12152,12,multiple_choice,exercise,12148,Who is exempt from the official-language citizenship rule?,55+ applicants|Under 18|New immigrants|Permanent residents,0,,,
12153,12,multiple_choice,main,,When did Parliament pass the Official Languages Act?,1969|1921|1867|1980,0,,,"Parliament passed the Official Languages Act in 1969, establishing equality between French and English, maintaining minority-language communities, and promoting equality of both languages in Canadian society."
12154,12,true_false,preview,12153,The Official Languages Act was passed in 1969.,,true,,,
12155,12,true_false,exercise,12153,The Official Languages Act aims to maintain minority-language communities.,,true,,,
12156,12,select_blank,exercise,12153,The Official-Languages-Act promotes equality of French and ___.,English|Spanish|German|Mandarin,0,,,
12157,12,multi_select,exercise,12153,Which are objectives of the Official Languages Act?,Parliament equality|Support minorities|Promote equality|Ban French,0|1|2,,,
12158,12,multiple_choice,main,,When was O Canada proclaimed the national anthem?,1980|1880|1921|1965,0,,,O Canada was proclaimed as the national anthem in 1980. It was first sung in Quebec City in 1880.
12159,12,true_false,preview,12158,O Canada became Canada's national anthem in 1980.,,true,,,
12160,12,true_false,exercise,12158,O Canada was first sung in Quebec City.,,true,,,
12161,12,select_blank,exercise,12158,O Canada was first sung in ___.,1880|1980|1921|1867,0,,,
12162,12,multiple_choice,exercise,12158,French/English Canadians sing O Canada with what difference?,Different words|Different melody|Different key|Different name,0,,,
12163,12,multiple_choice,main,,What is Canada's Royal Anthem called today?,God-Save-the-King|O Canada|Dieu-protège-la-Reine|The-Maple-Leaf-Forever,0,,,"The Royal Anthem, ""God Save the King,"" can be played or sung to honour the Sovereign, His Majesty King Charles III — the book's own text says ""Queen,"" reflecting the earlier Elizabeth II era."
12164,12,true_false,preview,12163,The Royal Anthem of Canada honours the reigning Sovereign.,,true,,,
12165,12,true_false,exercise,12163,"Today the Royal Anthem is titled ""God Save the King.""",,true,,,
12166,12,select_blank,exercise,12163,The Royal Anthem honours the ___.,Sovereign|Prime Minister|Governor General|Chief Justice,0,,,
12167,12,multiple_choice,exercise,12163,Who does Canada's Royal Anthem honour today?,Charles III|Elizabeth II|Queen Victoria|George VI,0,,,
12168,12,multiple_choice,main,,When did Canada start the Order of Canada?,1967|1980|1921|1945,0,p40-oscar-peterson-order-of-canada.jpeg,,"After using British honours for many years, Canada started its own honours system with the Order of Canada in 1967, the centennial of Confederation."
12169,12,true_false,preview,12168,The Order of Canada began in 1967.,,true,,,
12170,12,true_false,exercise,12168,1967 marked the centennial of Confederation.,,true,,,
12171,12,select_blank,exercise,12168,"Before 1967, Canada used ___ honours.",British|American|French|no,0,,,
12172,12,multiple_choice,exercise,12168,Official awards recognizing citizens are called what?,Honours|Fines|Permits|Licences,0,,,
12173,12,image_choice,exercise,12168,Which photo shows an Order of Canada ceremony?,Award presentation:ribbon-outline|Hockey game:trophy-outline|Election ballot:checkbox-outline,0,p40-oscar-peterson-order-of-canada.jpeg,,
12174,12,multiple_choice,main,,What is the Victoria Cross?,Highest honour|Hockey trophy|Citizenship exam|Coin design,0,,,"The Victoria Cross (V.C.) is the highest honour available to Canadians, awarded for the most conspicuous bravery in the presence of the enemy. It has been awarded to 96 Canadians since 1854."
12175,12,true_false,preview,12174,The Victoria Cross is the highest honour available to Canadians.,,true,,,
12176,12,true_false,exercise,12174,The Victoria Cross was awarded to 96 Canadians since 1854.,,true,,,
12177,12,select_blank,exercise,12174,The Victoria Cross is awarded for conspicuous ___.,bravery|attendance|seniority|wealth,0,,,
12178,12,multiple_choice,exercise,12174,Since what year has V.C. been awarded to Canadians?,1854|1867|1917|1943,0,,,
12179,12,multiple_choice,main,,Who was the first Canadian to win the V.C.?,Alexander-Roberts-Dunn|William Hall|Billy Bishop|Paul Triquet,0,p41-dunn-vc.jpeg,,"Then-Lieutenant Alexander Roberts Dunn, born in present-day Toronto, earned the V.C. in the Charge of the Light Brigade at Balaclava (1854) during the Crimean War."
12180,12,true_false,preview,12179,Alexander Roberts Dunn was the first Canadian awarded the V.C.,,true,,,
12181,12,true_false,exercise,12179,Dunn earned his V.C. in the Charge of Light Brigade.,,true,,,
12182,12,select_blank,exercise,12179,Dunn earned the V.C. during the ___ War.,Crimean|Boer|Korean|Cold,0,,,
12183,12,multiple_choice,exercise,12179,Dunn was born in present-day which city?,Toronto|Montreal|Halifax|Winnipeg,0,,,
12184,12,image_choice,exercise,12179,"Which portrait shows Alexander Roberts Dunn, V.C.?",Bearded officer:person-outline|Modern photograph:camera-outline|Cartoon drawing:brush-outline,0,p41-dunn-vc.jpeg,,
12185,12,multiple_choice,main,,Who was the first black recipient of the V.C.?,William Hall|Alexander-Roberts-Dunn|Filip Konowal|Robert-Hampton-Gray,0,p41-hall-vc.jpeg,,"Able Seaman William Hall of Horton, Nova Scotia, whose parents were American slaves, was the first black man awarded the V.C., for his role in the Siege of Lucknow (1857)."
12186,12,true_false,preview,12185,William Hall was the first black man awarded the V.C.,,true,,,
12187,12,true_false,exercise,12185,William Hall earned the V.C. at the Siege of Lucknow.,,true,,,
12188,12,select_blank,exercise,12185,"William Hall was from Horton, ___.",Nova Scotia|Ontario|Quebec|Alberta,0,,,
12189,12,multiple_choice,exercise,12185,William Hall's parents were formerly what?,American slaves|British nobles|French settlers|Dutch traders,0,,,
12190,12,image_choice,exercise,12185,"Which portrait shows William Hall, V.C.?",Ship veteran:person-outline|Group photograph:people-outline|Cartoon icon:brush-outline,0,p41-hall-vc.jpeg,,
12191,12,multiple_choice,main,,Filip Konowal was first V.C. winner not born where?,British Empire|Canada|Europe|North America,0,p41-konowal-vc.jpeg,,"Corporal Filip Konowal, born in Ukraine, showed exceptional courage at the Battle of Hill 70 (1917), becoming the first member of the Canadian Corps not born in the British Empire to earn the V.C."
12192,12,true_false,preview,12191,Filip Konowal was not born in the British Empire.,,true,,,
12193,12,true_false,exercise,12191,Konowal earned the V.C. at the Battle of Hill 70.,,true,,,
12194,12,select_blank,exercise,12191,Konowal earned the V.C. in ___.,1917|1854|1943|1945,0,,,
12195,12,multiple_choice,exercise,12191,Konowal was later promoted to which rank?,Sergeant|Captain|Colonel|Admiral,0,,,
12196,12,image_choice,exercise,12191,"Which portrait shows Filip Konowal, V.C.?",WWI soldier:person-outline|Naval officer:boat-outline|Cockpit pilot:airplane-outline,0,p41-konowal-vc.jpeg,,
12197,12,multiple_choice,main,,Billy Bishop earned the V.C. flying with which force?,Flying Corps|Canadian Navy|Canadian Corps|RCMP,0,p41-bishop-vc.jpeg,,"Flying ace Captain Billy Bishop, born in Owen Sound, Ontario, earned the V.C. in the Royal Flying Corps during the First World War, and later became an honorary Air Marshal of the Royal Canadian Air Force."
12198,12,true_false,preview,12197,Billy Bishop was a flying ace in WWI.,,true,,,
12199,12,true_false,exercise,12197,Bishop later became an honorary Air Marshal of the RCAF.,,true,,,
12200,12,select_blank,exercise,12197,"Billy Bishop was born in Owen Sound, ___.",Ontario|Quebec|Manitoba|Nova Scotia,0,,,
12201,12,multiple_choice,exercise,12197,What was Billy Bishop known as?,Flying ace|Naval hero|War reporter|Field medic,0,,,
12202,12,image_choice,exercise,12197,"Which portrait shows Billy Bishop, V.C.?",Winged officer:person-outline|Walking soldier:walk-outline|Ship captain:boat-outline,0,p41-bishop-vc.jpeg,,
12203,12,multiple_choice,main,,Paul Triquet earned the V.C. in which battle?,Casa Berardi|Vimy Ridge|Hill 70|Juno Beach,0,p41-triquet-vc.jpeg,,"Captain Paul Triquet of Cabano, Quebec, earned the V.C. leading his men and tanks in the attack on Casa Berardi in Italy in 1943, and was later a Brigadier."
12204,12,true_false,preview,12203,Paul Triquet earned the Victoria Cross at Casa Berardi.,,true,,,
12205,12,true_false,exercise,12203,Triquet earned his V.C. during the Second World War.,,true,,,
12206,12,select_blank,exercise,12203,Paul Triquet was later promoted to ___.,Brigadier|Admiral|Sergeant|Corporal,0,,,
12207,12,multiple_choice,exercise,12203,Paul Triquet was from which province?,Quebec|Ontario|Manitoba|Alberta,0,,,
12208,12,image_choice,exercise,12203,"Which portrait shows Paul Triquet, V.C.?",Battle-dress officer:person-outline|Flight-suit pilot:airplane-outline|Deck sailor:boat-outline,0,p41-triquet-vc.jpeg,,
12209,12,multiple_choice,main,,Who was the last Canadian to receive the V.C.?,Robert-Hampton-Gray|Paul Triquet|Billy Bishop|Filip Konowal,0,p41-gray-vc.jpeg,,"Lieutenant Robert Hampton Gray, a navy pilot born in Trail, B.C., was killed while bombing a Japanese warship in August 1945, days before the end of the Second World War, and was the last Canadian to receive the V.C. to date."
12210,12,true_false,preview,12209,Robert-Hampton-Gray is the last Canadian awarded the V.C.,,true,,,
12211,12,true_false,exercise,12209,Gray was killed while bombing a Japanese warship.,,true,,,
12212,12,select_blank,exercise,12209,"Robert Hampton Gray was born in Trail, ___.",B.C.|Ontario|Quebec|Nova Scotia,0,,,
12213,12,multiple_choice,exercise,12209,Gray died days before the end of which conflict?,WWII|WWI|Korean War|Crimean War,0,,,
12214,12,image_choice,exercise,12209,"Which portrait shows Robert Hampton Gray, V.C.?",Young pilot:airplane-outline|Elderly statesman:person-outline|Mounted officer:paw-outline,0,p41-gray-vc.jpeg,,
12215,12,multiple_choice,main,,Victoria Day marks whose birthday?,The Sovereign's|PM's|GG's|Terry Fox's,0,,,Victoria Day falls on the Monday preceding May 25 and marks the Sovereign's birthday; Vimy Day (April 9) and Canada Day (July 1) are other important national dates tied to Canada's symbols and history.
12216,12,true_false,preview,12215,Victoria Day marks the Sovereign's birthday.,,true,,,
12217,12,true_false,exercise,12215,Canada Day falls on July 1.,,true,,,
12218,12,select_blank,exercise,12215,Vimy Day is observed on April ___.,9|1|11|25,0,,,
12219,12,multiple_choice,exercise,12215,Remembrance Day falls on which date?,November 11|November 20|December 25|January 1,0,,,
12220,12,match_pairs,exercise,12215,Match each holiday to its date.,Canada Day↔July 1|Remembrance Day↔November 11|New Year's Day↔January 1,,,,
12221,12,multiple_choice,main,,What does the Mace of the House-of-Commons represent?,Parliamentary authority|Hockey trophy|Citizenship document|Postage stamp,0,p38-mace-house-of-commons.jpeg,,"The gold Mace of the House of Commons, held in the House of Commons Collection in Ottawa, is a ceremonial symbol of parliamentary authority shown among Canada's national symbols."
12222,12,true_false,preview,12221,The Mace is a ceremonial symbol used in House-of-Commons.,,true,,,
12223,12,true_false,exercise,12221,The Mace belongs to the House-of-Commons Collection in Ottawa.,,true,,,
12224,12,select_blank,exercise,12221,The Mace is displayed in the House of ___.,Commons|Senate|Justice|Assembly,0,,,
12225,12,multiple_choice,exercise,12221,In which city is the House-of-Commons Mace kept?,Ottawa|Toronto|Quebec City|Victoria,0,,,
12226,12,image_choice,exercise,12221,Which image shows the House-of-Commons Mace?,Gold staff:ribbon-outline|Wooden gavel:hammer-outline|Stone monument:business-outline,0,p38-mace-house-of-commons.jpeg,,
12227,12,multiple_choice,main,,The Snowbirds are officially known as what?,431-Air-Demonstration-Squadron|Royal-Flying-Corps|RCMP-Air-Division|Canadian-Forces-Reserve,0,p38-snowbirds.jpeg,,"The Snowbirds (431 Air Demonstration Squadron) are a Canadian icon, shown among the country's national symbols."
12228,12,true_false,preview,12227,The Snowbirds are a Canadian icon.,,true,,,
12229,12,true_false,exercise,12227,The Snowbirds are officially the 431 Air Demonstration Squadron.,,true,,,
12230,12,select_blank,exercise,12227,The Snowbirds are part of the Canadian ___.,Forces|Senate|Cabinet|Judiciary,0,,,
12231,12,multiple_choice,exercise,12227,What kind of team are the Snowbirds?,Demo squadron|Hockey team|Coast guard|Parliamentary committee,0,,,
12232,12,image_choice,exercise,12227,Which image shows the Snowbirds in formation?,Jet formation:airplane-outline|Harbour ships:boat-outline|Parade horses:paw-outline,0,p38-snowbirds.jpeg,,
13001,13,multiple_choice,main,,What remains the engine of Canada's economic growth?,Commerce|Farming alone|Foreign aid|Tourism alone,0,,,Canada has always been a trading nation and commerce remains the engine of economic growth.
13002,13,true_false,preview,13001,Commerce is the engine of Canada's economic growth.,,true,,,
13003,13,true_false,exercise,13001,Canadians could keep their standard of living without trade.,,false,,,As Canadians we could not maintain our standard of living without engaging in trade with other nations.
13004,13,multiple_choice,exercise,13001,What could Canadians not maintain without trade?,Living standard|Time zones|Weather|Population count,0,,,
13005,13,select_blank,exercise,13001,Canada has always been a ___ nation.,trading|farming|closed|neutral,0,,,
13006,13,multiple_choice,exercise,13001,What has Canada always been?,Trading nation|Isolated nation|Neutral nation|Landlocked nation,0,,,
13007,13,multiple_choice,main,,When did Canada enact free trade with the U.S.A.?,1988|1867|1994|2001,0,,,"In 1988, Canada enacted free trade with the United States."
13008,13,true_false,preview,13007,Canada enacted free trade with the U.S.A. in 1988.,,true,,,
13009,13,true_false,exercise,13007,Canada's free trade deal with the U.S.A. began in 1994.,,false,,,
13010,13,multiple_choice,exercise,13007,Who did Canada enact free trade with in 1988?,United States|Mexico|Japan|Germany,0,,,
13011,13,select_blank,exercise,13007,Canada enacted free trade with the U.S.A. in ___.,1988|1994|1867|1931,0,,,
13012,13,multiple_choice,main,,When did Mexico join NAFTA?,1994|1988|1867|2008,0,,,Mexico became a partner in 1994 in the broader North American Free Trade Agreement (NAFTA).
13013,13,true_false,preview,13012,Mexico joined NAFTA in 1994.,,true,,,
13014,13,true_false,exercise,13012,NAFTA stands for the North American Free Trade Agreement.,,true,,,
13015,13,multiple_choice,exercise,13012,What does NAFTA stand for?,North-American-Free-Trade-Agreement|National-Farming-Trade-Alliance|North-Atlantic-Fair-Trade-Act|Northern-American-Fiscal-Trade-Agency,0,,,
13016,13,select_blank,exercise,13012,Mexico became a NAFTA partner in ___.,1994|1988|1867|2008,0,,,
13017,13,multiple_choice,exercise,13012,Which three countries make up NAFTA?,Canada/U.S.A./Mexico|Canada/U.K./France|U.S.A./Mexico/Brazil|Canada/Japan/Mexico,0,,,
13018,13,multiple_choice,main,,How many people did NAFTA cover?,444 million|100 million|1 billion|50 million,0,,,"NAFTA covers over 444 million people, with over $1 trillion in merchandise trade in 2008."
13019,13,true_false,preview,13018,NAFTA covers over 444 million people.,,true,,,
13020,13,true_false,exercise,13018,NAFTA had over $1 trillion in merchandise trade in 2008.,,true,,,
13021,13,multiple_choice,exercise,13018,About how much trade did NAFTA have?,$1 trillion|$1 million|$1 billion|$10 billion,0,,,
13022,13,select_blank,exercise,13018,NAFTA's merchandise trade topped ___ in 2008.,$1 trillion|$1 million|$500 million|$10 billion,0,,,
13023,13,multiple_choice,main,,Canada is one of how many top economies?,Ten largest|Three largest|Fifty largest|Twenty largest,0,,,Today Canada has one of the ten largest economies in the world.
13024,13,true_false,preview,13023,Canada has one of the ten largest world economies.,,true,,,
13025,13,true_false,exercise,13023,Canada's economy ranks among the world's ten largest.,,true,,,
13026,13,multiple_choice,exercise,13023,Which best describes Canada's economy today?,Ten largest|Smallest economy|Hundredth ranked|Not ranked,0,,,
13027,13,select_blank,exercise,13023,Canada has one of the ___ world economies.,ten largest|ten smallest|three largest|twenty smallest,0,,,
13028,13,multiple_choice,main,,Which group of industrialized nations does Canada belong to?,G8|G20|NATO|OECD only,0,,,Canada is part of the G8 group of leading industrialized countries.
13029,13,true_false,preview,13028,Canada is part of the G8 group of industrialized countries.,,true,,,
13030,13,multi_select,exercise,13028,Which countries also belong to the G8 with Canada?,United States|Germany|Japan|Brazil,0|1|2,,,"The G8 includes Canada, the United States, Germany, the United Kingdom, Italy, France, Japan and Russia."
13031,13,true_false,exercise,13028,Russia was listed among the G8 members with Canada.,,true,,,
13032,13,multiple_choice,exercise,13028,What does the G8 group consist of?,Industrialized countries|Island nations|European nations|Trade unions,0,,,
13033,13,select_blank,exercise,13028,Canada belongs to the ___ group of industrialized countries.,G8|G20|G7|NATO,0,,,
13034,13,multiple_choice,main,,Canada's economy includes how many main types of industries?,Three|Two|Five|Four,0,,,Canada's economy includes three main types of industries.
13035,13,true_false,preview,13034,Canada's economy includes three main types of industries.,,true,,,
13036,13,multi_select,exercise,13034,Which are Canada's three main industry types?,Service industries|Manufacturing industries|Natural-resources industries|Entertainment industries,0|1|2,,,
13037,13,categorize,exercise,13034,Sort each example by its industry type.,Banking↔Service industries|Automobiles↔Manufacturing industries|Forestry↔Natural resources industries,,,,
13038,13,true_false,exercise,13034,Canada's economy has only one main type of industry.,,false,,,
13039,13,multiple_choice,main,,Which industries provide jobs like banking and health care?,Service industries|Manufacturing industries|Natural-resources industries|Agricultural industries,0,p42-toronto-financial-district.jpeg,,"Service industries provide thousands of different jobs in areas like transportation, education, health care, construction, banking, communications, retail services, tourism and government."
13040,13,true_false,preview,13039,Service industries include jobs like banking and health care.,,true,p42-toronto-financial-district.jpeg,,
13041,13,multi_select,exercise,13039,Which are examples of service industry jobs?,Banking|Health care|Tourism|Mining,0|1|2,,,
13042,13,true_false,exercise,13039,Construction jobs fall under service industries.,,true,,,
13043,13,select_blank,exercise,13039,Service industries include jobs like ___ and communications.,banking|forestry|mining|farming,0,,,
13044,13,multiple_choice,exercise,13039,Which job area belongs to service industries?,Government|Forestry|Mining|Fishing,0,,,
13045,13,multiple_choice,main,,What share of working Canadians have service industry jobs?,Over 75%|About 25%|About 50%|Under 10%,0,p42-toronto-financial-district.jpeg,,More than 75% of working Canadians now have jobs in service industries.
13046,13,true_false,preview,13045,More than 75% of working Canadians have service industry jobs.,,true,,,
13047,13,true_false,exercise,13045,Most working Canadians have service industry jobs.,,true,,,
13048,13,multiple_choice,exercise,13045,About what fraction of Canadian jobs are in services?,Over three-quarters|About tenth|About third|Exactly half,0,,,
13049,13,select_blank,exercise,13045,More than ___ of working Canadians have service jobs.,75%|25%|50%|10%,0,,,
13050,13,multiple_choice,main,,Which industries make products like automobiles and machinery?,Manufacturing industries|Service industries|Natural-resources industries|Government industries,0,p43-car-assembly-oakville.jpeg,,"Manufacturing industries make products to sell in Canada and around the world, including paper, high technology equipment, aerospace technology, automobiles, machinery, food and clothing."
13051,13,true_false,preview,13050,Manufacturing industries make products like automobiles.,,true,p43-car-assembly-oakville.jpeg,,
13052,13,multi_select,exercise,13050,Which are manufactured products named in the guide?,Automobiles|Aerospace technology|Clothing|Fish,0|1|2,,,
13053,13,true_false,exercise,13050,Manufacturing industries sell products only inside Canada.,,false,,,Manufacturing industries make products to sell in Canada and around the world.
13054,13,select_blank,exercise,13050,Manufacturing industries sell products in Canada and ___.,worldwide|only Ontario|only Quebec|nowhere else,0,,,
13055,13,multiple_choice,exercise,13050,Which is a manufactured product named in the guide?,Machinery|Lobster|Timber|Iron ore,0,,,
13056,13,multiple_choice,main,,What is Canada's largest trading partner for manufactured goods?,United States|Mexico|United Kingdom|China,0,,,Our largest international trading partner is the United States.
13057,13,true_false,preview,13056,The United States is Canada's largest international trading partner.,,true,,,
13058,13,true_false,exercise,13056,Mexico is named as Canada's largest trading partner.,,false,,,
13059,13,multiple_choice,exercise,13056,Which country is Canada's top international trading partner?,United States|Japan|France|Germany,0,,,
13060,13,select_blank,exercise,13056,Canada's largest international trading partner is the ___.,United States|United Kingdom|European Union|Mexico,0,,,
13061,13,multiple_choice,main,,Manufacturing includes research into what type of products?,High-tech equipment|Farm crops|Ocean fisheries|Hydro power,0,p43-research-laboratory.jpeg,,Manufactured products include high technology equipment and aerospace technology among many other goods.
13062,13,true_false,preview,13061,High technology equipment is a manufactured product.,,true,p43-research-laboratory.jpeg,,
13063,13,true_false,exercise,13061,Aerospace technology is named as a manufactured product.,,true,,,
13064,13,multiple_choice,exercise,13061,Which is a high-technology manufactured product area?,Aerospace technology|Deep-sea fishing|Wheat farming|Coal mining,0,,,
13065,13,multiple_choice,main,,"Which industries include forestry, fishing, agriculture, mining and energy?",Natural-resources industries|Service industries|Manufacturing industries|Trade industries,0,,,"Natural resources industries include forestry, fishing, agriculture, mining and energy."
13066,13,true_false,preview,13065,Natural resources industries include forestry and fishing.,,true,,,
13067,13,multi_select,exercise,13065,Which are natural resources industries?,Forestry|Mining|Energy|Banking,0|1|2,,,
13068,13,categorize,exercise,13065,Sort each industry as resource or not.,Fishing↔Natural resource industry|Agriculture↔Natural resource industry|Retail services↔Not a natural resource industry,,,,
13069,13,select_blank,exercise,13065,"Resources include forestry, fishing, agriculture, mining, ___.",energy|banking|tourism|government,0,,,
13070,13,multiple_choice,exercise,13065,Which of these is a natural resources industry?,Mining|Banking|Tourism|Retail services,0,,,
13071,13,multiple_choice,main,,What have natural resources played an important part in?,Canada's history|City planning|Foreign diplomacy|Sports development,0,,,Natural resources industries have played an important part in the country's history and development.
13072,13,true_false,preview,13071,Natural resources have played a key part in Canada's history.,,true,,,
13073,13,true_false,exercise,13071,Many areas of Canada's economy still depend on natural resources.,,true,,,"Today, the economy of many areas of the country still depends on developing natural resources."
13074,13,multiple_choice,exercise,13071,What do many Canadian exports consist of?,Resource commodities|Movie tickets|Government bonds|Foreign currency,0,,,A large percentage of Canada's exports are natural resources commodities.
13075,13,select_blank,exercise,13071,Canada's exports are mostly natural resource ___.,commodities|patents|currencies|services,0,,,
13076,13,multiple_choice,main,,Which forestry product does a lumber truck haul?,Logs|Lobster|Wheat|Iron ore,0,p42-lumber-truck.jpeg,,Forestry is one of Canada's natural resources industries; logging trucks haul timber from Canada's forests.
13077,13,true_false,preview,13076,A lumber truck hauls logs from Canada's forests.,,true,p42-lumber-truck.jpeg,,
13078,13,true_false,exercise,13076,Forestry is one of Canada's natural resources industries.,,true,,,
13079,13,multiple_choice,exercise,13076,What does forestry harvest for Canada's economy?,Timber|Coal|Grain|Shellfish,0,,,
13080,13,multiple_choice,main,,Oil pump jacks in Alberta represent which industry?,Energy|Fishing|Forestry|Agriculture,0,p42-oil-pump-jacks-alberta.jpeg,,Energy is one of Canada's natural resources industries; oil pump jacks in southern Alberta draw oil from the ground.
13081,13,true_false,preview,13080,Oil pump jacks represent Canada's energy industry.,,true,p42-oil-pump-jacks-alberta.jpeg,,
13082,13,true_false,exercise,13080,Alberta is shown in the guide with oil pump jacks.,,true,,,
13083,13,multiple_choice,exercise,13080,Which province has oil pump jacks in the guide?,Alberta|Nova Scotia|Ontario|Manitoba,0,,,
13084,13,multiple_choice,main,,The Saguenay River hydro-electric dam is in which province?,Quebec|Alberta|Ontario|British Columbia,0,p42-hydro-dam-saguenay.jpeg,,"The guide pictures a hydro-electric dam on the Saguenay River, Quebec, an example of Canada's energy industry."
13085,13,true_false,preview,13084,The Saguenay River hydro-electric dam is in Quebec.,,true,p42-hydro-dam-saguenay.jpeg,,
13086,13,true_false,exercise,13084,A hydro-electric dam is an example of the energy industry.,,true,,,
13087,13,multiple_choice,exercise,13084,What kind of power does a hydro-electric dam generate?,Water electricity|Coal electricity|Wind electricity|Oil electricity,0,,,
13088,13,multiple_choice,main,,Atlantic lobster exemplifies which natural resources industry?,Fishing|Forestry|Mining|Agriculture,0,p42-atlantic-lobster.jpeg,,Fishing is one of Canada's natural resources industries; Atlantic lobster is one of its well-known catches.
13089,13,true_false,preview,13088,Atlantic lobster is an example of Canada's fishing industry.,,true,p42-atlantic-lobster.jpeg,,
13090,13,true_false,exercise,13088,Fishing is listed among Canada's natural resources industries.,,true,,,
13091,13,multiple_choice,exercise,13088,Which coast is Atlantic lobster fished from?,Atlantic coast|Pacific coast|Arctic coast|Great Lakes,0,,,
13092,13,multiple_choice,main,,Niagara ice wine grapes exemplify which industry?,Agriculture|Forestry|Fishing|Mining,0,p43-ice-wine-grapes-niagara.jpeg,,"Agriculture is one of Canada's natural resources industries; ice wine grapes from the Niagara Region, Ontario are one example."
13093,13,true_false,preview,13092,Ice wine grapes from Niagara are an agriculture example.,,true,p43-ice-wine-grapes-niagara.jpeg,,
13094,13,true_false,exercise,13092,The Niagara Region is in the province of Ontario.,,true,,,
13095,13,multiple_choice,exercise,13092,Which Ontario region is pictured growing ice wine grapes?,Niagara Region|Muskoka Region|Ottawa Valley|Georgian Bay,0,,,
13096,13,multiple_choice,main,,Canada's largest trading partner is which country?,United States|Mexico|United Kingdom|Japan,0,,,Canada enjoys close relations with the United States and each is the other's largest trading partner.
13097,13,true_false,preview,13096,Canada and the U.S.A. are each other's largest trading partner.,,true,,,
13098,13,true_false,exercise,13096,Canada's largest trading partner is the United States.,,true,,,
13099,13,multiple_choice,exercise,13096,Which two countries are each other's largest trading partner?,Canada/U.S.A.|Canada/Mexico|Canada/Japan|Canada/France,0,,,
13100,13,select_blank,exercise,13096,Canada and the U.S.A. are each other's ___ partner.,largest|smallest|newest|only,0,,,
13101,13,multiple_choice,main,,What share of Canadian exports go to the U.S.A.?,Over three-quarters|About half|About quarter|Under 10%,0,,,Over three-quarters of Canadian exports are destined for the U.S.A.
13102,13,true_false,preview,13101,Over three-quarters of Canadian exports go to the U.S.A.,,true,,,
13103,13,true_false,exercise,13101,Most Canadian exports are destined for the United States.,,true,,,
13104,13,multiple_choice,exercise,13101,How much of Canada's exports go to the U.S.A.?,Over three-quarters|About one-tenth|Exactly half|About one-third,0,,,
13105,13,select_blank,exercise,13101,Over three-quarters of Canadian exports go to the ___.,U.S.A.|United Kingdom|European Union|Mexico,0,,,
13106,13,multiple_choice,main,,Canada and the U.S.A. share the biggest what?,Trading relationship|Border wall|Military force|Shared currency,0,,,In fact we have the biggest bilateral trading relationship in the world.
13107,13,true_false,preview,13106,Canada and the U.S.A. share the world's biggest trading relationship.,,true,,,
13108,13,true_false,exercise,13106,Canada-U.S.A. trade is called the world's biggest trading relationship.,,true,,,
13109,13,multiple_choice,exercise,13106,How is the Canada-U.S.A. trading relationship described?,Biggest relationship|Smallest relationship|Minor link|One-way relationship,0,,,
13110,13,multiple_choice,main,,Integrated Canada-U.S.A. supply chains compete with what?,Everyone else|Each other|No one|Only Mexico,0,,,Integrated Canada-U.S.A. supply chains compete with the rest of the world.
13111,13,true_false,preview,13110,Canada-U.S.A. supply chains compete with the rest of the world.,,true,,,
13112,13,true_false,exercise,13110,Canada-U.S.A. supply chains are described as integrated.,,true,,,
13113,13,multiple_choice,exercise,13110,How are Canada-U.S.A. supply chains described?,Integrated|Separate|Unrelated|Competing rivals,0,,,
13114,13,multiple_choice,main,,Which goods does Canada export yearly in billions?,Energy goods|Tourism services|Foreign currency|Government bonds,0,p43-port-of-vancouver.jpeg,,"Canada exports billions of dollars worth of energy products, industrial goods, machinery, equipment, automotive, agricultural, fishing and forestry products, and consumer goods every year."
13115,13,true_false,preview,13114,Canada exports billions of dollars in energy goods yearly.,,true,p43-port-of-vancouver.jpeg,,
13116,13,multi_select,exercise,13114,Which goods are named among Canada's yearly exports?,Energy products|Automotive goods|Consumer goods|Movie scripts,0|1|2,,,
13117,13,true_false,exercise,13114,Forestry products are named among Canada's yearly exports.,,true,,,
13118,13,select_blank,exercise,13114,"Canada's yearly exports include energy, industrial and ___ goods.",consumer|foreign|imaginary|unlisted,0,,,
13119,13,multiple_choice,exercise,13114,Which is named among Canada's yearly export categories?,Machinery|Software licences|Real estate|Livestock feed,0,,,
13120,13,multiple_choice,main,,What is the Canada-U.S.A. border traditionally known as?,World's-longest-undefended-border|World's-busiest-border|World's-oldest-border|World's-shortest-border,0,,,Millions of Canadians and Americans cross every year in safety what is traditionally known as the world's longest undefended border.
13121,13,true_false,preview,13120,The Canada-U.S.A. border is called the world's longest undefended border.,,true,,,
13122,13,true_false,exercise,13120,Millions of people cross the Canada-U.S.A. border safely every year.,,true,,,
13123,13,multiple_choice,exercise,13120,How is the Canada-U.S.A. border traditionally described?,World's-longest-undefended-border|World's-most-guarded-border|World's-newest-border|World's-shortest-border,0,,,
13124,13,select_blank,exercise,13120,The Canada-U.S.A. border is the world's longest ___ border.,undefended|guarded|disputed|closed,0,,,
13125,13,multiple_choice,main,,Where is the Peace Arch that symbolizes Canada-U.S.A. ties?,"Blaine, Washington|Niagara-Falls, Ontario|Windsor, Ontario|Ottawa, Ontario",0,p43-peace-arch-blaine.jpeg,,"At Blaine in the State of Washington, the Peace Arch symbolizes our close ties and common interests with the United States."
13126,13,true_false,preview,13125,"The Peace Arch stands at Blaine, Washington.",,true,p43-peace-arch-blaine.jpeg,,
13127,13,true_false,exercise,13125,The Peace Arch symbolizes Canada-U.S.A. close ties.,,true,,,
13128,13,multiple_choice,exercise,13125,What does the Peace Arch symbolize?,Close ties|Trade dispute|Military victory|Sports rivalry,0,,,
13129,13,select_blank,exercise,13125,The Peace Arch stands in the State of ___.,Washington|Oregon|New York|Michigan,0,,,
13130,13,multiple_choice,main,,Which phrase is inscribed on the Peace Arch?,"Children-of-a-common-mother|Neighbours-by-chance,-friends-by-choice|United-we-stand,-divided-we-fall|Land-of-the-free",0,p43-peace-arch-blaine.jpeg,,"The Peace Arch is inscribed with the words ""children of a common mother"" and ""brethren dwelling together in unity."""
13131,13,true_false,preview,13130,"The Peace Arch reads ""children of a common mother.""",,true,,,
13132,13,true_false,exercise,13130,"The Peace Arch reads ""brethren dwelling together in unity.""",,true,,,
13133,13,multiple_choice,exercise,13130,Which words also appear inscribed on the Peace Arch?,Brethren-dwelling-together-in-unity|Justice-for-all|E-pluribus-unum|Peace-in-our-time,0,,,
13134,13,match_pairs,exercise,13130,Match each Peace Arch phrase to its meaning.,Children of a common mother↔Shared origin|Brethren dwelling together in unity↔Living together in peace,,,,
13135,13,select_blank,exercise,13061,Manufactured products include high technology equipment and ___ technology.,aerospace|farming|fishing|mining,0,,,
13136,13,multiple_choice,exercise,13076,Which industry does a lumber truck represent?,Forestry|Fishing|Mining|Agriculture,0,,,
13137,13,select_blank,exercise,13080,Oil pump jacks are pictured in southern ___.,Alberta|Ontario|Quebec|Manitoba,0,,,
13138,13,select_blank,exercise,13084,The hydro-electric dam pictured stands on the ___ River.,Saguenay|Fraser|Ottawa|Bow,0,,,
13139,13,select_blank,exercise,13088,Atlantic lobster illustrates Canada's ___ industry.,fishing|mining|forestry|agriculture,0,,,
13140,13,multiple_choice,exercise,13092,What wine are Niagara's ice wine grapes used for?,Ice wine|Table wine|Sparkling cider|Beer,0,,,
13141,13,select_blank,exercise,13106,Canada and the U.S.A. share the biggest ___ relationship.,bilateral|regional|colonial|wartime,0,,,
13142,13,multiple_choice,exercise,13110,What best describes Canada-U.S.A. supply chains?,Integrated|Separate|Closed|Unregulated,0,,,
14001,14,multiple_choice,main,,What is Newfoundland and Labrador known for geographically?,Farthest east|Farthest north|Largest area|Warmest climate,0,,,Newfoundland and Labrador is the most easterly point in North America and has its own time zone.
14002,14,true_false,preview,14001,Newfoundland and Labrador has its own time zone.,,true,,,
14003,14,true_false,exercise,14001,Newfoundland and Labrador is North America's most easterly point.,,true,,,
14004,14,multiple_choice,exercise,14001,Which province is North America's most easterly point?,Newfoundland/Labrador|Nova Scotia|P.E.I.|New Brunswick,0,,,
14005,14,select_blank,exercise,14001,Newfoundland and Labrador has its own ___.,time zone|capital city|flag|anthem,0,,,
14006,14,multiple_choice,exercise,14001,What makes Newfoundland and Labrador's time unique?,Unique zone|No zone|Pacific time|UK time,0,,,
14007,14,multiple_choice,main,,What was Newfoundland's status in the British Empire?,Oldest colony|Newest colony|No colony|French colony,0,,,Newfoundland and Labrador was the oldest colony of the British Empire and a strategic prize in Canada's early history.
14008,14,true_false,preview,14007,Newfoundland was the oldest colony of the British Empire.,,true,,,
14009,14,true_false,exercise,14007,Newfoundland and Labrador was a strategic prize in early history.,,true,,,
14010,14,multiple_choice,exercise,14007,Which best describes Newfoundland's role in early Canadian history?,Strategic prize|Unclaimed territory|Neutral zone|Foreign colony,0,,,
14011,14,select_blank,exercise,14007,Newfoundland was the ___ colony of the British Empire.,oldest|newest|smallest|richest,0,,,
14012,14,multiple_choice,exercise,14007,Which empire shaped Newfoundland and Labrador's early history?,British Empire|French Empire|Spanish Empire|Dutch Empire,0,,,
14013,14,multiple_choice,main,,What heritage is Newfoundland and Labrador long known for?,Coastal fisheries|Wheat farming|Ski resorts|Desert agriculture,0,,,"Newfoundland and Labrador has long been known for its fisheries, coastal fishing villages and distinct culture, with a unique heritage linked to the sea."
14014,14,true_false,preview,14013,Newfoundland and Labrador has a heritage linked to the sea.,,true,,,
14015,14,true_false,exercise,14013,Newfoundland and Labrador is known for coastal fishing villages.,,true,,,
14016,14,multiple_choice,exercise,14013,Which best describes Newfoundland and Labrador's culture?,Sea-linked culture|Ontario's culture|Desert culture|Urban culture,0,,,
14017,14,select_blank,exercise,14013,Newfoundland and Labrador is known for its ___.,fisheries|vineyards|oil refineries|ski resorts,0,,,
14018,14,multiple_choice,exercise,14013,What has shaped Newfoundland and Labrador's distinct culture?,Sea link|Desert climate|Mountain ranges|Prairie farmland,0,,,
14019,14,multiple_choice,main,,What contributes substantially to Newfoundland and Labrador's economy today?,Off-shore oil/gas|Diamond mining|Automobile manufacturing|Wheat farming,0,,,Today off-shore oil and gas extraction contributes a substantial part of Newfoundland and Labrador's economy.
14020,14,true_false,preview,14019,Off-shore oil/gas is important to Newfoundland and Labrador's economy.,,true,,,
14021,14,true_false,exercise,14019,Newfoundland and Labrador's modern economy includes off-shore oil and gas.,,true,,,
14022,14,multiple_choice,exercise,14019,Which industry is big in Newfoundland and Labrador?,Off-shore oil/gas|Car manufacturing|Wheat export|Diamond mining,0,,,
14023,14,select_blank,exercise,14019,Off-shore oil and ___ extraction is big here.,gas|coal|diamond|copper,0,,,
14024,14,multiple_choice,exercise,14019,What kind of extraction happens off Newfoundland's coast?,Oil/gas|Coal|Gold|Diamonds,0,,,
14025,14,multiple_choice,main,,What natural resource does Labrador have in abundance?,Hydro-electric resources|Coral reefs|Oil sands|Gold mines,0,,,Labrador also has immense hydro-electric resources.
14026,14,true_false,preview,14025,Labrador has immense hydro-electric resources.,,true,,,
14027,14,true_false,exercise,14025,Labrador is known for its hydro-electric potential.,,true,,,
14028,14,multiple_choice,exercise,14025,Which region has immense hydro-electric resources?,Labrador|Cape Breton|Gaspe|Fundy Bay,0,,,
14029,14,select_blank,exercise,14025,Labrador has immense ___ resources.,hydro-electric|desert|volcanic|tropical,0,,,
14030,14,multiple_choice,exercise,14025,What power resource is Labrador rich in?,Hydro-electric|Solar|Wind|Geothermal,0,,,
14031,14,multiple_choice,main,,Which is Canada's smallest province?,P.E.I.|Nova Scotia|New Brunswick|Newfoundland/Labrador,0,,,Prince Edward Island (P.E.I.) is the smallest province.
14032,14,true_false,preview,14031,Prince Edward Island is Canada's smallest province.,,true,,,
14033,14,true_false,exercise,14031,P.E.I. is the largest province in Canada.,,false,,,
14034,14,multiple_choice,exercise,14031,What is notable about P.E.I.'s size among provinces?,Smallest|Largest|Most northerly|No coastline,0,,,
14035,14,select_blank,exercise,14031,Prince Edward Island is the ___ province.,smallest|largest|coldest|driest,0,,,
14036,14,multiple_choice,exercise,14031,Which province is smaller than all the others?,P.E.I.|Ontario|Quebec|Alberta,0,,,
14037,14,multiple_choice,main,,What is Prince Edward Island especially known for?,Red soil|Oil sands|Cactus farms|Glaciers/icebergs,0,,,"Prince Edward Island is known for its beaches, red soil and agriculture, especially potatoes."
14038,14,true_false,preview,14037,P.E.I. is known for its red soil and potato farming.,,true,,,
14039,14,true_false,exercise,14037,Prince Edward Island's agriculture is especially known for potatoes.,,true,,,
14040,14,multiple_choice,exercise,14037,What crop is P.E.I. especially famous for?,Potatoes|Rice|Cotton|Sugarcane,0,,,
14041,14,select_blank,exercise,14037,P.E.I. is known for its beaches and ___ soil.,red|black|grey|white,0,,,
14042,14,multiple_choice,exercise,14037,Which best describes P.E.I.'s landscape and economy?,Beaches/potatoes|Mountains/mining|Desert/ranching|Tundra/hunting,0,,,
14043,14,multiple_choice,main,,Which province is known as the birthplace of Confederation?,P.E.I.|Ontario|Nova Scotia|Quebec,0,,,P.E.I. is the birthplace of Confederation.
14044,14,true_false,preview,14043,Prince Edward Island is the birthplace of Confederation.,,true,,,
14045,14,true_false,exercise,14043,P.E.I. is called the birthplace of Confederation.,,true,,,
14046,14,multiple_choice,exercise,14043,What historic title does P.E.I. hold?,Confederation birthplace|Canada's capital|Pacific gateway|RCMP home,0,,,
14047,14,select_blank,exercise,14043,Prince Edward Island is the birthplace of ___.,Confederation|the RCMP|the flag|the anthem,0,,,
14048,14,multiple_choice,exercise,14043,Which province claims the title 'birthplace of Confederation'?,P.E.I.|New Brunswick|Nova Scotia|Newfoundland/Labrador,0,,,
14049,14,multiple_choice,main,,What connects Prince Edward Island to mainland Canada?,Confederation Bridge|Confederation Tunnel|Ferry only|Ice road,0,,,"P.E.I. is connected to mainland Canada by one of the longest continuous multispan bridges in the world, the Confederation Bridge."
14050,14,true_false,preview,14049,The Confederation Bridge connects P.E.I. to mainland Canada.,,true,,,
14051,14,true_false,exercise,14049,The Confederation Bridge is among the world's longest multispan bridges.,,true,,,
14052,14,multiple_choice,exercise,14049,What kind of bridge is the Confederation Bridge?,Longest multispan|Short pedestrian|Floating pontoon|Railway-only,0,,,
14053,14,select_blank,exercise,14049,The ___ Bridge connects P.E.I. to the mainland.,Confederation|Peace|Rainbow|Ambassador,0,,,
14054,14,multiple_choice,exercise,14049,What is the Confederation Bridge known for globally?,Longest multispan|Oldest bridge|Toll-free wooden|Drawbridge,0,,,
14055,14,multiple_choice,main,,Anne of Green Gables is set in which province?,P.E.I.|Nova Scotia|Ontario|Quebec,0,,,"Anne of Green Gables, set in P.E.I. by Lucy Maud Montgomery, is a much-loved story about the adventures of a little red-headed orphan girl."
14056,14,true_false,preview,14055,Anne of Green Gables is set in Prince Edward Island.,,true,,,
14057,14,true_false,exercise,14055,Anne of Green Gables was written by Lucy Maud Montgomery.,,true,,,
14058,14,multiple_choice,exercise,14055,Who wrote Anne of Green Gables?,L.M. Montgomery|Margaret Atwood|L.M. Rankin|Alice Munro,0,,,
14059,14,select_blank,exercise,14055,Green Gables' Anne is a little ___ orphan girl.,red-headed|blue-eyed|blonde|dark-haired,0,,,
14060,14,multiple_choice,exercise,14055,What kind of story is Anne of Green Gables?,Orphan-girl story|Confederation history|Fishing guide|Shipwreck record,0,,,
14061,14,multiple_choice,main,,Which is the most populous Atlantic province?,Nova Scotia|P.E.I.|New Brunswick|Newfoundland/Labrador,0,,,"Nova Scotia is the most populous Atlantic Province, with a rich history as the gateway to Canada."
14062,14,true_false,preview,14061,Nova Scotia is the most populous Atlantic province.,,true,,,
14063,14,true_false,exercise,14061,Nova Scotia has a history as the gateway to Canada.,,true,,,
14064,14,multiple_choice,exercise,14061,What historic role has Nova Scotia played?,Canada gateway|Canada's capital|Confederation birthplace|Diamond capital,0,,,
14065,14,select_blank,exercise,14061,Nova Scotia is the most ___ Atlantic province.,populous|northerly|mountainous|arid,0,,,
14066,14,multiple_choice,exercise,14061,"Among Atlantic provinces, Nova Scotia stands out for what?",Largest population|Smallest population|Least coastline|Most deserts,0,,,
14067,14,multiple_choice,main,,Nova Scotia's Bay of Fundy is known for what?,Highest tides|Largest lake|Deepest canyon|Longest river,0,,,Nova Scotia is known for the world's highest tides in the Bay of Fundy.
14068,14,true_false,preview,14067,The Bay of Fundy has the world's highest tides.,,true,,,
14069,14,true_false,exercise,14067,The Bay of Fundy is in Nova Scotia.,,true,,,
14070,14,multiple_choice,exercise,14067,Which body of water has the world's highest tides?,Fundy Bay|Hudson Bay|Georgian Bay|James Bay,0,,,
14071,14,select_blank,exercise,14067,The Bay of Fundy has the world's highest ___.,tides|waterfalls|waves|glaciers,0,,,
14072,14,multiple_choice,exercise,14067,What natural feature is Nova Scotia famous for?,Fundy tides|Rocky Mountains|Niagara Falls|Great Lakes,0,,,
14073,14,multiple_choice,main,,What is Nova Scotia's identity closely linked to?,Shipbuilding/fishing|Wheat/ranching|Oil sands|Desert tourism,0,,,"Nova Scotia's identity is linked to shipbuilding, fisheries and shipping."
14074,14,true_false,preview,14073,Nova Scotia's identity is linked to shipbuilding and fisheries.,,true,,,
14075,14,true_false,exercise,14073,Shipping is part of Nova Scotia's identity.,,true,,,
14076,14,multiple_choice,exercise,14073,Which industries define Nova Scotia's identity?,Shipbuilding/fisheries|Automobile manufacturing|Diamond mining|Wheat farming,0,,,
14077,14,select_blank,exercise,14073,"Nova Scotia links to ___, fisheries and shipping.",shipbuilding|winemaking|mining|ranching,0,,,
14078,14,multiple_choice,exercise,14073,What maritime trade is central to Nova Scotia's identity?,Shipbuilding|Fishing rods|Air travel|Space exploration,0,,,
14079,14,multiple_choice,main,,What is Nova Scotia's capital and main port?,Halifax|Sydney|Yarmouth|Truro,0,,,"As Canada's largest east coast port, deep-water and ice-free, the capital, Halifax, has played an important role in Atlantic trade and defence."
14080,14,true_false,preview,14079,Halifax is the capital of Nova Scotia.,,true,,,
14081,14,true_false,exercise,14079,Halifax is Canada's largest east coast port.,,true,,,
14082,14,multiple_choice,exercise,14079,What kind of port is Halifax?,Deep-water/ice-free|Shallow seasonal|Freshwater only|Landlocked,0,,,
14083,14,select_blank,exercise,14079,Halifax is Nova Scotia's ___.,capital|smallest town|island|desert,0,,,
14084,14,multiple_choice,exercise,14079,Which role has Halifax played for Canada?,Trade/defence|Pacific trade|Prairie transport|Arctic exploration,0,,,
14085,14,multiple_choice,main,,What is Halifax home to?,Naval base|Only airport|Tallest building|Largest desert,0,,,Halifax is home to Canada's largest naval base.
14086,14,true_false,preview,14085,Halifax is home to Canada's largest naval base.,,true,,,
14087,14,true_false,exercise,14085,Canada's largest naval base is located in Toronto.,,false,,,
14088,14,multiple_choice,exercise,14085,Which city hosts Canada's largest naval base?,Halifax|Victoria|Montreal|St. John's,0,,,
14089,14,select_blank,exercise,14085,Halifax is home to Canada's largest ___ base.,naval|air force|army|space,0,,,
14090,14,multiple_choice,exercise,14085,What military feature makes Halifax significant?,Naval base|Military academy|Air defence|Army barracks,0,,,
14091,14,multiple_choice,main,,What does Nova Scotia have a long history of?,"Coal, forestry|Diamond mining|Oil sands|Vineyards, citrus",0,,,"Nova Scotia has a long history of coal mining, forestry and agriculture."
14092,14,true_false,preview,14091,Nova Scotia has a long history of coal mining.,,true,,,
14093,14,true_false,exercise,14091,Forestry is part of Nova Scotia's traditional economy.,,true,,,
14094,14,multiple_choice,exercise,14091,Which traditional industries has Nova Scotia long relied on?,"Coal, forestry|Diamond/oil-sands|Cotton, rice|Automobile manufacturing",0,,,
14095,14,select_blank,exercise,14091,Nova Scotia has a long history of coal ___.,mining|refining|exporting only|importing,0,,,
14096,14,multiple_choice,exercise,14091,What else has a long history in Nova Scotia?,"Forestry, agriculture|Space exploration|Diamond cutting|Software development",0,,,
14097,14,multiple_choice,main,,What newer industry has emerged in Nova Scotia?,Off-shore oil/gas|Uranium mining|Automobile assembly|Diamond mining,0,,,Today there is also off-shore oil and gas exploration in Nova Scotia.
14098,14,true_false,preview,14097,Nova Scotia has off-shore oil and gas exploration today.,,true,,,
14099,14,true_false,exercise,14097,Off-shore oil/gas exploration is a modern Nova Scotia activity.,,true,,,
14100,14,multiple_choice,exercise,14097,What modern resource activity happens off Nova Scotia's coast?,Oil/gas exploration|Diamond mining|Coral farming|Salt mining,0,,,
14101,14,select_blank,exercise,14097,Off-shore oil and ___ exploration continues in Nova Scotia.,gas|coal|gold|iron,0,,,
14102,14,multiple_choice,exercise,14097,Which activity was recently added to Nova Scotia's economy?,Off-shore oil/gas|Desert tourism|Cotton farming|Space launches,0,,,
14103,14,multiple_choice,main,,What traditions sustain Nova Scotia's vibrant culture?,Celtic/Gaelic|Aztec/Mayan|Nordic/Viking|Roman/Greek,0,,,Nova Scotia's Celtic and Gaelic traditions sustain a vibrant culture.
14104,14,true_false,preview,14103,Nova Scotia's culture is sustained by Celtic and Gaelic traditions.,,true,,,
14105,14,true_false,exercise,14103,Gaelic traditions are part of Nova Scotia's culture.,,true,,,
14106,14,multiple_choice,exercise,14103,Which cultural traditions are strong in Nova Scotia?,Celtic/Gaelic|Aztec/Mayan|Nordic/Viking|Roman/Greek,0,,,
14107,14,select_blank,exercise,14103,Nova Scotia's ___ and Gaelic traditions run deep.,Celtic|Aztec|Nordic|Roman,0,,,
14108,14,multiple_choice,exercise,14103,What best describes Nova Scotia's cultural roots?,Celtic/Gaelic heritage|English heritage|French heritage|Indigenous heritage,0,,,
14109,14,multiple_choice,main,,About how many festivals does Nova Scotia host?,"Over 700|Over 70|Over 7,000|Over 7",0,,,"Nova Scotia is home to over 700 annual festivals, including the spectacular military tattoo in Halifax."
14110,14,true_false,preview,14109,Nova Scotia hosts over 700 annual festivals.,,true,,,
14111,14,true_false,exercise,14109,Halifax hosts a spectacular military tattoo.,,true,,,
14112,14,multiple_choice,exercise,14109,Which spectacular event does Halifax host?,Military tattoo|Wine festival|Dinosaur exhibit|Space fair,0,,,
14113,14,select_blank,exercise,14109,Nova Scotia is home to over ___ annual festivals.,700|70|7|7000,0,,,
14114,14,multiple_choice,exercise,14109,What does Nova Scotia host so many of?,Annual festivals|National parks|Naval bases|Universities,0,,,
14115,14,multiple_choice,main,,New Brunswick was founded by which group?,Empire Loyalists|French Huguenots|Scottish Highlanders|Dutch settlers,0,,,"Situated in the Appalachian Range, New Brunswick was founded by the United Empire Loyalists."
14116,14,true_false,preview,14115,New Brunswick was founded by the United Empire Loyalists.,,true,,,
14117,14,true_false,exercise,14115,New Brunswick is situated in the Appalachian Range.,,true,,,
14118,14,multiple_choice,exercise,14115,Which mountain range is New Brunswick situated in?,Appalachian Range|Rocky Mountains|Coast Mountains|Laurentian Mountains,0,,,
14119,14,select_blank,exercise,14115,New Brunswick was founded by the ___ Loyalists.,United Empire|Revolutionary|Confederate|Colonial,0,,,
14120,14,multiple_choice,exercise,14115,Who settled and founded New Brunswick?,Empire Loyalists|Viking explorers|Spanish conquistadors|Russian traders,0,,,
14121,14,multiple_choice,main,,What major river system does New Brunswick have?,St. John|Fraser River|Mackenzie River|Nelson River,0,,,"New Brunswick has the second largest river system on North America's Atlantic coastline, the St. John River system."
14122,14,true_false,preview,14121,New Brunswick has the St. John River system.,,true,,,
14123,14,true_false,exercise,14121,The St. John River is North America's second-largest Atlantic system.,,true,,,
14124,14,multiple_choice,exercise,14121,How does the St. John River system rank?,Second largest|Largest|Smallest|Third largest,0,,,
14125,14,select_blank,exercise,14121,New Brunswick's ___ River is the second-largest Atlantic system.,St. John|Fraser|Nelson|Mackenzie,0,,,
14126,14,multiple_choice,exercise,14121,Which coastline is the St. John River on?,Atlantic coast|Pacific coast|Arctic coast|Gulf Mexico,0,,,
14127,14,multiple_choice,main,,Which are New Brunswick's principal industries?,"Forestry, fisheries|Software, finance|Auto, steel|Diamonds, ranching",0,,,"Forestry, agriculture, fisheries, mining, food processing and tourism are New Brunswick's principal industries."
14128,14,true_false,preview,14127,Forestry is one of New Brunswick's principal industries.,,true,,,
14129,14,true_false,exercise,14127,Tourism is one of New Brunswick's principal industries.,,true,,,
14130,14,multiple_choice,exercise,14127,Which of these is a principal New Brunswick industry?,Food processing|Space technology|Diamond cutting|Film production,0,,,
14131,14,select_blank,exercise,14127,"New Brunswick's industries include forestry, mining and ___.",tourism|banking|shipbuilding only|software,0,,,
14132,14,multi_select,exercise,14127,Which are principal industries of New Brunswick?,Forestry|Fisheries|Tourism|Space exploration,0|1|2,,,
14133,14,multiple_choice,main,,Which is New Brunswick's largest city and port?,Saint John|Moncton|Fredericton|Bathurst,0,,,"Saint John is New Brunswick's largest city, port and manufacturing centre."
14134,14,true_false,preview,14133,Saint John is New Brunswick's largest city.,,true,,,
14135,14,true_false,exercise,14133,Saint John is New Brunswick's largest port.,,true,,,
14136,14,multiple_choice,exercise,14133,What role does Saint John play in New Brunswick?,Largest city|Provincial capital|Smallest town|Park headquarters,0,,,
14137,14,select_blank,exercise,14133,___ is New Brunswick's largest city and port.,Saint John|Moncton|Fredericton|Halifax,0,,,
14138,14,multiple_choice,exercise,14133,Which New Brunswick city leads in size and manufacturing?,Saint John|Moncton|Fredericton|Charlottetown,0,,,
14139,14,multiple_choice,main,,Which city is New Brunswick's principal Francophone Acadian centre?,Moncton|Saint John|Fredericton|Bathurst,0,,,Moncton is New Brunswick's principal Francophone Acadian centre.
14140,14,true_false,preview,14139,Moncton is New Brunswick's principal Francophone Acadian centre.,,true,,,
14141,14,true_false,exercise,14139,Moncton has strong Francophone Acadian roots.,,true,,,
14142,14,multiple_choice,exercise,14139,What community identity is Moncton known for?,Acadian centre|Provincial capital|Naval base|Mining town,0,,,
14143,14,select_blank,exercise,14139,___ is New Brunswick's principal Francophone Acadian centre.,Moncton|Saint John|Fredericton|Halifax,0,,,
14144,14,multiple_choice,exercise,14139,Which city is the heart of Acadian culture?,Moncton|Saint John|Fredericton|Charlottetown,0,,,
14145,14,multiple_choice,main,,What is New Brunswick's historic capital?,Fredericton|Saint John|Moncton|Bathurst,0,,,Fredericton is New Brunswick's historic capital.
14146,14,true_false,preview,14145,Fredericton is the capital of New Brunswick.,,true,,,
14147,14,true_false,exercise,14145,Saint John is the capital of New Brunswick.,,false,,,
14148,14,multiple_choice,exercise,14145,Which city serves as New Brunswick's capital?,Fredericton|Saint John|Moncton|Halifax,0,,,
14149,14,select_blank,exercise,14145,New Brunswick's historic capital is ___.,Fredericton|Saint John|Moncton|Charlottetown,0,,,
14150,14,multiple_choice,exercise,14145,New Brunswick's capital city is which of these?,Fredericton|Regina|Victoria|Winnipeg,0,,,
14151,14,multiple_choice,main,,Which is Canada's only officially bilingual province?,New Brunswick|Quebec|Ontario|Manitoba,0,,,"New Brunswick is the only officially bilingual province, and about one-third of the population lives and works in French."
14152,14,true_false,preview,14151,New Brunswick is Canada's only officially bilingual province.,,true,,,
14153,14,true_false,exercise,14151,About one-third of New Brunswick's population works in French.,,true,,,
14154,14,multiple_choice,exercise,14151,What share of New Brunswick works in French?,One-third|One-half|One-tenth|Two-thirds,0,,,
14155,14,select_blank,exercise,14151,New Brunswick is the only officially ___ province.,bilingual|monolingual|trilingual|Francophone,0,,,
14156,14,multiple_choice,exercise,14151,What language status makes New Brunswick unique?,Officially bilingual|Officially French-only|Officially English-only|Officially trilingual,0,,,
14157,14,multiple_choice,main,,What made the Atlantic provinces important to Canada?,"Coastal resources|Deserts, canyons|Mountains, glaciers|Prairies, silos",0,,,"Atlantic Canada's coasts and natural resources, including fishing, farming, forestry and mining, have made these provinces an important part of Canada's history and development."
14158,14,true_false,preview,14157,The Atlantic provinces' coasts and natural resources shaped Canada's history.,,true,,,
14159,14,true_false,exercise,14157,Mining is one of the Atlantic provinces' key natural resources.,,true,,,
14160,14,multiple_choice,exercise,14157,Which resources are named for the Atlantic provinces?,"Fishing, forestry|Oil sands|Software, banking|Diamonds, uranium",0,,,
14161,14,categorize,exercise,14157,Sort each activity by its resource category.,Fishing↔Atlantic resource|Forestry↔Atlantic resource|Space tourism↔Not an Atlantic resource,,,,
14162,14,multi_select,exercise,14157,Which are resources of the Atlantic provinces?,Fishing|Forestry|Mining|Software development,0|1|2,,,
14163,14,multiple_choice,main,,What climate does the Atlantic Ocean bring here?,"Cool, humid|Hot, dry|Tropical heat|Arctic cold",0,,,The Atlantic Ocean brings cool winters and cool humid summers to the Atlantic provinces.
14164,14,true_false,preview,14163,"The Atlantic provinces have cool, humid summers.",,true,,,
14165,14,true_false,exercise,14163,The Atlantic provinces have cool winters.,,true,,,
14166,14,multiple_choice,exercise,14163,What kind of summers do the Atlantic provinces have?,"Cool, humid|Hot, dry|Tropical|Arctic",0,,,
14167,14,select_blank,exercise,14163,The Atlantic Ocean brings cool winters and ___ summers.,humid|dry|tropical|arid,0,,,
14168,14,multiple_choice,exercise,14163,What shapes the Atlantic provinces' climate?,Atlantic Ocean|Rocky Mountains|Great Lakes|Arctic ice,0,,,
15001,15,multiple_choice,main,,Which two provinces make up Central Canada?,Ontario/Quebec|Alberta/B.C.|N.S./N.B.|Manitoba/Sask,0,,,"Central Canada refers to southern Ontario and Quebec, the region near the Great Lakes and the St. Lawrence River."
15002,15,true_false,preview,15001,Central Canada refers to Ontario and Quebec.,,true,,,
15003,15,true_false,exercise,15001,Central Canada is Canada's industrial and manufacturing heartland.,,true,,,
15004,15,select_blank,exercise,15001,Central Canada sits near Great Lakes and ___ River.,St. Lawrence|Fraser|Mackenzie|Churchill,0,,,
15005,15,multiple_choice,exercise,15001,Central Canada is known as Canada's what?,Industrial heartland|Fishing hub|Prairie belt|Arctic frontier,0,,,
15006,15,true_false,exercise,15001,Central Canada includes Manitoba and Saskatchewan.,,false,,,
15007,15,multiple_choice,main,,What share of Canadians live in Central Canada?,Over half|About 1/10|Exactly 1/3|Under 1/5,0,,,More than half the people in Canada live in cities and towns near the Great Lakes and the St. Lawrence River in Central Canada.
15008,15,true_false,preview,15007,More than half of all Canadians live in Central Canada.,,true,,,
15009,15,select_blank,exercise,15007,___ the people in Canada live in Central Canada.,Over half|Under 1/10|Exactly 1/3|Almost none,0,,,
15010,15,true_false,exercise,15007,Fewer than half of Canadians live in Central Canada.,,false,,,
15011,15,multiple_choice,exercise,15007,Central Canada is home to what portion of Canadians?,Over half|One-tenth|One-twentieth|Small minority,0,,,
15012,15,multiple_choice,main,,What is southern Ontario and Quebec's climate?,"Cold-winters, warm-humid-summers|Dry, hot-summers|Mild year-round|Arctic year-round",0,,,Southern Ontario and Quebec have cold winters and warm humid summers.
15013,15,true_false,preview,15012,"Southern Ontario, Quebec have cold winters, warm humid summers.",,true,,,
15014,15,true_false,exercise,15012,"Southern Ontario and Quebec have hot, dry summers.",,false,,,
15015,15,select_blank,exercise,15012,Central Canada's summers are warm and ___.,humid|arid|frozen|windy,0,,,
15016,15,multiple_choice,exercise,15012,Which describes Central Canada's winters?,Cold|Mild|Rainy only|Nonexistent,0,,,
15017,15,multiple_choice,main,,What share of Canada's manufactured goods do Ontario/Quebec produce?,Over 3/4|About 1/10|Exactly half|Under 1/5,0,,,"Together, Ontario and Quebec produce more than three-quarters of all Canadian manufactured goods."
15018,15,true_false,preview,15017,Ontario/Quebec together produce over three-quarters of Canada's manufactured goods.,,true,,,
15019,15,select_blank,exercise,15017,Ontario/Quebec produce more than ___ of Canada's manufactured goods.,three-quarters|a tenth|a third|a twentieth,0,,,
15020,15,true_false,exercise,15017,Ontario and Quebec together produce most of Canada's manufactured goods.,,true,,,
15021,15,multiple_choice,exercise,15017,Ontario and Quebec together are Canada's what?,Manufacturing heartland|Fishing grounds|Oil sands|Wheat belt,0,,,
15022,15,multiple_choice,main,,About how many people live in Quebec?,"Nearly 8M|About 1M|Over 20M|About 500K",0,,,"Nearly eight million people live in Quebec, the vast majority along or near the St. Lawrence River."
15023,15,true_false,preview,15022,Nearly eight million people live in Quebec.,,true,,,
15024,15,select_blank,exercise,15022,Quebec's population is nearly ___ million.,eight|two|fifteen|twenty,0,,,
15025,15,true_false,exercise,15022,Quebec has a population of about one million.,,false,,,
15026,15,multiple_choice,exercise,15022,Where do most Quebecers live?,St. Lawrence|Arctic tundra|Pacific coast|The Prairies,0,,,
15027,15,multiple_choice,main,,What share of Quebecers speak French natively?,Over 3/4|About 1/10|Exactly half|Under 1/4,0,,,More than three-quarters of Quebecers speak French as their first language.
15028,15,true_false,preview,15027,Over three-quarters of Quebecers speak French natively.,,true,,,
15029,15,select_blank,exercise,15027,Over three-quarters of Quebecers speak ___ natively.,French|English|Spanish|Mandarin,0,,,
15030,15,true_false,exercise,15027,Most Quebecers speak French as their first language.,,true,,,
15031,15,multiple_choice,exercise,15027,Which best describes Quebec's dominant first language?,French|English|Bilingual equally|Indigenous languages,0,,,
15032,15,multiple_choice,main,,Which industry did Quebec's Canadian Shield help develop?,Forestry|Banking|Ranching|Retail,0,,,"The resources of the Canadian Shield have helped Quebec develop important industries, including forestry, energy and mining."
15033,15,true_false,preview,15032,"The Canadian Shield helped Quebec's forestry, energy, mining industries.",,true,,,
15034,15,multi_select,exercise,15032,Which industries came from Quebec's Canadian Shield resources?,Forestry|Mining|Energy|Banking,0|1|2,,,
15035,15,select_blank,exercise,15032,"Canadian Shield resources helped Quebec's forestry, energy, ___ industries.",mining|banking|tourism|retail,0,,,
15036,15,true_false,exercise,15032,The Canadian Shield has no connection to Quebec's industries.,,false,,,
15037,15,multiple_choice,main,,Quebec is Canada's main producer of what?,Pulp/paper|Wheat/oats|Oil/gas|Cattle/dairy,0,,,Quebec is Canada's main producer of pulp and paper.
15038,15,true_false,preview,15037,Quebec is Canada's main producer of pulp and paper.,,true,,,
15039,15,select_blank,exercise,15037,Quebec is Canada's main producer of pulp and ___.,paper|oil|wheat|steel,0,,,
15040,15,true_false,exercise,15037,Alberta is Canada's main producer of pulp and paper.,,false,,,
15041,15,multiple_choice,exercise,15037,Which product is Quebec best known for producing?,Pulp/paper|Potash|Uranium|Salmon,0,,,
15042,15,multiple_choice,main,,Why is Quebec Canada's largest hydro-electricity producer?,Fresh-water supply|Oil reserves|Strong winds|Coal deposits,0,,,The province's huge supply of fresh water has made Quebec Canada's largest producer of hydro-electricity.
15043,15,true_false,preview,15042,Quebec is Canada's largest producer of hydro-electricity.,,true,,,
15044,15,select_blank,exercise,15042,Quebec's huge supply of fresh ___ powers its hydro-electricity.,water|oil|coal|wind,0,,,
15045,15,true_false,exercise,15042,Quebec's hydro-electricity comes from its fresh water supply.,,true,,,
15046,15,multiple_choice,exercise,15042,Quebec leads Canada in producing which form of power?,Hydro-electricity|Nuclear power|Coal power|Solar power,0,,,
15047,15,multiple_choice,main,,Quebecers are leaders in which cutting-edge industries?,Pharmaceuticals/aeronautics|Fishing/mining|Ranching/wheat|Coal/steel,0,,,Quebecers are leaders in cutting-edge industries such as pharmaceuticals and aeronautics.
15048,15,true_false,preview,15047,Quebecers are leaders in pharmaceuticals and aeronautics.,,true,,,
15049,15,multi_select,exercise,15047,Which cutting-edge industries do Quebecers lead in?,Pharmaceuticals|Aeronautics|Coal mining|Wheat farming,0|1,,,
15050,15,select_blank,exercise,15047,Quebecers lead in pharmaceuticals and ___.,aeronautics|ranching|fishing|coal mining,0,,,
15051,15,true_false,exercise,15047,Quebec has no presence in the aeronautics industry.,,false,,,
15052,15,multiple_choice,main,,What is La Francophonie?,Francophone group|Quebec party|Hockey league|Trade deal,0,,,La Francophonie is an association of French-speaking nations.
15053,15,true_false,preview,15052,La Francophonie is an association of French-speaking nations.,,true,,,
15054,15,select_blank,exercise,15052,La Francophonie is an association of ___ nations.,French-speaking|English-speaking|Spanish-speaking|Arabic-speaking,0,,,
15055,15,true_false,exercise,15052,La Francophonie is a group of English-speaking countries.,,false,,,
15056,15,multiple_choice,exercise,15052,Quebec's culture has international stature especially where?,La Francophonie|The Commonwealth|NAFTA|Arctic Council,0,,,
15057,15,multiple_choice,main,,Which Quebec cultural exports have international stature?,Film/music/lit/food|Only sports|Only politics|Only architecture,0,,,"Quebec films, music, literary works and food have international stature, especially in La Francophonie."
15058,15,true_false,preview,15057,"Quebec films, music, literature and food have international stature.",,true,,,
15059,15,multi_select,exercise,15057,Which Quebec cultural exports are noted for international stature?,Films|Music|Literary works|Highways,0|1|2,,,
15060,15,select_blank,exercise,15057,Quebec ___ have gained international stature.,films/music|highways|zip codes|weather reports,0,,,
15061,15,true_false,exercise,15057,Quebec's cultural exports are unknown outside Canada.,,false,,,
15062,15,multiple_choice,main,,Montreal is Canada's what?,Second-largest city|Largest city|Capital city|Smallest city,0,,,Montreal is Canada's second largest city.
15063,15,true_false,preview,15062,Montreal is Canada's second largest city.,,true,,,
15064,15,select_blank,exercise,15062,Montreal is Canada's ___ largest city.,second|third|fifth|largest,0,,,
15065,15,true_false,exercise,15062,Montreal is Canada's largest city.,,false,,,
15066,15,multiple_choice,exercise,15062,Which city is Canada's second largest?,Montreal|Toronto|Vancouver|Ottawa,0,,,
15067,15,multiple_choice,main,,"Montreal is world's 2nd-largest French-speaking city, after which city?",Paris|Brussels|Geneva|Dakar,0,,,Montreal is the second largest mainly French-speaking city in the world after Paris.
15068,15,true_false,preview,15067,"Montreal is world's 2nd-largest French-speaking city, after Paris.",,true,,,
15069,15,select_blank,exercise,15067,"Montreal ranks 2nd worldwide among French-speaking cities, after ___.",Paris|London|Brussels|Rome,0,,,
15070,15,true_false,exercise,15067,Montreal is the largest French-speaking city in the world.,,false,,,
15071,15,multiple_choice,exercise,15067,Which city outranks Montreal among French-speaking cities?,Paris|Brussels|Geneva|Quebec City,0,,,
15072,15,multiple_choice,main,,Montreal is especially famous for what?,Cultural diversity|Oil production|Wheat farming|Coal mining,0,,,Montreal is famous for its cultural diversity.
15073,15,true_false,preview,15072,Montreal is famous for its cultural diversity.,,true,,,
15074,15,true_false,exercise,15072,Montreal has little cultural diversity.,,false,,,
15075,15,select_blank,exercise,15072,Montreal is famous for its cultural ___.,diversity|isolation|uniformity|scarcity,0,,,
15076,15,multiple_choice,exercise,15072,What trait defines Montreal's reputation?,Cultural diversity|Desert climate|Oil wealth|Coal exports,0,,,
15077,15,multiple_choice,main,,What is Quebec's capital city?,Québec City|Montreal|Ottawa|Toronto,0,,,Quebec's provincial capital is Québec City.
15078,15,true_false,preview,15077,Quebec's capital city is Québec City.,,true,,,
15079,15,true_false,exercise,15077,Montreal is Quebec's capital city.,,false,,,
15080,15,select_blank,exercise,15077,The capital of Quebec is ___ City.,Québec|Montreal|Toronto|Ottawa,0,,,
15081,15,multiple_choice,exercise,15077,Which city serves as Quebec's capital?,Québec City|Montreal|Gatineau|Laval,0,,,
15082,15,multiple_choice,main,,About how many people live in Ontario?,"Over 12M|About 2M|About 40M|About 500K",0,,,"At more than 12 million, the people of Ontario make up more than one-third of Canadians."
15083,15,true_false,preview,15082,Ontario's population is more than 12 million.,,true,,,
15084,15,select_blank,exercise,15082,Ontario's population is more than ___ million.,12|2|40|60,0,,,
15085,15,true_false,exercise,15082,Ontario's population makes up more than one-third of all Canadians.,,true,,,
15086,15,multiple_choice,exercise,15082,What share of Canadians live in Ontario?,Over 1/3|About 1/10|Exactly half|Under 1/20,0,,,
15087,15,multiple_choice,main,,Toronto is Canada's what?,Largest-city/financial-hub|Capital city|Smallest city|Fishing port,0,,,Toronto is the largest city in Canada and the country's main financial centre.
15088,15,true_false,preview,15087,Toronto is Canada's largest city and main financial centre.,,true,,,
15089,15,select_blank,exercise,15087,Toronto is Canada's largest city and main ___ centre.,financial|fishing|mining|farming,0,,,
15090,15,true_false,exercise,15087,Toronto is Canada's capital city.,,false,,,
15091,15,multiple_choice,exercise,15087,Which city is Canada's main financial centre?,Toronto|Ottawa|Montreal|Vancouver,0,,,
15092,15,true_false,exercise,15087,Toronto is the largest city in Canada.,,true,,,
15093,15,multiple_choice,main,,Ontario's service/manufacturing jobs produce much of what?,Canada's exports|Coal reserves|Wheat crop|Fisheries catch,0,,,"Many people in Ontario work in the service or manufacturing industries, which produce a large percentage of Canada's exports."
15094,15,true_false,preview,15093,Ontario's service/manufacturing industries produce much of Canada's exports.,,true,,,
15095,15,select_blank,exercise,15093,Ontario's manufacturing/service industries drive much of Canada's ___.,exports|rainfall|coastline|population,0,,,
15096,15,true_false,exercise,15093,Few Ontarians work in service or manufacturing industries.,,false,,,
15097,15,multiple_choice,exercise,15093,Which two industries employ many Ontarians?,Service/manufacturing|Fishing/forestry|Mining/ranching|Oil/gas only,0,,,
15098,15,multiple_choice,main,,The Niagara region of Ontario is known for what?,Vineyards/wine|Coal mines|Wheat fields|Oil rigs,0,,,"The Niagara region is known for its vineyards, wines and fruit crops."
15099,15,true_false,preview,15098,"Ontario's Niagara region is known for vineyards, wine, fruit.",,true,,,
15100,15,multi_select,exercise,15098,What is the Niagara region known for?,Vineyards|Wines|Fruit crops|Coal mining,0|1|2,,,
15101,15,select_blank,exercise,15098,Niagara region is known for its vineyards and ___.,wines|coal mines|oil wells|wheat fields,0,,,
15102,15,true_false,exercise,15098,The Niagara region is known for coal mining.,,false,,,
15103,15,multiple_choice,main,,"What do Ontario farmers raise, besides crops?",Dairy/beef cattle|Camels|Reindeer|Ostriches,0,,,"Ontario farmers raise dairy and beef cattle, poultry, and vegetable and grain crops."
15104,15,true_false,preview,15103,"Ontario farmers raise dairy and beef cattle, poultry, and crops.",,true,,,
15105,15,multi_select,exercise,15103,What do Ontario farmers raise?,Dairy cattle|Poultry|Grain crops|Camels,0|1|2,,,
15106,15,select_blank,exercise,15103,Ontario farmers raise dairy and beef ___.,cattle|reindeer|ostriches|camels,0,,,
15107,15,true_false,exercise,15103,Ontario has no dairy or beef cattle farming.,,false,,,
15108,15,multiple_choice,main,,Ontario was founded by whom?,UE Loyalists|Vikings|Fur traders|Royal Navy,0,,,"Ontario, like New Brunswick, was founded by United Empire Loyalists."
15109,15,true_false,preview,15108,Ontario was founded by United Empire Loyalists.,,true,,,
15110,15,select_blank,exercise,15108,Ontario was founded by United Empire ___.,Loyalists|Explorers|Pioneers|Settlers,0,,,
15111,15,true_false,exercise,15108,Ontario was founded by the Vikings.,,false,,,
15112,15,multiple_choice,exercise,15108,Which group founded Ontario?,UE Loyalists|Acadian settlers|Norse explorers|Spanish colonists,0,,,
15113,15,multiple_choice,main,,Ontario has the largest French-speaking population where?,Outside Quebec|North America|In Arctic|Outside Canada,0,,,"Ontario also has the largest French-speaking population outside of Quebec, with a proud history of preserving their language and culture."
15114,15,true_false,preview,15113,Ontario has the largest French-speaking population outside of Quebec.,,true,,,
15115,15,select_blank,exercise,15113,Ontario has the largest French-speaking population outside of ___.,Quebec|Ontario|Canada|Manitoba,0,,,
15116,15,true_false,exercise,15113,"New Brunswick's French population outnumbers Ontario's, outside Quebec.",,false,,,
15117,15,multiple_choice,exercise,15113,"Besides Quebec, which province has the largest French-speaking population?",Ontario|Alberta|Manitoba|Nova Scotia,0,,,
15118,15,multiple_choice,main,,How many Great Lakes border Ontario and the U.S.?,Five|Three|Seven|Two,0,,,There are five Great Lakes located between Ontario and the United States.
15119,15,true_false,preview,15118,Five Great Lakes lie between Ontario and the United States.,,true,,,
15120,15,select_blank,exercise,15118,There are ___ Great Lakes bordering Ontario and U.S.,five|three|seven|two,0,,,
15121,15,true_false,exercise,15118,There are five Great Lakes bordering Ontario.,,true,,,
15122,15,multiple_choice,exercise,15118,The Great Lakes lie between Ontario and which country?,United States|Mexico|Greenland|France,0,,,
15123,15,multiple_choice,main,,Which of these is a Great Lake?,Lake Superior|Lake Winnipeg|Bear Lake|Slave Lake,0,,,"The five Great Lakes are Lake Ontario, Lake Erie, Lake Huron, Lake Michigan (in the U.S.A.) and Lake Superior."
15124,15,true_false,preview,15123,Lake Superior is one of the five Great Lakes.,,true,,,
15125,15,multi_select,exercise,15123,Which are among the five Great Lakes?,Lake Erie|Lake Huron|Lake Superior|Lake Winnipeg,0|1|2,,,
15126,15,select_blank,exercise,15123,"The Great Lakes are Ontario, Erie, Huron, Michigan, ___.",Superior|Winnipeg|Athabasca|Manitoba,0,,,
15127,15,true_false,exercise,15123,Great Bear Lake is one of the five Great Lakes.,,false,,,
15128,15,multiple_choice,main,,Which is the largest freshwater lake in the world?,Lake Superior|Lake Ontario|Lake Erie|Lake Michigan,0,,,Lake Superior is the largest freshwater lake in the world.
15129,15,true_false,preview,15128,Lake Superior is the largest freshwater lake in the world.,,true,,,
15130,15,select_blank,exercise,15128,___ is the largest freshwater lake in the world.,Lake Superior|Lake Erie|Lake Huron|Lake Ontario,0,,,
15131,15,true_false,exercise,15128,Lake Erie is the largest freshwater lake in the world.,,false,,,
15132,15,multiple_choice,exercise,15128,Which Great Lake is world's largest freshwater lake?,Lake Superior|Lake Michigan|Lake Huron|Lake Ontario,0,,,
15133,15,multiple_choice,main,,What is Ontario's capital city?,Toronto|Ottawa|Hamilton|Kingston,0,,,Ontario's provincial capital is Toronto.
15134,15,true_false,preview,15133,Ontario's capital city is Toronto.,,true,,,
15135,15,true_false,exercise,15133,Ottawa is Ontario's provincial capital.,,false,,,
15136,15,select_blank,exercise,15133,Toronto is the capital of the province of ___.,Ontario|Quebec|Manitoba|Alberta,0,,,
15137,15,multiple_choice,exercise,15133,Which city is Ontario's provincial capital?,Toronto|Ottawa|Windsor|London,0,,,
16001,16,multiple_choice,main,,Which three provinces are the Prairie Provinces?,Manitoba/Saskatchewan/Alberta|Ontario/Quebec/Manitoba|B.C./Alberta/Yukon|Manitoba/Ontario/Alberta,0,,,"Manitoba, Saskatchewan and Alberta are the Prairie Provinces."
16002,16,true_false,preview,16001,"The Prairie Provinces are Manitoba, Saskatchewan and Alberta.",,true,,,
16003,16,select_blank,exercise,16001,"Manitoba, Saskatchewan and Alberta are the ___ Provinces.",Prairie|Atlantic|Maritime|Central,0,,,
16004,16,true_false,exercise,16001,British Columbia is one of the Prairie Provinces.,,false,,,
16005,16,multiple_choice,exercise,16001,How many provinces make up the Prairie Provinces?,Three|Two|Four|Five,0,,,
16006,16,true_false,exercise,16001,Alberta is one of the Prairie Provinces.,,true,,,
16007,16,multiple_choice,main,,What best describes the Prairie Provinces' climate?,Cold/hot extremes|Wet/mild year-round|Tropical/humid|Arctic year-round,0,,,"The Prairie region is mostly dry, with cold winters and hot summers."
16008,16,true_false,preview,16007,The Prairie Provinces have cold winters and hot summers.,,true,,,
16009,16,select_blank,exercise,16007,The Prairie Provinces region is mostly ___.,dry|tropical|rainy|humid,0,,,
16010,16,true_false,exercise,16007,The Prairie Provinces are rich in energy resources.,,true,,,
16011,16,multiple_choice,exercise,16007,Prairie Provinces have some of the world's most what?,Fertile farmland|Dense rainforest|Active volcanoes|Coral reefs,0,,,
16012,16,true_false,exercise,16007,"The Prairie Provinces have a wet, mild climate all year.",,false,,,
16013,16,multiple_choice,main,,"Manitoba's economy is based on agriculture, mining and what?",Hydro-electric power|Fishing exports|Film production|Textile manufacturing,0,,,"Manitoba's economy is based on agriculture, mining and hydro-electric power generation."
16014,16,true_false,preview,16013,"Manitoba's economy relies on agriculture, mining and hydro-electric power.",,true,,,
16015,16,multi_select,exercise,16013,Which industries power Manitoba's economy?,Agriculture|Mining|Hydro-electric power|Film production,0|1|2,,,
16016,16,true_false,exercise,16013,Hydro-electric power generation is part of Manitoba's economy.,,true,,,
16017,16,select_blank,exercise,16013,"Manitoba's economy uses agriculture, mining and hydro-electric ___.",power|banking|tourism|steel,0,,,
16018,16,multiple_choice,main,,What is Manitoba's most populous city?,Winnipeg|Brandon|Regina|Saskatoon,0,,,The province's most populous city is Winnipeg.
16019,16,true_false,preview,16018,Winnipeg is Manitoba's most populous city.,,true,,,
16020,16,true_false,exercise,16018,Regina is Manitoba's most populous city.,,false,,,
16021,16,select_blank,exercise,16018,Manitoba's most populous city is ___.,Winnipeg|Brandon|Regina|Calgary,0,,,
16022,16,multiple_choice,exercise,16018,Which city is the largest in Manitoba?,Winnipeg|Saskatoon|Edmonton|Victoria,0,,,
16023,16,multiple_choice,main,,What is Canada's most famous street intersection?,Portage/Main|Yonge/Bloor|Robson/Granville|Sparks/Elgin,0,,,"Winnipeg's Exchange District includes the most famous street intersection in Canada, Portage and Main."
16024,16,true_false,preview,16023,Portage and Main is Canada's most famous street intersection.,,true,,,
16025,16,select_blank,exercise,16023,Winnipeg's Exchange District includes intersection of Portage and ___.,Main|Bloor|King|Queen,0,,,
16026,16,true_false,exercise,16023,Portage and Main is located in Winnipeg.,,true,,,
16027,16,multiple_choice,exercise,16023,Portage and Main is found in which Winnipeg district?,Exchange District|Old Port|Distillery District|Financial Row,0,,,
16028,16,multiple_choice,main,,What is Winnipeg's French Quarter called?,St. Boniface|St. Albert|St. Vital|St. James,0,,,"Winnipeg's French Quarter, St. Boniface, has Western Canada's largest Francophone community at 45,000."
16029,16,true_false,preview,16028,Winnipeg's French Quarter is called St. Boniface.,,true,,,
16030,16,true_false,exercise,16028,St. Boniface has Western Canada's largest Francophone community.,,true,,,
16031,16,select_blank,exercise,16028,St. Boniface's Francophone community numbers about ___.,"45,000|4,500|450,000|15,000",0,,,
16032,16,multiple_choice,exercise,16028,St. Boniface has the largest Francophone community where?,Western Canada|Atlantic Canada|Northern Canada|Central Canada,0,,,
16033,16,multiple_choice,main,,About what share of Manitobans report Ukrainian origins?,14%|4%|40%|24%,0,,,"Manitoba is an important centre of Ukrainian culture, with 14% reporting Ukrainian origins."
16034,16,true_false,preview,16033,Manitoba is an important centre of Ukrainian culture.,,true,,,
16035,16,select_blank,exercise,16033,About ___ of Manitobans report Ukrainian origins.,14%|40%|4%|24%,0,,,
16036,16,true_false,exercise,16033,About 14% of Manitobans report Ukrainian origins.,,true,,,
16037,16,multiple_choice,exercise,16033,Manitoba is known as a centre of which culture?,Ukrainian culture|Icelandic culture|Welsh culture|Basque culture,0,,,
16038,16,multiple_choice,main,,Manitoba has the largest what of any province?,Aboriginal population|French population|Urban population|Immigrant population,0,,,"Manitoba has the largest Aboriginal population of any province, at over 15%."
16039,16,true_false,preview,16038,Manitoba has the largest Aboriginal population share of any province.,,true,,,
16040,16,select_blank,exercise,16038,Manitoba's Aboriginal population is over ___ of its total.,15%|5%|50%|25%,0,,,
16041,16,true_false,exercise,16038,Manitoba's Aboriginal population is over 15% of its total population.,,true,,,
16042,16,multiple_choice,exercise,16038,Which best describes Manitoba's Aboriginal population share?,Largest share|Smallest share|Average share|Zero,0,,,
16043,16,multiple_choice,main,,Saskatchewan was once known as the world's what?,Breadbasket|Icebox|Rainforest|Financial hub,0,,,"Saskatchewan was once known as the ""breadbasket of the world"" and the ""wheat province."""
16044,16,true_false,preview,16043,Saskatchewan was once called the 'breadbasket of the world.',,true,,,
16045,16,select_blank,exercise,16043,Saskatchewan was also known as the '___ province.',wheat|steel|oil|fishing,0,,,
16046,16,true_false,exercise,16043,Saskatchewan was once nicknamed the 'wheat province.',,true,,,
16047,16,multiple_choice,exercise,16043,Which nickname did Saskatchewan once hold?,World's breadbasket|Pacific gateway|Ocean playground|Gulf's garden,0,,,
16048,16,multiple_choice,main,,What share of Canada's arable land is in Saskatchewan?,40%|10%|60%|25%,0,,,Saskatchewan has 40% of the arable land in Canada and is the country's largest producer of grains and oilseeds.
16049,16,true_false,preview,16048,Saskatchewan has 40% of Canada's arable land.,,true,,,
16050,16,select_blank,exercise,16048,Saskatchewan is Canada's largest producer of grains and ___.,oilseeds|citrus fruit|tobacco|coffee,0,,,
16051,16,true_false,exercise,16048,Saskatchewan is Canada's largest producer of grains and oilseeds.,,true,,,
16052,16,multiple_choice,exercise,16048,What share of Canada's arable land lies in Saskatchewan?,40%|4%|75%|15%,0,,,
16053,16,multiple_choice,main,,Saskatchewan has world's richest deposits of uranium and what?,Potash|Copper|Diamonds|Silver,0,,,"Saskatchewan boasts the world's richest deposits of uranium and potash, used in fertilizer."
16054,16,true_false,preview,16053,Saskatchewan has the world's richest deposits of uranium and potash.,,true,,,
16055,16,select_blank,exercise,16053,Potash mined in Saskatchewan is used to make ___.,fertilizer|glass|steel|plastic,0,,,
16056,16,true_false,exercise,16053,Potash is mainly used in fertilizer.,,true,,,
16057,16,multiple_choice,exercise,16053,Which mineral deposits does Saskatchewan lead the world in?,Uranium/potash|Gold/silver|Diamonds/copper|Coal/iron,0,,,
16058,16,multiple_choice,main,,"Besides minerals, which energy resources does Saskatchewan produce?",Oil/natural gas|Coal/wind power|Solar power|Nuclear power,0,,,Saskatchewan produces oil and natural gas.
16059,16,true_false,preview,16058,Saskatchewan produces oil and natural gas.,,true,,,
16060,16,true_false,exercise,16058,Saskatchewan produces no oil or natural gas.,,false,,,
16061,16,select_blank,exercise,16058,Saskatchewan produces oil and natural ___.,gas|coal|steam|solar,0,,,
16062,16,multiple_choice,exercise,16058,Which energy resources does Saskatchewan produce?,Oil/natural gas|Wind/solar only|Coal only|Hydrogen only,0,,,
16063,16,multiple_choice,main,,What is Saskatchewan's capital city?,Regina|Saskatoon|Moose Jaw|Prince Albert,0,,,"Regina, the capital, is home to the training academy of the Royal Canadian Mounted Police."
16064,16,true_false,preview,16063,Regina is the capital of Saskatchewan.,,true,,,
16065,16,true_false,exercise,16063,The RCMP's training academy is located in Regina.,,true,,,
16066,16,select_blank,exercise,16063,Regina is home to training academy of the ___.,RCMP|Canadian Forces|Coast Guard|Canadian Rangers,0,,,
16067,16,multiple_choice,exercise,16063,Which national police force trains recruits in Regina?,RCMP|OPP|CBSA|Canadian Navy,0,,,
16068,16,multiple_choice,main,,What is Saskatchewan's largest city?,Saskatoon|Regina|Moose Jaw|Yorkton,0,,,"Saskatoon, the largest city, is the headquarters of the mining industry and an important educational, research and technology centre."
16069,16,true_false,preview,16068,Saskatoon is Saskatchewan's largest city.,,true,,,
16070,16,true_false,exercise,16068,Saskatoon is the headquarters of Saskatchewan's mining industry.,,true,,,
16071,16,select_blank,exercise,16068,"Saskatoon is an important educational, research and ___ centre.",technology|shipping|forestry|fishing,0,,,
16072,16,multiple_choice,exercise,16068,Saskatoon serves as headquarters for which industry?,Mining|Fishing|Forestry|Shipbuilding,0,,,
16073,16,multiple_choice,main,,Which is the most populous Prairie province?,Alberta|Manitoba|Saskatchewan|Yukon,0,,,Alberta is the most populous Prairie province.
16074,16,true_false,preview,16073,Alberta is the most populous Prairie province.,,true,,,
16075,16,true_false,exercise,16073,Manitoba is the most populous Prairie province.,,false,,,
16076,16,select_blank,exercise,16073,The most populous Prairie province is ___.,Alberta|Manitoba|Saskatchewan|Yukon,0,,,
16077,16,multiple_choice,exercise,16073,"Among the Prairie Provinces, which has the largest population?",Alberta|Saskatchewan|Manitoba|None,0,,,
16078,16,multiple_choice,main,,Alberta was named after whom?,Princess Louise|Queen Victoria|Princess Diana|Queen Elizabeth,0,,,"Alberta, and Lake Louise, were both named after Princess Louise Caroline Alberta, fourth daughter of Queen Victoria."
16079,16,true_false,preview,16078,Alberta was named after Princess Louise Caroline Alberta.,,true,,,
16080,16,true_false,exercise,16078,Princess Louise Caroline Alberta was a daughter of Queen Victoria.,,true,,,
16081,16,select_blank,exercise,16078,Princess Louise Caroline Alberta was Queen Victoria's ___ daughter.,fourth|first|only|second,0,,,
16082,16,multiple_choice,exercise,16078,Lake Louise was also named after which princess?,Princess Louise|Princess Margaret|Princess Anne|Princess Charlotte,0,,,
16083,16,true_false,exercise,16078,Lake Louise is located in the Rocky Mountains.,,true,,,
16084,16,multiple_choice,main,,In what year was Banff National Park established?,1885|1867|1905|1920,0,,,"Alberta has five national parks, including Banff National Park, established in 1885."
16085,16,true_false,preview,16084,Banff National Park was established in 1885.,,true,,,
16086,16,select_blank,exercise,16084,Alberta has ___ national parks.,five|two|ten|three,0,,,
16087,16,true_false,exercise,16084,Alberta has five national parks.,,true,,,
16088,16,multiple_choice,exercise,16084,Which is one of Alberta's national parks?,Banff NP|Gros Morne|Cape Breton|Point Pelee,0,,,
16089,16,multiple_choice,main,,Alberta's rugged Badlands are known for what?,Dinosaur fossils|Coral reefs|Ancient shipwrecks|Volcanic craters,0,,,The rugged Badlands house some of the world's richest deposits of prehistoric fossils and dinosaur finds.
16090,16,true_false,preview,16089,Alberta's Badlands hold world's richest dinosaur fossil deposits.,,true,,,
16091,16,true_false,exercise,16089,The Badlands are known for prehistoric fossils and dinosaur finds.,,true,,,
16092,16,select_blank,exercise,16089,Alberta's rugged ___ house rich prehistoric fossil deposits.,Badlands|Highlands|Wetlands|Foothills,0,,,
16093,16,multiple_choice,exercise,16089,What do Alberta's Badlands hold rich deposits of?,Prehistoric fossils|Coral reefs|Ice caves|Salt flats,0,,,
16094,16,multiple_choice,main,,Alberta is Canada's largest producer of what?,Oil/gas|Fish/seafood|Lumber/pulp|Diamonds/gold,0,,,"Alberta is the largest producer of oil and gas, and the oil sands in the north are being developed as a major energy source."
16095,16,true_false,preview,16094,Alberta is Canada's largest producer of oil and gas.,,true,,,
16096,16,true_false,exercise,16094,Alberta's oil sands are becoming a major energy source.,,true,,,
16097,16,select_blank,exercise,16094,Alberta's ___ in north are a major energy source.,oil sands|coal mines|wind farms|salt flats,0,,,
16098,16,multiple_choice,exercise,16094,Where are Alberta's oil sands located?,In north|On coast|In south|Under Regina,0,,,
16099,16,multiple_choice,main,,Alberta is especially renowned for which agriculture?,Cattle ranching|Rice farming|Cotton growing|Tobacco farming,0,,,"Alberta is renowned for agriculture, especially for the vast cattle ranches that make Canada one of the world's major beef producers."
16100,16,true_false,preview,16099,Alberta is renowned for its vast cattle ranches.,,true,,,
16101,16,true_false,exercise,16099,Canada is a major world beef producer thanks to Alberta.,,true,,,
16102,16,select_blank,exercise,16099,Alberta's cattle ranches make Canada a major ___ producer.,beef|dairy|poultry|pork,0,,,
16103,16,multiple_choice,exercise,16099,What does Alberta's ranching make Canada produce most?,Beef|Wool|Leather goods|Dairy,0,,,
17001,17,multiple_choice,main,,Which province is Canada's westernmost?,British Columbia|Alberta|Manitoba|Yukon,0,,,British Columbia sits on the Pacific coast and is Canada's westernmost province.
17002,17,true_false,preview,17001,British Columbia sits on Canada's Pacific coast.,,true,,,
17003,17,multiple_choice,exercise,17001,British Columbia is known as Canada's what?,Pacific gateway|Atlantic gateway|Arctic gateway|Prairie gateway,0,,,
17004,17,true_false,exercise,17001,British Columbia borders the Pacific Ocean.,,true,,,
17005,17,select_blank,exercise,17001,British Columbia is Canada's ___ province.,westernmost|easternmost|largest|smallest,0,,,
17006,17,multiple_choice,exercise,17001,B.C. is known for majestic what?,mountains|deserts|plains|swamps,0,,,
17007,17,multiple_choice,main,,What is British Columbia's population?,Four million|Twelve million|One million|Eight million,0,,,British Columbia has a population of about four million people.
17008,17,true_false,preview,17007,British Columbia has a population of four million.,,true,,,
17009,17,select_blank,exercise,17007,B.C.'s population is about ___ million.,four|forty|fourteen|forty-four,0,,,
17010,17,true_false,exercise,17007,B.C.'s population is over one million people.,,true,,,
17011,17,multiple_choice,exercise,17007,Which is closest to B.C.'s population?,4 million|400 thousand|40 million|14 million,0,,,
17012,17,multiple_choice,main,,What is the Port of Vancouver known for?,Busiest port|Oldest port|River dock|Fishing pier,0,,,The Port of Vancouver is Canada's largest and busiest port.
17013,17,true_false,preview,17012,The Port of Vancouver is Canada's largest port.,,true,,,
17014,17,multiple_choice,exercise,17012,The Port of Vancouver is Canada's gateway to?,Asia-Pacific|Europe|South America|Africa,0,,,
17015,17,true_false,exercise,17012,The Port of Vancouver handles billions of dollars in goods.,,true,,,
17016,17,select_blank,exercise,17012,The Port of Vancouver is Canada's ___ port.,largest|smallest|newest|oldest,0,,,
17017,17,multiple_choice,exercise,17012,Which city has Canada's busiest port?,Vancouver|Victoria|Toronto|Halifax,0,,,
17018,17,multiple_choice,main,,What gives the B.C. coast its climate?,Pacific airstreams|Arctic winds|Desert winds|Atlantic currents,0,,,Warm airstreams from the Pacific Ocean give the B.C. coast a temperate climate.
17019,17,true_false,preview,17018,The B.C. coast has a temperate climate.,,true,,,
17020,17,select_blank,exercise,17018,Warm airstreams from the ___ Ocean warm B.C.'s coast.,Pacific|Atlantic|Arctic|Indian,0,,,
17021,17,true_false,exercise,17018,The B.C. coast has a harsh Arctic climate.,,false,,,"Warm Pacific airstreams give the B.C. coast a temperate climate, not an Arctic one."
17022,17,multiple_choice,exercise,17018,What type of climate does the B.C. coast have?,Temperate|Arctic|Desert|Tropical,0,,,
17023,17,multiple_choice,main,,About how much of B.C.'s goods are forestry products?,One-half|One-tenth|One-quarter|Nearly all,0,,,About one-half of all goods produced in B.C. are forestry products.
17024,17,true_false,preview,17023,Forestry is a major B.C. industry.,,true,,,
17025,17,multiple_choice,exercise,17023,B.C. forestry products include lumber and what else?,Newsprint/pulp|Steel/iron|Textiles/cloth|Plastic/rubber,0,,,
17026,17,true_false,exercise,17023,B.C. has Canada's most valuable forestry industry.,,true,,,
17027,17,select_blank,exercise,17023,B.C.'s forestry industry is Canada's most ___.,valuable|wasteful|recent|smallest,0,,,
17028,17,multiple_choice,exercise,17023,Which industry makes up about half of B.C.'s output?,Forestry|Fishing|Mining|Tourism,0,,,
17029,17,multiple_choice,main,,The Okanagan Valley is known for orchards and what?,Wine industry|Coal mining|Steel mills|Shipbuilding,0,,,The Okanagan Valley is known for its fruit orchards and wine industry.
17030,17,true_false,preview,17029,The Okanagan Valley has a wine industry.,,true,,,
17031,17,multiple_choice,exercise,17029,"Besides forestry, B.C. is known for mining and what?",Fishing|Wheat farming|Auto manufacturing|Oil sands,0,,,
17032,17,true_false,exercise,17029,B.C. is known for mining and fishing.,,true,,,
17033,17,select_blank,exercise,17029,The Okanagan Valley is known for orchards and ___.,wine|coal|steel|cotton,0,,,
17034,17,multiple_choice,main,,About how many provincial parks does B.C. have?,Six hundred|Sixty|Six thousand|Six,0,,,B.C. has the most extensive park system in Canada with approximately 600 provincial parks.
17035,17,true_false,preview,17034,B.C. has an extensive provincial park system.,,true,,,
17036,17,true_false,exercise,17034,B.C. has about 600 provincial parks.,,true,,,
17037,17,multiple_choice,exercise,17034,B.C.'s park system is described as Canada's most what?,Extensive|Expensive|Crowded|Recent,0,,,
17038,17,select_blank,exercise,17034,B.C. has the most extensive ___ system in Canada.,park|highway|rail|port,0,,,
17039,17,multiple_choice,main,,"After English, which languages are spoken in B.C. cities?",Chinese/Punjabi|French/Spanish|German/Italian|Cree/Inuktitut,0,,,B.C.'s large Asian communities have made Chinese and Punjabi the most spoken languages after English.
17040,17,true_false,preview,17039,Chinese is widely spoken in B.C. cities.,,true,,,
17041,17,true_false,exercise,17039,Punjabi is among the most spoken languages in B.C. cities.,,true,,,
17042,17,multiple_choice,exercise,17039,B.C.'s large Asian communities influence what?,Languages spoken|Provincial capital|Climate|Currency,0,,,
17043,17,select_blank,exercise,17039,"Besides Punjabi, ___ is widely spoken in B.C.",Chinese|French|German|Spanish,0,,,
17044,17,multiple_choice,main,,What is the capital of British Columbia?,Victoria|Vancouver|Kelowna|Prince George,0,,,Victoria is the capital of British Columbia and headquarters of the navy's Pacific fleet.
17045,17,true_false,preview,17044,Victoria is the capital of British Columbia.,,true,,,
17046,17,true_false,exercise,17044,Victoria is a tourist centre.,,true,,,
17047,17,multiple_choice,exercise,17044,Victoria is headquarters of which fleet?,Pacific fleet|Coast Guard|Air Force|Army brigade,0,,,
17048,17,select_blank,exercise,17044,Victoria is headquarters of the navy's ___ fleet.,Pacific|Atlantic|Arctic|Northern,0,,,
17049,17,multiple_choice,exercise,17044,"Which city is B.C.'s capital, not its largest?",Victoria|Vancouver|Surrey|Kelowna,0,,,
18001,18,multiple_choice,main,,The N.W.T. formed from Rupert's Land and which territory?,North-Western Territory|Hudson's Bay|New France|Acadia,0,,,The Northwest Territories were formed in 1870 from Rupert's Land and the North-Western Territory.
18002,18,true_false,preview,18001,The N.W.T. formed in 1870 from Rupert's Land.,,true,,,
18003,18,true_false,exercise,18001,The Northwest Territories formed in 1867.,,false,,,
18004,18,multiple_choice,exercise,18001,The N.W.T. were formed in which year?,1870|1867|1905|1999,0,,,
18005,18,select_blank,exercise,18001,The N.W.T. formed from Rupert's Land and ___ Territory.,North-Western|Southern|Eastern|Pacific,0,,,
18006,18,true_false,exercise,18001,Rupert's Land helped form the Northwest Territories.,,true,,,
18007,18,multiple_choice,main,,What is Yellowknife's nickname?,Diamond capital|Gold capital|Oil capital|Fur capital,0,,,"Yellowknife, the N.W.T.'s capital, has a population of about 20,000 and is called the diamond capital of North America."
18008,18,select_blank,preview,18007,Yellowknife is called the ___ capital of North America.,diamond|gold|silver|coal,0,,,
18009,18,true_false,exercise,18007,Yellowknife is the capital of the Northwest Territories.,,true,,,
18010,18,multiple_choice,exercise,18007,Yellowknife's population is about?,"20,000|200,000|2,000|2 million",0,,,
18011,18,multiple_choice,exercise,18007,Why is Yellowknife called the diamond capital?,Diamond mining|Diamond-shaped city|Diamond store|Diamond mascot,0,,,
18012,18,true_false,exercise,18007,Yellowknife is Nunavut's capital.,,false,,,
18013,18,multiple_choice,main,,Which groups make up over half the N.W.T.'s people?,Dene/Inuit/Métis|English/French/Métis|Cree/Ojibwe/Inuit|Haida/Salish/Métis,0,,,"More than half the population of the Northwest Territories is Aboriginal: Dene, Inuit and Métis."
18014,18,true_false,preview,18013,More than half of the N.W.T. is Aboriginal.,,true,,,
18015,18,true_false,exercise,18013,"Dene, Inuit and Métis form most of the N.W.T.'s people.",,true,,,
18016,18,multiple_choice,exercise,18013,The N.W.T. population is mostly?,Aboriginal|European|Asian|American,0,,,
18017,18,select_blank,exercise,18013,"The N.W.T. population is mostly ___, Inuit and Métis.",Dene|Cree|Iroquois|Mohawk,0,,,
18018,18,true_false,exercise,18013,Less than 10% of the N.W.T. is Aboriginal.,,false,,,
18019,18,multiple_choice,main,,What ranks the Mackenzie River in North America?,2nd-longest river|Longest river|Widest river|Shortest river,0,,,"The Mackenzie River is 4,200 kilometres long, the second-longest river system in North America after the Mississippi, draining 1.8 million square kilometres."
18020,18,select_blank,preview,18019,The Mackenzie is North America's ___ longest river.,second|third|longest|fourth,0,,,
18021,18,multiple_choice,exercise,18019,The Mackenzie River is about how long?,"4,200 km|400 km|42,000 km|1,800 km",0,,,
18022,18,true_false,exercise,18019,The Mississippi river system is longer than the Mackenzie.,,true,,,
18023,18,multiple_choice,exercise,18019,The Mackenzie River drains an area of about?,"1.8M km²|180,000 km²|18,000 km²|800,000 km²",0,,,
18024,18,true_false,exercise,18019,The Mackenzie River flows through the Northwest Territories.,,true,,,
18025,18,multiple_choice,main,,How much of Canada's land do the territories cover?,One-third|One-tenth|Half|Two-thirds,0,,,"The Northwest Territories, Nunavut and Yukon contain one-third of Canada's land mass but have a population of only 100,000."
18026,18,true_false,preview,18025,The three territories cover one-third of Canada's land.,,true,,,
18027,18,multiple_choice,exercise,18025,The three territories' combined population is about?,"100,000|1 million|10,000|10 million",0,,,
18028,18,true_false,exercise,18025,"The North has far more land than people, proportionally.",,true,,,
18029,18,select_blank,exercise,18025,The three territories hold one-___ of Canada's land mass.,third|quarter|half|tenth,0,,,
18030,18,true_false,exercise,18025,"Yukon, N.W.T. and Nunavut together are the three territories.",,true,,,
18031,18,multiple_choice,main,,Which of these is mined in the North?,Diamonds|Aluminum|Titanium|Steel,0,,,"The territories have gold, lead, copper, diamond and zinc mines."
18032,18,true_false,preview,18031,Gold is mined in the North.,,true,,,
18033,18,true_false,exercise,18031,Diamonds are mined in the Northern territories.,,true,,,
18034,18,multiple_choice,exercise,18031,"Besides gold, which metal is also mined up North?",Zinc|Aluminum|Titanium|Platinum,0,,,
18035,18,true_false,exercise,18031,Copper is one of the North's mined resources.,,true,,,
18036,18,multiple_choice,exercise,18031,Lead mining occurs in which region?,The territories|Southern Ontario|The Prairies|Quebec only,0,,,
18037,18,multiple_choice,main,,What energy resources are being developed in the North?,Oil/gas|Coal only|Solar only|Wind only,0,,,Oil and gas deposits are being developed across the Northern territories.
18038,18,true_false,preview,18037,Oil and gas deposits are being developed in the North.,,true,,,
18039,18,true_false,exercise,18037,The North has no oil or gas development.,,false,,,
18040,18,multiple_choice,exercise,18037,"Besides mining, what industry is growing North?",Oil/gas|Fishing fleets|Car manufacturing|Textiles,0,,,
18041,18,true_false,exercise,18037,Gas deposits are found in Canada's Northern territories.,,true,,,
18042,18,multiple_choice,main,,Why is the North nicknamed the Midnight Sun?,24-hour daylight|No moonlight|Bright stars|Long twilight,0,,,"At the height of summer, daylight can last up to 24 hours; in winter the sun disappears for three months."
18043,18,select_blank,preview,18042,North is called the Land of the ___ Sun.,Midnight|Morning|Rising|Setting,0,,,
18044,18,true_false,exercise,18042,"In summer, the North can have 24 hours of daylight.",,true,,,
18045,18,multiple_choice,exercise,18042,"In Northern winter, the sun disappears for about?",Three months|One week|One month|Six months,0,,,
18046,18,true_false,exercise,18042,Northern winters bring total darkness for months.,,true,,,
18047,18,multiple_choice,exercise,18042,Summer daylight at its peak up North lasts?,24 hours|Stops entirely|Noon only|Fades quickly,0,,,
18048,18,multiple_choice,main,,How would you describe Northern winters?,Long/cold|Short/mild|Warm/wet|Brief/hot,0,,,The Northern territories have long cold winters and short cool summers.
18049,18,true_false,preview,18048,"The North has long, cold winters.",,true,,,
18050,18,true_false,exercise,18048,Northern summers are typically long and hot.,,false,,,
18051,18,multiple_choice,exercise,18048,How would you describe Northern summers?,Short/cool|Long/hot|Warm/dry|Rainy/mild,0,,,
18052,18,true_false,exercise,18048,The North's summers are short and cool.,,true,,,
18053,18,multiple_choice,main,,What best describes Northern tundra?,Treeless plain|Pine forest|Sandy desert|Green hills,0,,,"Much of the North is made up of tundra, the vast rocky Arctic plain; because of the cold climate there are no trees and the soil is permanently frozen."
18054,18,select_blank,preview,18053,Much of the North is made up of ___.,tundra|rainforest|prairie|desert sand,0,,,
18055,18,true_false,exercise,18053,Tundra soil is permanently frozen.,,true,,,
18056,18,multiple_choice,exercise,18053,Why are there no trees on the tundra?,Cold climate|Heavy rainfall|Frequent wildfires|Sandy soil,0,,,
18057,18,true_false,exercise,18053,Trees grow abundantly across the tundra.,,false,,,
18058,18,multiple_choice,exercise,18053,Tundra is best described as?,Rocky plain|Tropical jungle|Farmland|Wetland marsh,0,,,
18059,18,multiple_choice,main,,Which traditional activities remain part of Northern life?,Hunting/trapping|Farming/ranching|Deep-sea whaling|Vineyard harvesting,0,p50-inuit-boy-hunting.jpeg,,"Some Northerners continue to earn a living by hunting, fishing and trapping."
18060,18,true_false,preview,18059,Some Northerners still earn a living by hunting and fishing.,,true,,,
18061,18,true_false,exercise,18059,Trapping is still practised by some Northerners.,,true,,,
18062,18,multiple_choice,exercise,18059,What else do some Northerners do for a living?,Fishing|Farming|Logging|Ranching,0,,,
18063,18,true_false,exercise,18059,No traditional hunting or fishing happens in the North today.,,false,,,
18064,18,multiple_choice,main,,Where is Inuit art sold?,Canada/worldwide|Nunavut only|Museums only|Europe only,0,,,Inuit art is sold throughout Canada and around the world.
18065,18,true_false,preview,18064,Inuit art is sold around the world.,,true,,,
18066,18,true_false,exercise,18064,Inuit art has an international market.,,true,,,
18067,18,multiple_choice,exercise,18064,Inuit art is an important part of the North's?,Economy/culture|Military history|Legal system|Election process,0,,,
18068,18,true_false,exercise,18064,Inuit art is not sold outside the North.,,false,,,
18069,18,multiple_choice,main,,What drew miners to Yukon in the 1890s?,Gold Rush|Oil boom|Diamond rush|Silver strike,0,,,"Thousands of miners came to the Yukon during the Gold Rush of the 1890s, celebrated in the poetry of Robert W. Service. Mining remains significant to Yukon's economy."
18070,18,true_false,preview,18069,Thousands of miners rushed to the Yukon in the 1890s.,,true,,,
18071,18,multiple_choice,exercise,18069,Which poet celebrated the Yukon Gold Rush?,R.W. Service|Robert Frost|E.J. Pratt|Bliss Carman,0,,,
18072,18,true_false,exercise,18069,The Yukon Gold Rush happened in the 1890s.,,true,,,
18073,18,multiple_choice,exercise,18069,Mining remains significant to which territory's economy?,Yukon|Nunavut|Ontario|Manitoba,0,,,
18074,18,true_false,exercise,18069,Robert W. Service wrote poetry about the Gold Rush.,,true,,,
18075,18,multiple_choice,main,,What is the capital of Yukon?,Whitehorse|Yellowknife|Iqaluit|Dawson City,0,,,Whitehorse is Yukon's territorial capital.
18076,18,select_blank,preview,18075,Yukon's capital city is ___.,Whitehorse|Yellowknife|Iqaluit|Dawson City,0,,,
18077,18,true_false,exercise,18075,Whitehorse is the capital of Yukon.,,true,,,
18078,18,multiple_choice,exercise,18075,Which of these is Yukon's territorial capital?,Whitehorse|Yellowknife|Iqaluit|Frobisher Bay,0,,,
18079,18,true_false,exercise,18075,Yellowknife is the capital of Yukon.,,false,,,
18080,18,multiple_choice,main,,The White Pass and Yukon Railway connects Whitehorse to?,"Skagway, Alaska|Vancouver, B.C.|Anchorage, Alaska|Seattle, Washington",0,,,The White Pass and Yukon Railway opened from Skagway in Alaska to Whitehorse in 1900 and offers a spectacular tourist excursion across precipitous passes and bridges.
18081,18,true_false,preview,18080,The White Pass and Yukon Railway opened in 1900.,,true,,,
18082,18,multiple_choice,exercise,18080,White Pass and Yukon Railway opened which year?,1900|1870|1999|1867,0,,,
18083,18,true_false,exercise,18080,The railway crosses precipitous mountain passes and bridges.,,true,,,
18084,18,multiple_choice,exercise,18080,What kind of trip does the railway offer today?,Scenic excursion|Cargo route|Subway ride|Ferry crossing,0,,,
18085,18,multiple_choice,main,,"What is Canada's coldest recorded temperature, set in Yukon?",-63°C|-40°C|-100°C|-20°C,0,,,"Yukon holds the record for the coldest temperature ever recorded in Canada, -63°C."
18086,18,true_false,preview,18085,Yukon holds Canada's coldest temperature record.,,true,,,
18087,18,true_false,exercise,18085,Canada's coldest-ever temperature was recorded in Yukon.,,true,,,
18088,18,multiple_choice,exercise,18085,Yukon's record cold temperature is close to?,-63°C|-15°C|0°C|-90°C,0,,,
18089,18,true_false,exercise,18085,Nunavut holds Canada's coldest temperature record.,,false,,,
18090,18,multiple_choice,main,,"Where is Mount Logan, Canada's highest peak, located?",Yukon|Nunavut|British Columbia|Alberta,0,p50-mount-logan.jpeg,,"Mount Logan, located in the Yukon, is the highest mountain in Canada."
18091,18,true_false,preview,18090,Mount Logan is Canada's highest mountain.,,true,,,
18092,18,multiple_choice,exercise,18090,Mount Logan is named after?,William Logan|John Macdonald|Martin Frobisher|Robert Service,0,,,
18093,18,true_false,exercise,18090,Mount Logan is located in the Northwest Territories.,,false,,,
18094,18,true_false,exercise,18090,Mount Logan is the tallest mountain in Canada.,,true,,,
18095,18,multiple_choice,main,,What did Sir William Logan found and direct?,Geological Survey|BoC|Canadian Museum|Yukon Railway,0,p50-william-logan.jpeg,,"Sir William Logan, a world-famous geologist born in Montreal in 1798 to Scottish immigrant parents, founded and directed the Geological Survey of Canada from 1842 to 1869."
18096,18,true_false,preview,18095,Sir William Logan was a famous Canadian geologist.,,true,,,
18097,18,multiple_choice,exercise,18095,Sir William Logan was born in which city?,Montreal|Toronto|Halifax|Quebec City,0,,,
18098,18,true_false,exercise,18095,Sir William Logan directed the Geological Survey of Canada.,,true,,,
18099,18,multiple_choice,exercise,18095,Sir William Logan's parents were immigrants from?,Scotland|Ireland|England|Wales,0,,,
18100,18,true_false,exercise,18095,Mount Logan is named after Sir William Logan.,,true,,,
18101,18,multiple_choice,main,,When was Nunavut established as a territory?,1999|1867|1905|1949,0,,,"Nunavut, meaning ""our land"" in Inuktitut, was established in 1999 from the eastern part of the Northwest Territories, including the former District of Keewatin."
18102,18,true_false,preview,18101,Nunavut was created in 1999.,,true,,,
18103,18,multiple_choice,exercise,18101,What does 'Nunavut' mean in Inuktitut?,Our land|Northern star|Great river|Ice land,0,,,
18104,18,true_false,exercise,18101,Nunavut was formed from eastern Northwest Territories.,,true,,,
18105,18,multiple_choice,exercise,18101,Nunavut was created from land formerly called?,Keewatin District|Mackenzie District|Rupert's Land|Acadia,0,,,
18106,18,true_false,exercise,18101,Nunavut has existed since Confederation in 1867.,,false,,,
18107,18,multiple_choice,main,,"What is Nunavut's capital, formerly called Frobisher Bay?",Iqaluit|Whitehorse|Yellowknife|Rankin Inlet,0,,,"Nunavut's capital is Iqaluit, formerly Frobisher Bay, named after the English explorer Martin Frobisher, who explored the uncharted Arctic in 1576."
18108,18,select_blank,preview,18107,Nunavut's capital is ___.,Iqaluit|Whitehorse|Yellowknife|Frobisher Bay,0,,,
18109,18,true_false,exercise,18107,Iqaluit was once named Frobisher Bay.,,true,,,
18110,18,multiple_choice,exercise,18107,Frobisher Bay was named after which explorer?,Martin Frobisher|Henry Hudson|John Cabot|Jacques Cartier,0,,,
18111,18,true_false,exercise,18107,Martin Frobisher explored the Arctic in the 1500s.,,true,,,
18112,18,multiple_choice,exercise,18107,Iqaluit is the capital of which territory?,Nunavut|Yukon|Northwest Territories|Manitoba,0,,,
18113,18,multiple_choice,main,,How does Nunavut's Legislative Assembly choose its premier?,Consensus|Party vote|PM appointment|Royal decree,0,,,"Nunavut's 19-member Legislative Assembly chooses a premier and ministers by consensus, without political parties."
18114,18,true_false,preview,18113,Nunavut's Legislative Assembly has 19 members.,,true,,,
18115,18,multiple_choice,exercise,18113,How many members sit in Nunavut's Legislative Assembly?,19|10|50|100,0,,,
18116,18,true_false,exercise,18113,Nunavut's government operates through political parties.,,false,,,
18117,18,true_false,exercise,18113,Nunavut's ministers are chosen by consensus.,,true,,,
18118,18,multiple_choice,main,,About what share of Nunavut's population is Inuit?,About 85%|About 25%|About 50%|About 10%,0,,,"Nunavut's population is about 85% Inuit, and Inuktitut is an official language and the first language taught in schools."
18119,18,true_false,preview,18118,Most of Nunavut's population is Inuit.,,true,,,
18120,18,true_false,exercise,18118,Inuktitut is an official language in Nunavut.,,true,,,
18121,18,multiple_choice,exercise,18118,What is the first language taught in Nunavut's schools?,Inuktitut|French|English|Dene,0,,,
18122,18,true_false,exercise,18118,Nunavut's population is mostly non-Indigenous.,,false,,,
18123,18,multiple_choice,main,,What role do Canadian Rangers play North?,Arctic patrols|Postal service|Diamond mining|Tourist hotels,0,p50-canadian-rangers.jpeg,,"The Canadian Rangers, part of the Canadian Forces Reserves, patrol Canada's vast North, travelling by snowmobile in winter and all-terrain vehicles in summer from Resolute to the Magnetic North Pole."
18124,18,true_false,preview,18123,The Canadian Rangers help patrol Canada's Arctic.,,true,,,
18125,18,multiple_choice,exercise,18123,How do Canadian Rangers travel in winter?,By snowmobile|By car|By train|By canoe,0,,,
18126,18,true_false,exercise,18123,The Canadian Rangers are part of the Canadian Forces Reserves.,,true,,,
18127,18,multiple_choice,exercise,18123,The Canadian Rangers patrol from Resolute to?,Magnetic Pole|Ottawa|Vancouver Island|Niagara Falls,0,,,
18128,18,true_false,exercise,18123,Canadian Rangers use all-terrain vehicles in summer.,,true,,,
18129,18,multiple_choice,main,,What game animal symbolizes Canada's North?,Caribou|Polar bear|Beaver|Moose,0,p50-caribou.jpeg,,The caribou (reindeer) is popular game for hunters and a symbol of Canada's North.
18130,18,true_false,preview,18129,The caribou is a symbol of Canada's North.,,true,,,
18131,18,true_false,exercise,18129,Caribou are also known as reindeer.,,true,,,
18132,18,multiple_choice,exercise,18129,Caribou are hunted mainly for?,Game|Racing|Farming wool|Zoo display,0,,,
18133,18,true_false,exercise,18129,"Moose, not caribou, is Canada's Northern symbol.",,false,,,
19001,19,true_false,preview,19002,The Charter protects freedom of conscience and religion.,,true,,,This is one of Canada's four fundamental freedoms guaranteed by the Charter of Rights and Freedoms.
19002,19,multiple_choice,main,,Which is a fundamental freedom under the Charter?,Conscience/religion|Free mail|Military draft|Free tuition,0,,,"The Charter guarantees fundamental freedoms including conscience and religion, thought, expression, peaceful assembly and association."
19003,19,multiple_choice,exercise,19002,Which fundamental freedom protects free speech?,Thought/expression|Mobility rights|Legal rights|Voting rights,0,,,"Freedom of thought, belief, opinion and expression is a fundamental freedom, protecting speech and press."
19004,19,true_false,exercise,19002,The Charter protects freedom of peaceful assembly.,,true,,,"Peaceful assembly is one of the Charter's four fundamental freedoms, letting Canadians gather peacefully."
19005,19,select_blank,exercise,19002,Freedom of ___ lets Canadians choose their own beliefs.,conscience/religion|mobility|voting|legal aid,0,,,Freedom of conscience and religion protects each person's right to hold their own religious beliefs.
19011,19,true_false,preview,19012,Jury duty is a legal responsibility.,,true,,,Canadians who are called for jury duty are legally required to serve.
19012,19,multiple_choice,main,,What is a legal responsibility of citizens?,Jury duty|No taxes|Skip elections|Avoid duty,0,,,Serving on a jury when called is a legal responsibility of Canadian citizens.
19013,19,multiple_choice,exercise,19012,What must you do if summoned for jury duty?,Must serve|Ignore summons|Pay fine|Ask lawyer,0,,,"Serving on a jury when called is a legal responsibility, not an optional choice."
19014,19,true_false,exercise,19012,Voting in elections is a citizen responsibility.,,true,,,Citizens are expected to vote in elections at all levels of government.
19015,19,select_blank,exercise,19012,Obeying the law means no one is ___ it.,above|below|outside|beyond,0,,,"Obeying the law means that no person or group, including officials, is above the law."
19021,19,true_false,preview,19022,Multiculturalism means celebrating diverse cultures.,,true,,,"Canada's approach to diversity is multiculturalism, where different cultures are celebrated rather than erased."
19022,19,multiple_choice,main,,What does multiculturalism in Canada mean?,Celebrating diversity|Forced assimilation|Only English|Cultural isolation,0,,,Multiculturalism means Canadians celebrate their diverse cultural backgrounds together as one country.
19023,19,multiple_choice,exercise,19022,How does Canada approach cultural diversity?,Multiculturalism|Forced assimilation|Cultural isolation|Official culture,0,,,Canada's official policy toward its diverse population is multiculturalism.
19024,19,true_false,exercise,19022,Newcomers are expected to embrace democratic principles.,,true,,,"In becoming Canadian, newcomers are expected to embrace democratic principles such as the rule of law."
19025,19,select_blank,exercise,19022,Canadians share a common ___ identity.,Canadian|foreign|provincial|tribal,0,,,Canada's diverse groups sharing a common Canadian identity make up a multicultural society.
19031,19,true_false,preview,19032,Canada became a country in 1867.,,true,,,"Confederation, the founding of Canada, took place in 1867."
19032,19,multiple_choice,main,,In what year did Canada become a country?,1867|1901|1931|1982,0,,,Canada became a country through Confederation in 1867.
19033,19,multiple_choice,exercise,19032,Which act created the Dominion of Canada?,BNA Act|Quebec Act|Constitutional Act|Indian Act,0,,,"The British North America Act (BNA Act), passed in 1867, created the Dominion of Canada."
19034,19,true_false,exercise,19032,"Ontario, Quebec, Nova Scotia, New Brunswick founded Canada in 1867.",,true,,,These four provinces together formed the new Dominion of Canada in 1867.
19035,19,select_blank,exercise,19032,Confederation happened in ___.,1867|1901|1931|1982,0,,,"Canada's Confederation, the union of the founding provinces, occurred in 1867."
19041,19,true_false,preview,19042,Canada captured Vimy Ridge in April 1917.,,true,,,The Canadian Corps captured Vimy Ridge in April 1917 during the First World War.
19042,19,multiple_choice,main,,Which April 1917 battle symbolizes Canadian nationhood?,Vimy Ridge|Dieppe|Juno Beach|Ypres,0,,,"The Canadian Corps captured Vimy Ridge in April 1917, a battle often seen as a symbol of Canadian nationhood."
19043,19,multiple_choice,exercise,19042,In which war was Vimy Ridge fought?,WWI|WWII|Korean War|War 1812,0,,,The Battle of Vimy Ridge took place in April 1917 during the First World War.
19044,19,true_false,exercise,19042,Canada suffered heavy losses capturing Vimy Ridge.,,true,,,"The Canadian Corps captured Vimy Ridge in April 1917, with 10,000 killed or wounded."
19045,19,select_blank,exercise,19042,Vimy Ridge was captured in ___.,1917|1918|1944|1945,0,,,The Canadian Corps captured Vimy Ridge in April 1917.
19051,19,true_false,preview,19052,Louis Riel led the Metis resistance.,,true,,,Louis Riel led the Metis resistance movements against the federal government.
19052,19,multiple_choice,main,,Who led the Metis resistance movements?,Louis Riel|John Macdonald|Wilfrid Laurier|George Cartier,0,,,Louis Riel led the Metis resistance movements of 1869-70 and 1885.
19053,19,multiple_choice,exercise,19052,Where was Riel's 1885 rebellion?,Saskatchewan|Manitoba|Ontario|Quebec,0,,,A second Metis rebellion in 1885 took place in present-day Saskatchewan.
19054,19,true_false,exercise,19052,Riel was tried for treason after the 1885 rebellion.,,true,,,Louis Riel's trial for treason and execution followed the 1885 rebellion in Saskatchewan.
19055,19,select_blank,exercise,19052,Riel is remembered as father of ___.,Manitoba|Ontario|Confederation|the RCMP,0,,,Many Canadians remember Louis Riel as a defender of Metis rights and the father of Manitoba.
19061,19,true_false,preview,19062,Five Great Lakes border Ontario.,,true,,,Five Great Lakes lie along the border between Ontario and the United States.
19062,19,multiple_choice,main,,How many Great Lakes border Ontario and the U.S.A.?,Five|Three|Seven|Two,0,,,There are five Great Lakes located between Ontario and the United States.
19063,19,multiple_choice,exercise,19062,Which is one of the five Great Lakes?,Lake Superior|Lake Winnipeg|Great-Bear Lake|Great-Slave Lake,0,,,"The five Great Lakes are Ontario, Erie, Huron, Michigan and Superior."
19064,19,true_false,exercise,19062,Lake Superior is the largest freshwater lake.,,true,,,Lake Superior is the largest freshwater lake in the world.
19065,19,select_blank,exercise,19062,Ontario's capital city is ___.,Toronto|Ottawa|Hamilton|Kingston,0,,,"Ontario's provincial capital is Toronto, also Canada's largest city."
19071,19,true_false,preview,19072,"Manitoba, Saskatchewan and Alberta are the Prairies.",,true,,,These three provinces together make up Canada's Prairie region.
19072,19,multiple_choice,main,,Which three provinces make up the Prairies?,"Manitoba,Saskatchewan,Alberta|Ontario,Quebec,Manitoba|B.C.,Alberta,Yukon|Manitoba,Ontario,Alberta",0,,,"Manitoba, Saskatchewan and Alberta are the three Prairie Provinces."
19073,19,multiple_choice,exercise,19072,Which province was called the world's breadbasket?,Saskatchewan|Manitoba|Alberta|Yukon,0,,,Saskatchewan was once known as the breadbasket of the world for its wheat production.
19074,19,true_false,exercise,19072,The Prairies have cold winters and hot summers.,,true,,,"The Prairie region is mostly dry, with cold winters and hot summers."
19075,19,select_blank,exercise,19072,Alberta is the most ___ Prairie province.,populous|northern|coastal|forested,0,,,Alberta is the most populous of the three Prairie Provinces.
19081,19,true_false,preview,19082,Victoria is the capital of British Columbia.,,true,,,Victoria is British Columbia's capital city and headquarters of the navy's Pacific fleet.
19082,19,multiple_choice,main,,What is the capital of British Columbia?,Victoria|Vancouver|Kelowna|Prince George,0,,,Victoria is the capital of British Columbia.
19083,19,multiple_choice,exercise,19082,Which city is Canada's busiest port?,Vancouver|Victoria|Halifax|Montreal,0,,,The Port of Vancouver is Canada's largest and busiest port.
19084,19,true_false,exercise,19082,British Columbia is Canada's westernmost province.,,true,,,British Columbia sits on the Pacific coast as Canada's westernmost province.
19085,19,select_blank,exercise,19082,Victoria hosts the navy's ___ fleet.,Pacific|Atlantic|Arctic|Great Lakes,0,,,Victoria is the capital of British Columbia and headquarters of the navy's Pacific fleet.
19091,19,true_false,preview,19092,King Charles III is Canada's Head of State.,,true,,,"Canada's Head of State is the hereditary Sovereign, currently King Charles III."
19092,19,multiple_choice,main,,Who is Canada's Head of State today?,Charles III|Prime Minister|Governor General|Chief Justice,0,,,"As a constitutional monarchy, Canada's Head of State is King Charles III."
19093,19,multiple_choice,exercise,19092,Who represents the Sovereign federally?,Governor General|Prime Minister|The Premier|The Speaker,0,,,"The Governor General is the representative of the Sovereign, King Charles III, at the federal level."
19094,19,true_false,exercise,19092,Canada is a constitutional monarchy.,,true,,,"Canada is a federal state, a parliamentary democracy, and a constitutional monarchy."
19095,19,select_blank,exercise,19092,The Sovereign's federal representative is the ___.,Governor General|Premier|Mayor|Chief Justice,0,,,The Governor General represents the Sovereign at the federal level in Canada.
19101,19,true_false,preview,19102,A province's head of government is the Premier.,,true,,,Each province's head of government holds the title of Premier.
19102,19,multiple_choice,main,,What is a province's head of government called?,Premier|Governor General|Mayor|Commissioner,0,,,The Head of Government of a province is the Premier.
19103,19,multiple_choice,exercise,19102,Who is like the PM in each province?,The Premier|Lieutenant Governor|The Mayor|The Speaker,0,,,"In each province, the Premier has a role similar to that of the Prime Minister federally."
19104,19,true_false,exercise,19102,Every province has its own Legislative Assembly.,,true,,,"Every province has its own elected Legislative Assembly, like the House of Commons federally."
19105,19,select_blank,exercise,19102,"In Quebec, legislature members are called ___.",MNAs|MPs|MPPs|Senators,0,,,"In Quebec, elected legislature members are called members of the National Assembly (MNAs)."
19111,19,true_false,preview,19112,Federal elections are held every four years.,,true,,,Federal law requires an election at least every four years.
19112,19,multiple_choice,main,,How often must federal elections be held?,4 years|2 years|5 years|6 years,0,,,"Under legislation passed by Parliament, federal elections must be held at least every four years."
19113,19,multiple_choice,exercise,19112,Which agency runs federal elections?,Elections Canada|Statistics Canada|The Senate|The Cabinet,0,,,Elections Canada produces the voters' lists and administers federal elections.
19114,19,true_false,exercise,19112,The PM may request an earlier election.,,true,,,The Prime Minister may ask the Governor General to call an earlier election than scheduled.
19115,19,select_blank,exercise,19112,Elections fall on the third ___ in October.,Monday|Friday|Tuesday|Sunday,0,,,"Federal elections must be held on the third Monday in October, unless called earlier."
19121,19,true_false,preview,19122,Bring your card and ID to vote.,,true,,,Voters should bring their voter information card and identification to the polling station.
19122,19,multiple_choice,main,,What should you bring to your polling station?,Card/ID|Only cash|Passport application|Nothing,0,,,Bring your voter information card and identification to your polling station.
19123,19,multiple_choice,exercise,19122,How do you mark a federal ballot?,Mark X|Sign name|Circle logo|Write name,0,,,Mark an X in the circle next to the name of the candidate of your choice.
19124,19,true_false,exercise,19122,Canadian law guarantees a secret ballot.,,true,,,"Canadian law guarantees a secret ballot, so no one can watch how you vote."
19125,19,select_blank,exercise,19122,You must be a Canadian ___ to vote federally.,citizen|resident|taxpayer|worker,0,,,"You must be a Canadian citizen, at least 18, and on the voters' list to vote federally."
19131,19,true_false,preview,19132,The Supreme Court is Canada's highest court.,,true,,,The Supreme Court of Canada sits above all other Canadian courts.
19132,19,multiple_choice,main,,What is Canada's highest court called?,Supreme Court|Federal Court|Provincial Court|Claims Court,0,,,The Supreme Court of Canada is the country's highest court.
19133,19,multiple_choice,exercise,19132,What does the Federal Court handle?,Federal matters|Family disputes|Traffic tickets|Local bylaws,0,,,The Federal Court of Canada deals with matters concerning the federal government.
19134,19,true_false,exercise,19132,Small claims courts handle small civil sums.,,true,,,Small claims courts handle civil cases involving small sums of money.
19135,19,select_blank,exercise,19132,Lady Justice symbolizes ___ justice.,impartial|political|royal|military,0,,,The blindfolded Lady Justice symbolizes the impartial manner in which Canada's laws are applied.
19141,19,true_false,preview,19142,An accused person is presumed innocent.,,true,,,Canada's judicial system presumes an accused person innocent until proven guilty.
19142,19,multiple_choice,main,,What is an accused presumed to be?,Innocent|Guilty|Suspicious|Unlawful,0,,,Canada's judicial system is founded on the presumption of innocence in criminal matters.
19143,19,multiple_choice,exercise,19142,Who enforces federal laws nationwide?,The RCMP|The Cabinet|The Senate|Governor General,0,,,The Royal Canadian Mounted Police (RCMP) enforce federal laws throughout Canada.
19144,19,true_false,exercise,19142,Canada's laws apply to police and politicians too.,,true,,,"The law in Canada applies to everyone, including judges, politicians and the police."
19145,19,select_blank,exercise,19142,Canada's system is based on presumption of ___.,innocence|guilt|suspicion|silence,0,,,Canada's judicial system is founded on the presumption of innocence in criminal matters.
19151,19,true_false,preview,19152,Canada's current flag was raised in 1965.,,true,,,The current maple leaf flag was first raised in 1965.
19152,19,multiple_choice,main,,When was Canada's current flag first raised?,1965|1921|1876|1948,0,,,A new Canadian flag was raised for the first time in 1965.
19153,19,multiple_choice,exercise,19152,What was Canada's flag before 1965?,Red Ensign|Union Jack|Quebec flag|Acadian flag,0,,,The Canadian Red Ensign served as the Canadian flag for about 100 years before 1965.
19154,19,true_false,exercise,19152,The flag's colours trace to the Royal Military College.,,true,,,"The flag's red-white-red pattern comes from the flag of the Royal Military College, Kingston."
19155,19,select_blank,exercise,19152,Canada's official Royal Flag is the ___.,Union Jack|Red Ensign|Quebec flag|Provincial flag,0,,,The Union Jack is Canada's official Royal Flag.
19161,19,true_false,preview,19162,God Save the King is Canada's Royal Anthem.,,true,,,"God Save the King is Canada's Royal Anthem, honouring the Sovereign."
19162,19,multiple_choice,main,,What is Canada's Royal Anthem called?,God-Save-the-King|O Canada|Maple-Leaf-Forever|La Marseillaise,0,,,"The Royal Anthem, God Save the King, can be played or sung to honour the Sovereign."
19163,19,multiple_choice,exercise,19162,When was O Canada proclaimed the anthem?,1980|1880|1921|1965,0,,,O Canada was proclaimed Canada's national anthem in 1980.
19164,19,true_false,exercise,19162,O Canada was first sung in Quebec City.,,true,,,O Canada was first sung in Quebec City in 1880.
19165,19,select_blank,exercise,19162,The Royal Anthem honours the ___.,Sovereign|Prime Minister|Governor General|Premier,0,,,"God Save the King, the Royal Anthem, honours the Sovereign."
19171,19,true_false,preview,19172,The maple leaf is Canada's best-known symbol.,,true,,,The maple leaf is the single most recognized symbol of Canada.
19172,19,multiple_choice,main,,What is Canada's best-known symbol?,Maple leaf|The beaver|The fleur-de-lys|The mace,0,,,The maple leaf is Canada's best-known symbol.
19173,19,multiple_choice,exercise,19172,Who first adopted the maple leaf?,French Canadians|British soldiers|Dutch settlers|Spanish explorers,0,,,Maple leaves were adopted as a symbol by French Canadians in the 1700s.
19174,19,true_false,exercise,19172,The maple leaf appears on Canadian coins.,,true,,,The maple leaf appears on the coats of arms of Canada and on Canadian coins.
19175,19,select_blank,exercise,19172,French Canadians adopted the maple leaf in the ___.,1700s|1800s|1900s|1600s,0,,,Maple leaves were adopted as a symbol by French Canadians in the 1700s.
19181,19,true_false,preview,19182,Canada enacted free trade with the U.S.A. in 1988.,,true,,,Canada enacted free trade with the United States in 1988.
19182,19,multiple_choice,main,,When did Canada enact free trade with the U.S.A.?,1988|1867|1994|2001,0,,,"In 1988, Canada enacted free trade with the United States."
19183,19,multiple_choice,exercise,19182,When did Mexico join NAFTA?,1994|1988|1867|2008,0,,,Mexico became a partner in the broader North American Free Trade Agreement in 1994.
19184,19,true_false,exercise,19182,The United States is Canada's largest trading partner.,,true,,,Canada and the United States are each other's largest trading partner.
19185,19,select_blank,exercise,19182,Canada and U.S.A. share the biggest ___ trading relationship.,bilateral|unilateral|regional|informal,0,,,Canada and the United States have the biggest bilateral trading relationship in the world.
19191,19,true_false,preview,19192,Over 75% of working Canadians have service jobs.,,true,,,More than 75% of working Canadians have jobs in service industries such as banking and health care.
19192,19,multiple_choice,main,,Which industries employ over 75% of Canadians?,Service industries|Manufacturing industries|Resources industries|Agricultural industries,0,,,More than 75% of working Canadians now have jobs in service industries.
19193,19,multiple_choice,exercise,19192,Which industries include forestry and mining?,Natural resources|Service industries|Manufacturing industries|Trade industries,0,,,"Natural resources industries include forestry, fishing, agriculture, mining and energy."
19194,19,true_false,exercise,19192,Canada is part of the G8 group.,,true,,,Canada is part of the G8 group of leading industrialized countries.
19195,19,select_blank,exercise,19192,Canada has one of the ___ largest economies.,ten|three|fifty|twenty,0,,,Canada has one of the ten largest economies in the world.
20001,20,true_false,preview,20002,Habeas corpus lets you challenge unlawful detention.,,true,,,
20002,20,multiple_choice,main,,Habeas corpus lets a person challenge what?,Detention|Election result|Tax bill|Parking ticket,0,,,Habeas corpus is an English common law right allowing someone to challenge unlawful detention by the state.
20003,20,multiple_choice,exercise,20002,Where does habeas corpus originate from?,English law|Roman law|Napoleonic code|Criminal Code,0,,,
20004,20,true_false,exercise,20002,Habeas corpus is one of the Charter's four fundamental freedoms.,,false,,,"It predates the 1982 Charter and comes from English common law, separate from the Charter's four fundamental freedoms."
20005,20,select_blank,exercise,20002,Habeas corpus comes from English ___ law.,common|criminal|civil|maritime,0,,,
20006,20,true_false,preview,20007,Mobility rights let Canadians live anywhere in Canada.,,true,,,
20007,20,multiple_choice,main,,Which right lets Canadians live anywhere in Canada?,Mobility rights|Legal rights|Equality rights|Democratic rights,0,,,"Mobility rights let Canadians live, work, and travel anywhere in the country."
20008,20,multiple_choice,exercise,20007,Mobility rights also let Canadians do what?,Leave/re-enter freely|Vote twice|Skip juries|Avoid taxes,0,,,
20009,20,true_false,exercise,20007,Mobility rights restrict Canadians to one province.,,false,,,
20010,20,select_blank,exercise,20007,Canadians can live and work ___ in Canada.,anywhere|nowhere|in Ottawa|in Toronto,0,,,
20011,20,true_false,preview,20012,Serving on a jury when called is a legal duty.,,true,,,
20012,20,multiple_choice,main,,What must citizens do when called for jury duty?,Serve|Decline|Pay fine|Appeal,0,,,Serving on a jury when called is a legally required responsibility of citizenship.
20013,20,multiple_choice,exercise,20012,Why is jury duty important in Canada?,Supports trials|Raises revenue|Elects judges|Funds elections,0,,,
20014,20,true_false,exercise,20012,Jury duty is entirely optional in Canada.,,false,,,
20015,20,select_blank,exercise,20012,Serving on a jury supports Canada's ___ system.,justice|banking|health|voting,0,,,
20016,20,true_false,preview,20017,Louis Riel led an uprising in 1869 over Metis rights.,,true,,,
20017,20,multiple_choice,main,,Why did Louis Riel lead an uprising in 1869?,Metis ignored|Taxes rose|Slavery reinstated|War/Britain,0,,,"When Canada took over the northwest in 1869, the Metis of the Red River were not consulted, so Louis Riel led an uprising."
20018,20,multiple_choice,exercise,20017,What fort did Riel seize in 1869?,Fort Garry|Fort Edmonton|Fort Victoria|Fort Calgary,0,,,
20019,20,true_false,exercise,20017,Manitoba became a province after the 1869 uprising.,,true,,,
20020,20,select_blank,exercise,20017,Riel fled to the ___ after the uprising.,United States|Britain|France|Quebec,0,,,
20021,20,true_false,preview,20022,Royal Canadian Navy fought in the Battle of the Atlantic.,,true,,,
20022,20,multiple_choice,main,,Which battle was the RCN's finest hour?,Atlantic battle|Britain battle|Vimy Ridge|Amiens battle,0,,,"The Royal Canadian Navy saw its finest hour in the Battle of the Atlantic, protecting convoys against German submarines."
20023,20,multiple_choice,exercise,20022,What did the RCN protect during the war?,Merchant convoys|Fishing boats|Troop trains|Air bases,0,,,
20024,20,true_false,exercise,20022,By war's end Canada had the world's third-largest navy.,,true,,,
20025,20,select_blank,exercise,20022,German ___ threatened Atlantic convoys.,submarines|battleships|bombers|tanks,0,,,
20026,20,true_false,preview,20027,General Sir Arthur Currie commanded the Canadian Corps in 1918.,,true,,,
20027,20,multiple_choice,main,,Who commanded the Canadian Corps in 1918?,Arthur Currie|Robert Borden|John Macdonald|Wilfrid Laurier,0,,,"In 1918, General Sir Arthur Currie, Canada's greatest soldier, commanded the Canadian Corps through the final hundred days of the war."
20028,20,multiple_choice,exercise,20027,Which battle began the Hundred Days offensive?,Amiens|Vimy Ridge|Ypres|Mons,0,,,
20029,20,true_false,exercise,20027,Sir Arthur Currie is remembered as Canada's greatest soldier.,,true,,,
20030,20,select_blank,exercise,20027,The Hundred Days offensive ended WW1 in ___.,1918|1917|1914|1945,0,,,
20031,20,true_false,preview,20032,Newfoundland was the oldest colony of the British Empire.,,true,,,
20032,20,multiple_choice,main,,Which was the oldest colony of the British Empire?,Newfoundland/Labrador|Nova Scotia|PEI|Quebec,0,,,Newfoundland and Labrador was the oldest colony of the British Empire and a strategic prize in Canada's early history.
20033,20,multiple_choice,exercise,20032,What industry is Newfoundland and Labrador known for?,Fisheries|Wheat farming|Diamond mining|Auto manufacturing,0,,,
20034,20,true_false,exercise,20032,Newfoundland and Labrador has its own time zone.,,true,,,
20035,20,select_blank,exercise,20032,Newfoundland/Labrador is North America's most ___ point.,easterly|westerly|northerly|southerly,0,,,
20036,20,true_false,preview,20037,Saskatchewan was once called the breadbasket of the world.,,true,,,
20037,20,multiple_choice,main,,What share of Canada's arable land is in Saskatchewan?,40%|10%|60%|25%,0,,,Saskatchewan has 40% of the arable land in Canada and is the country's largest producer of grains and oilseeds.
20038,20,multiple_choice,exercise,20037,Saskatchewan has rich uranium deposits and what else?,Potash|Copper|Diamonds|Silver,0,,,
20039,20,true_false,exercise,20037,Saskatchewan is Canada's largest producer of grains and oilseeds.,,true,,,
20040,20,select_blank,exercise,20037,"Saskatchewan's capital, ___, hosts the RCMP training academy.",Regina|Saskatoon|Moose Jaw|Prince Albert,0,,,
20041,20,true_false,preview,20042,The Mackenzie River is North America's second-longest river system.,,true,,,
20042,20,multiple_choice,main,,The Mackenzie River is North America's what?,2nd-longest river|Longest river|Widest river|Shortest river,0,,,"The Mackenzie River is 4,200 kilometres long, the second-longest river system in North America after the Mississippi."
20043,20,multiple_choice,exercise,20042,About how long is the Mackenzie River?,"4,200 km|400 km|42,000 km|1,800 km",0,,,
20044,20,true_false,exercise,20042,The Mackenzie River flows through the Northwest Territories.,,true,,,
20045,20,select_blank,exercise,20042,The Mackenzie is North America's ___ longest river.,second|third|longest|fourth,0,,,
20046,20,true_false,preview,20047,Senators are appointed rather than elected.,,true,,,
20047,20,multiple_choice,main,,Until what age do Canadian Senators typically serve?,75|65|80|70,0,,,Senators are appointed by the Governor General on the advice of the Prime Minister and serve until age 75.
20048,20,multiple_choice,exercise,20047,Who appoints Canada's Senators?,Governor General|Voters|Premier|Supreme Court,0,,,
20049,20,true_false,exercise,20047,Senators are appointed on the advice of the Prime Minister.,,true,,,
20050,20,select_blank,exercise,20047,Senators serve until age ___.,75|65|80|60,0,,,
20051,20,true_false,preview,20052,A bill needs Commons and Senate approval to become law.,,true,,,
20052,20,multiple_choice,main,,What must a bill receive to become law?,Royal assent|Senate veto|Municipal approval|A referendum,0,,,"No bill can become law until it has passed both chambers and received royal assent, granted by the Governor General on behalf of the Sovereign."
20053,20,multiple_choice,exercise,20052,Who grants royal assent on the Sovereign's behalf?,Governor General|Prime Minister|Chief Justice|Speaker,0,,,
20054,20,true_false,exercise,20052,A bill can become law without passing the Senate.,,false,,,
20055,20,select_blank,exercise,20052,A bill becomes law after chambers grant royal ___.,assent|veto|amendment|reading,0,,,
20056,20,true_false,preview,20057,"Canada's government has Executive, Legislative and Judicial branches.",,true,,,
20057,20,multiple_choice,main,,Which are Canada's three branches of government?,Executive/Legislative/Judicial|Federal/Provincial/Municipal|Commons/Senate/Cabinet|Crown/Parliament/Courts,0,,,"The three branches of government, Executive, Legislative and Judicial, work together to secure the rights and freedoms of Canadians."
20058,20,multiple_choice,exercise,20057,What does the Judicial branch include?,Supreme Court|Commons|Senate|Cabinet,0,,,
20059,20,true_false,exercise,20057,The three branches of government sometimes work in creative tension.,,true,,,
20060,20,select_blank,exercise,20057,The branches secure rights and ___ for Canadians.,freedoms|taxes|borders|currency,0,,,
20061,20,true_false,preview,20062,Federal elections must be held every four years.,,true,,,
20062,20,multiple_choice,main,,How often must federal elections be held by law?,4 years|2 years|5 years|6 years,0,,,"Under legislation passed by Parliament, federal elections must be held on the third Monday in October every four years."
20063,20,multiple_choice,exercise,20062,Which Monday in October is fixed election day?,Third Monday|First Monday|Second Monday|Fourth Monday,0,,,
20064,20,true_false,exercise,20062,The PM can ask the GG for an early election.,,true,,,
20065,20,select_blank,exercise,20062,Federal elections are held every ___ years by law.,four|two|three|six,0,,,
20066,20,true_false,preview,20067,The largest opposition party is called the Official Opposition.,,true,,,
20067,20,multiple_choice,main,,What is the largest opposition party called?,Official Opposition|The Cabinet|Senate majority|Privy Council,0,,,The opposition party with the most members of the House of Commons is the Official Opposition.
20068,20,multiple_choice,exercise,20067,What is the role of opposition parties in Parliament?,Oppose/improve laws|Block laws|Replace Cabinet|Civil service,0,,,
20069,20,true_false,exercise,20067,The Official Opposition is also called His Majesty's Loyal Opposition.,,true,,,
20070,20,select_blank,exercise,20067,Parties not in power are known as ___ parties.,opposition|majority|governing|Cabinet,0,,,
20071,20,true_false,preview,20072,An electoral district is also called a riding or constituency.,,true,,,
20072,20,multiple_choice,main,,What is another name for an electoral district?,Riding|Province|Territory|Ward,0,,,"An electoral district is a geographical area represented by one MP, also known as a riding or constituency."
20073,20,multiple_choice,exercise,20072,How many MPs does one electoral district elect?,One|Two|Three|Zero,0,,,
20074,20,true_false,exercise,20072,Canada is divided into hundreds of electoral districts.,,true,,,
20075,20,select_blank,exercise,20072,An electoral district is also known as ___.,constituency|province|ward|precinct,0,,,
20076,20,true_false,preview,20077,The Supreme Court of Canada is the country's highest court.,,true,,,
20077,20,multiple_choice,main,,What is the Supreme Court of Canada?,Highest court|Trial court|Traffic court|Police agency,0,,,The Supreme Court of Canada is our country's highest court.
20078,20,multiple_choice,exercise,20077,What does the Federal Court of Canada handle?,Federal matters|Family disputes|Traffic tickets|Local bylaws,0,,,
20079,20,true_false,exercise,20077,Every province's Supreme Court outranks Canada's Supreme Court.,,false,,,The Supreme Court of Canada is the country's single highest court; no provincial court outranks it.
20080,20,select_blank,exercise,20077,Canada's Supreme Court is the country's ___ court.,highest|newest|smallest|oldest,0,,,
20081,20,true_false,preview,20082,The RCMP enforces federal laws throughout Canada.,,true,,,
20082,20,multiple_choice,main,,What does the RCMP enforce across Canada?,Federal laws|Municipal bylaws|Provincial taxes|Traffic laws,0,,,"The Royal Canadian Mounted Police (RCMP) enforce federal laws throughout Canada, and serve as provincial police in most provinces."
20083,20,multiple_choice,exercise,20082,Which two provinces lack RCMP as provincial police?,Ontario/Quebec|Alberta/Manitoba|BC/Yukon|Nova Scotia/NB,0,,,
20084,20,true_false,exercise,20082,Ontario and Quebec each have their own provincial police force.,,true,,,
20085,20,select_blank,exercise,20082,The RCMP isn't provincial police in Ontario and ___.,Quebec|Alberta|Manitoba|Yukon,0,,,
20086,20,true_false,preview,20087,The beaver appears on Canada's five-cent coin.,,true,,,
20087,20,multiple_choice,main,,The beaver appears on which Canadian coin?,Five-cent coin|One-dollar coin|Quarter|Two-dollar coin,0,,,"The industrious beaver can be seen on the five-cent coin, and on the coats of arms of Saskatchewan and Alberta."
20088,20,multiple_choice,exercise,20087,Which company first adopted the beaver as a symbol?,Hudson's/Bay/Company|Canadian/Pacific/Railway|Bank/of/Canada|Royal/Canadian/Legion,0,,,
20089,20,true_false,exercise,20087,The beaver appears on Saskatchewan's coat of arms.,,true,,,
20090,20,select_blank,exercise,20087,The beaver can be seen on the ___-cent coin.,five|ten|twenty-five|one,0,,,
20091,20,true_false,preview,20092,Canada's national motto means 'from sea to sea.',,true,,,
20092,20,multiple_choice,main,,What is Canada's national motto?,A/mari/usque/ad/mare|E/pluribus/unum|In/God/We/Trust|Dieu/et/mon/droit,0,,,"Canada's national motto, A mari usque ad mare, means 'from sea to sea' in Latin."
20093,20,multiple_choice,exercise,20092,What does Canada's motto mean in English?,From/sea/to/sea|Peace/and/order|Strength/and/honour|United/we/stand,0,,,
20094,20,true_false,exercise,20092,Canada's motto is written in Latin.,,true,,,
20095,20,select_blank,exercise,20092,A/mari/usque/ad/mare means from ___ to sea.,sea|coast|shore|land,0,,,
20096,20,true_false,preview,20097,The United States is Canada's largest international trading partner.,,true,,,
20097,20,multiple_choice,main,,Which country is Canada's largest trading partner?,United States|Mexico|United Kingdom|China,0,,,"Canada and the United States are each other's largest trading partner, with the biggest bilateral trading relationship in the world."
20098,20,multiple_choice,exercise,20097,What group of industrialized countries does Canada belong to?,G8|G20|NATO|OECD only,0,,,
20099,20,true_false,exercise,20097,Canada and the U.S.A. have the world's biggest trading relationship.,,true,,,
20100,20,select_blank,exercise,20097,Over three-quarters of Canada's exports go to the ___.,U.S.A.|United Kingdom|European Union|Mexico,0,,,
21001,21,true_false,preview,21002,The Charter of Rights and Freedoms became law in 1982.,,true,,,
21002,21,multiple_choice,main,,When did the Charter take effect?,1982|1867|1215|1931,0,,,The Constitution of Canada was amended in 1982 to entrench the Charter of Rights and Freedoms.
21003,21,true_false,exercise,21002,The Charter is part of Canada's Constitution.,,true,,,
21004,21,multiple_choice,exercise,21002,What did Canada's Constitution gain in 1982?,The Charter|New flag|New anthem|New capital,0,,,
21005,21,select_blank,exercise,21002,The Charter was added to Canada's ___ in 1982.,Constitution|Criminal Code|Passport Act|Treaty,0,,,
21006,21,true_false,exercise,21002,The Magna Carta was signed in 1982.,,false,,,"Magna Carta was signed in England in 1215, not 1982."
21011,21,true_false,preview,21012,Canadian law treats men and women as equal.,,true,,,
21012,21,multiple_choice,main,,How does Canadian law treat men and women?,Fully equal|Unequal|Separate classes|Optional equals,0,,,"Canadian law treats men and women as fully equal, and criminal law punishes gender-based violence severely."
21013,21,true_false,exercise,21012,Canada's criminal laws punish spousal abuse severely.,,true,,,
21014,21,multiple_choice,exercise,21012,Which practice does Canadian law punish severely?,Forced marriage|Voting|Marriage|Travel,0,,,
21015,21,select_blank,exercise,21012,Canada's openness does not extend to ___ cultural practices.,barbaric|diverse|modern|foreign,0,,,
21016,21,true_false,exercise,21012,Gender-based violence is tolerated under Canadian law.,,false,,,
21021,21,true_false,preview,21022,Official Language Rights give equal status to French and English.,,true,,,
21022,21,multiple_choice,main,,What do Official Language Rights guarantee?,English/French equal|All-languages equal|English only|French only,0,,,Official Language Rights give French and English equal status throughout the Canadian government.
21023,21,true_false,exercise,21022,Official Language Rights apply throughout the Canadian government.,,true,,,
21024,21,multiple_choice,exercise,21022,Minority Language Educational Rights mainly concern what?,Minority schooling|Passport fees|Jury selection|Border crossing,0,,,
21025,21,select_blank,exercise,21022,Canada's two official languages are French and ___.,English|Spanish|Mandarin|German,0,,,
21026,21,true_false,exercise,21022,English and French have equal status only in Quebec.,,false,,,
21031,21,true_false,preview,21032,By 1918 most Canadian women could vote federally.,,true,,,
21032,21,multiple_choice,main,,By what year could most Canadian women vote federally?,1918|1867|1940|1921,0,,,"In 1918, most Canadian female citizens aged 21 and over were granted the right to vote in federal elections."
21033,21,true_false,exercise,21032,Manitoba became the first province to grant women the vote.,,true,,,
21034,21,multiple_choice,exercise,21032,Who founded the women's suffrage movement in Canada?,Emily Stowe|Agnes Macphail|Thérèse Casgrain|Nellie McClung,0,,,"Dr. Emily Stowe, the first Canadian woman to practise medicine, founded the suffrage movement."
21035,21,select_blank,exercise,21032,"In 1917, front-line ___ voted first federally.",nurses|teachers|farmers|widows,0,,,
21036,21,multiple_choice,exercise,21032,Who became Canada's first woman MP in 1921?,Agnes Macphail|Emily Stowe|Thérèse Casgrain|Nellie McClung,0,,,
21041,21,true_false,preview,21042,Canada captured Vimy Ridge in 1917.,,true,,,
21042,21,multiple_choice,main,,In what year did Canada capture Vimy Ridge?,1917|1914|1918|1812,0,,,The Canadian Corps captured Vimy Ridge in April 1917 during the First World War.
21043,21,true_false,exercise,21042,"About 10,000 Canadians were killed or wounded at Vimy Ridge.",,true,,,
21044,21,multiple_choice,exercise,21042,What day marks the Vimy Ridge anniversary?,April 9|July 1|November 11|June 6,0,,,
21045,21,select_blank,exercise,21042,Canadians earned the nickname ___ troops after Vimy.,shock|royal|elite|reserve,0,,,
21046,21,multiple_choice,exercise,21042,Vimy Ridge was fought during which war?,WWI|WWII|Boer War|1812 War,0,,,
21051,21,true_false,preview,21052,Canadian troops captured Juno Beach on D-Day in 1944.,,true,,,
21052,21,multiple_choice,main,,On what date did Canadians storm Juno Beach?,6/6/1944|11/11/1918|5/8/1945|4/9/1917,0,,,"On June 6, 1944, D-Day, Canadian troops stormed and captured Juno Beach in Normandy."
21053,21,true_false,exercise,21052,"About 15,000 Canadian troops took part in the D-Day invasion.",,true,,,
21054,21,multiple_choice,exercise,21052,D-Day was the Allied invasion of which region?,Normandy|Sicily|Poland|Netherlands,0,,,
21055,21,select_blank,exercise,21052,Canadian troops captured ___ Beach on D-Day.,Juno|Omaha|Utah|Gold,0,,,
21056,21,multiple_choice,exercise,21052,Whose army did Canadians fight at Juno Beach?,Germany|Italy|Japan|France,0,,,
21061,21,true_false,preview,21062,Prince Edward Island is Canada's smallest province.,,true,,,
21062,21,multiple_choice,main,,Which province is Canada's smallest by area?,P.E.I.|Nova Scotia|New Brunswick|Newfoundland,0,,,Prince Edward Island is Canada's smallest province and the birthplace of Confederation.
21063,21,true_false,exercise,21062,P.E.I. is known for red soil and potatoes.,,true,,,
21064,21,multiple_choice,exercise,21062,P.E.I. is called the birthplace of what?,Confederation|the RCMP|the flag|the anthem,0,,,
21065,21,select_blank,exercise,21062,P.E.I. links to the mainland by the ___ Bridge.,Confederation|Peace|Rainbow|Ambassador,0,,,
21066,21,multiple_choice,exercise,21062,Which novel is set in Prince Edward Island?,Anne/of/Green/Gables|Stone Angel|Life/of/Pi|Fifth Business,0,,,
21071,21,true_false,preview,21072,The Bay of Fundy has the world's highest tides.,,true,,,
21072,21,multiple_choice,main,,Which body of water has the world's highest tides?,Bay/of/Fundy|Hudson Bay|Georgian Bay|James Bay,0,,,Nova Scotia is known for the world's highest tides in the Bay of Fundy.
21073,21,true_false,exercise,21072,The Bay of Fundy is in Nova Scotia.,,true,,,
21074,21,multiple_choice,exercise,21072,What natural feature is Nova Scotia famous for?,Fundy tides|Rocky Mountains|Niagara Falls|Great Lakes,0,,,
21075,21,select_blank,exercise,21072,The Bay of Fundy has the world's highest ___.,tides|waterfalls|waves|glaciers,0,,,
21076,21,multiple_choice,exercise,21072,Nova Scotia's identity is closely linked to which industries?,Shipbuilding/fisheries|Automobile manufacturing|Diamond mining|Wheat farming,0,,,
21081,21,true_false,preview,21082,Iqaluit is the capital of Nunavut.,,true,,,
21082,21,multiple_choice,main,,What is the capital of Nunavut?,Iqaluit|Whitehorse|Yellowknife|Rankin Inlet,0,,,"Nunavut's capital is Iqaluit, formerly called Frobisher Bay."
21083,21,true_false,exercise,21082,Nunavut was established as a territory in 1999.,,true,,,
21084,21,multiple_choice,exercise,21082,About what share of Nunavut's population is Inuit?,About 85%|About 25%|About 50%|About 10%,0,,,
21085,21,select_blank,exercise,21082,Nunavut means our land in the ___ language.,Inuktitut|Michif|Dene|Cree,0,,,
21086,21,multiple_choice,exercise,21082,The three territories cover how much of Canada's land?,One-third|One-tenth|Half|Two-thirds,0,,,
21091,21,true_false,preview,21092,Cabinet ministers must keep the confidence of the House.,,true,,,
21092,21,multiple_choice,main,,What must Cabinet ministers keep to remain in office?,House confidence|Senate approval|Media support|Royal favour,0,,,Cabinet ministers must retain the confidence of the House and resign if defeated in a non-confidence vote.
21093,21,true_false,exercise,21092,A Cabinet must resign if defeated in a non-confidence vote.,,true,,,
21094,21,multiple_choice,exercise,21092,Who chooses Canada's Cabinet ministers?,Prime Minister|Governor General|The Senate|The Sovereign,0,,,
21095,21,select_blank,exercise,21092,Cabinet ministers must retain the ___ of the House.,confidence|silence|majority|budget,0,,,
21096,21,multiple_choice,exercise,21092,What happens if Cabinet loses a non-confidence vote?,Must resign|Nothing happens|Senate dissolves|GG resigns,0,,,
21101,21,true_false,preview,21102,The Governor General represents the Sovereign in Canada.,,true,,,
21102,21,multiple_choice,main,,Who represents the Sovereign in Canada?,Governor General|Prime Minister|Chief Justice|Speaker,0,,,The Governor General represents the Sovereign in Canada and is appointed on the Prime Minister's advice.
21103,21,true_false,exercise,21102,The Governor General is appointed on the PM's advice.,,true,,,
21104,21,multiple_choice,exercise,21102,Who represents the Sovereign in each province?,Lieutenant Governor|Premier|Mayor|Commissioner,0,,,
21105,21,select_blank,exercise,21102,A bill becomes law after GG's royal ___.,assent|veto|amendment|reading,0,,,
21106,21,multiple_choice,exercise,21102,About how long does a Governor General usually serve?,Five years|One year|Ten years|Twenty years,0,,,
21111,21,true_false,preview,21112,The Supreme Court is not one of Parliament's three parts.,,true,,,
21112,21,multiple_choice,main,,Which body is NOT part of Parliament?,Supreme Court|Sovereign|Senate|House/of/Commons,0,,,"Parliament has three parts: the Sovereign, the Senate and the House of Commons. The Supreme Court is separate, part of the Judicial branch."
21113,21,true_false,exercise,21112,Parliament has three parts.,,true,,,
21114,21,multiple_choice,exercise,21112,Which is one of Parliament's three parts?,The Senate|The Cabinet|The Premier|The RCMP,0,,,
21115,21,select_blank,exercise,21112,"Parliament's parts include the Sovereign, Senate, House of ___.",Commons|Lords|Assembly|Cabinet,0,,,
21116,21,multiple_choice,exercise,21112,Who is a non-partisan focus of allegiance in Parliament?,The Sovereign|The Speaker|The Premier|The Mayor,0,,,
21121,21,true_false,preview,21122,Canadian law secures the right to a secret ballot.,,true,,,
21122,21,multiple_choice,main,,What does Canadian law guarantee about voting?,Secret ballot|Public count|Mandatory disclosure|Group voting,0,,,Canadian law secures the right to a secret ballot — no one can watch you vote or require you to reveal your choice.
21123,21,true_false,exercise,21122,Your employer can insist you reveal how you voted.,,false,,,
21124,21,multiple_choice,exercise,21122,How do you mark your federal ballot?,Mark X|Sign name|Circle logo|Write name,0,,,
21125,21,select_blank,exercise,21122,You mark an ___ next to your chosen candidate.,X|O|check mark|star,0,,,
21126,21,multiple_choice,exercise,21122,Where can you check federal election results?,TV/elections.ca|In Parliament|By phone|Next-day mail,0,,,
21131,21,true_false,preview,21132,You must be 18 or older to vote federally.,,true,,,
21132,21,multiple_choice,main,,At what age can Canadian citizens vote federally?,18|16|21|19,0,,,"Canadians who are Canadian citizens, at least 18, and on the voters' list are eligible to vote federally."
21133,21,true_false,exercise,21132,You must be on the voters' list to vote.,,true,,,
21134,21,multiple_choice,exercise,21132,Which agency produces Canada's federal voters' lists?,Elections Canada|Statistics Canada|The Cabinet|The Senate,0,,,
21135,21,select_blank,exercise,21132,To vote federally you must be at least ___.,18|16|19|21,0,,,
21136,21,multiple_choice,exercise,21132,What must be true to vote federally?,Canadian citizen|Property owner|Taxpayer|Passport holder,0,,,
21141,21,true_false,preview,21142,The Canada-U.S.A. border is called the world's longest undefended border.,,true,,,
21142,21,multiple_choice,main,,How is the Canada-U.S.A. border traditionally described?,Longest/undefended border|Busiest border|Oldest border|Shortest border,0,,,The Canada-U.S.A. border is traditionally known as the world's longest undefended border.
21143,21,true_false,exercise,21142,Canada and the U.S.A. share the biggest bilateral trade.,,true,,,
21144,21,multiple_choice,exercise,21142,"What symbolizes close Canada-U.S.A. ties at Blaine, Washington?",Peace Arch|CN Tower|Parliament Hill|Peace Tower,0,,,
21145,21,select_blank,exercise,21142,Canada enacted free trade with the U.S. in ___.,1988|1994|1867|1931,0,,,
21146,21,multiple_choice,exercise,21142,Which 1994 agreement added Mexico as trade partner?,NAFTA|the G8|the Commonwealth|the OECD,0,,,
21151,21,true_false,preview,21152,Due process means government must respect legal rights.,,true,,,
21152,21,multiple_choice,main,,What must government respect under due process?,Legal rights|Media opinion|Election results|Public protests,0,,,Due process is the principle that government must respect all the legal rights a person is entitled to under the law.
21153,21,true_false,exercise,21152,Due process applies to everyone under Canadian law.,,true,,,
21154,21,multiple_choice,exercise,21152,What symbolizes impartial Canadian justice?,Blindfolded Justice|Peace Tower|The Mace|Maple leaf,0,,,
21155,21,select_blank,exercise,21152,Due process protects a person's legal ___.,rights|salary|opinions|property,0,,,
21156,21,multiple_choice,exercise,21152,Which principle is part of Canada's legal heritage?,Rule/of/law|Royal decree|Military command|Church law,0,,,
21161,21,true_false,preview,21162,Legal aid helps people who cannot afford a lawyer.,,true,,,
21162,21,multiple_choice,main,,What are legal aid services for?,Affording lawyers|Replacing judges|Training police|Funding elections,0,,,"If you cannot pay for a lawyer, most communities have legal aid services free of charge or at a low cost."
21163,21,true_false,exercise,21162,Legal aid is free or low cost.,,true,,,
21164,21,multiple_choice,exercise,21162,Where can you find legal aid services?,Most communities|Only online|Only Ottawa|Only Parliament,0,,,
21165,21,select_blank,exercise,21162,Legal aid services exist in most ___.,communities|courts|prisons|elections,0,,,
21166,21,multiple_choice,exercise,21162,What can lawyers do for you in Canada?,Represent you|Enforce laws|Write laws|Arrest suspects,0,,,
21171,21,true_false,preview,21172,Hockey is considered Canada's national winter sport.,,true,,,
21172,21,multiple_choice,main,,What is considered Canada's national winter sport?,Ice hockey|Curling|Skiing|Lacrosse,0,,,"Hockey is Canada's most popular spectator sport and is considered the national winter sport, developed in Canada in the 1800s."
21173,21,true_false,exercise,21172,Ice hockey was developed in Canada in the 1800s.,,true,,,
21174,21,multiple_choice,exercise,21172,Who donated the Stanley Cup?,Lord Stanley|Queen Victoria|John Macdonald|Adrienne Clarkson,0,,,
21175,21,select_blank,exercise,21172,Hockey is Canada's most popular ___ sport.,spectator|banned|foreign|summer,0,,,
21176,21,multiple_choice,exercise,21172,Which sport is Canada's official summer sport?,Lacrosse|Soccer|Baseball|Tennis,0,,,
21181,21,true_false,preview,21182,The Victoria Cross is the highest honour available to Canadians.,,true,,,
21182,21,multiple_choice,main,,What is the Victoria Cross?,Bravery honour|Hockey trophy|Citizenship exam|Coin design,0,,,"The Victoria Cross is the highest honour available to Canadians, awarded for conspicuous bravery."
21183,21,true_false,exercise,21182,The Order of Canada began in 1967.,,true,,,
21184,21,multiple_choice,exercise,21182,Which animal is Canada's industrious national symbol?,Beaver|Lion|Eagle|Wolf,0,,,
21185,21,select_blank,exercise,21182,The beaver appears on Canada's ___-cent coin.,five|ten|twenty-five|one,0,,,
21186,21,multiple_choice,exercise,21182,What is Canada's national motto?,A/mari/usque/ad/mare|E/pluribus/unum|In/God/We/Trust|Dieu/et/mon/droit,0,,,
21191,21,true_false,preview,21192,Canada's economy includes three main types of industries.,,true,,,
21192,21,multiple_choice,main,,How many main industry types does Canada have?,Three|Two|Five|Four,0,,,"Canada's economy includes three main types of industries: service, manufacturing, and natural resources."
21193,21,true_false,exercise,21192,Service industries include jobs like banking and health care.,,true,,,
21194,21,multiple_choice,exercise,21192,Which industries make products like automobiles and machinery?,Manufacturing industries|Service industries|Resource industries|Government industries,0,,,
21195,21,select_blank,exercise,21192,"Natural resources industries include forestry, fishing and ___.",mining|banking|tourism|government,0,,,
21196,21,multiple_choice,exercise,21192,Which is one of Canada's three main industry types?,Natural resources|Space technology|Film production|Airline services,0,,,
